timestep,ep_reward,ep_length
28,3.2923331,7
40,0.6433333,10
60,6.2750006,15
80,-3.8990002,13
92,2.1410005,23
116,1.5063335,9
120,3.0483327,15
124,2.6626666,8
132,12.42767,23
136,-0.09833342,5
148,1.0586667,6
152,0.18499982,5
156,24.945,5
176,0.90800035,14
200,-0.8846667,6
204,0.7176666,13
208,-1.0356667,13
236,0.9173331,22
252,6.0609994,13
272,0.87500024,5
312,8.542,26
332,-2.735,5
360,0.24899983,7
364,7.2873344,32
416,7.712,36
440,7.3263345,19
468,27.191,13
488,-0.3083334,5
492,4.327666,13
512,-0.4283334,5
540,1.8910002,13
540,27.192333,7
596,34.28266,98
612,22.230997,63
640,2.2269998,11
648,11.999001,27
668,2.1913338,14
668,3.2089999,7
704,-2.787,9
708,3.1266668,10
744,0.71333325,10
780,4.033,9
804,-0.6646664,6
816,20.617334,42
892,2.1673334,22
900,5.5836678,21
920,-0.20833337,5
920,-4.1276665,7
952,41.407658,103
1032,12.626665,20
1068,7.0556674,37
1072,13.226001,38
1084,1.6110001,13
1116,16.804,102
1236,34.756668,30
1340,23.35133,64
1356,16.453667,71
1368,4.4776673,33
1376,0.54166675,5
1396,3.0413332,14
1400,32.560997,83
1420,-0.013000011,11
1428,-1.0183334,15
1444,-1.7913334,6
1448,2.7883334,5
1468,-0.95799994,6
1468,-2.9973333,18
1500,4.227667,13
1512,4.130334,11
1520,9.73667,30
1588,6.0473337,22
1592,9.376667,20
1616,0.9890001,7
1652,3.7776673,33
1700,3.492333,27
1736,2.533,9
1740,21.646,68
1744,10.507335,32
1760,11.829001,27
1760,-2.2516668,5
1780,-1.2850001,5
1800,0.8533335,10
1804,3.3050003,15
1812,-0.14733338,8
1824,-1.1316667,5
1828,-1.8043333,7
1864,-3.5656667,13
1864,-0.6903333,9
1880,0.61466694,14
1884,-3.7916665,5
1924,-0.86966634,11
1960,8.711333,24
2008,7.9970016,21
2048,-1.6966667,10
2052,14.9140005,42
2088,13.137336,32
2108,2.2616668,15
2120,0.3759998,8
2140,-1.5416667,5
2148,7.9146686,24
2148,29.29433,103
2152,-4.2596664,11
2172,0.8260002,8
2176,4.8489995,7
2204,0.2926668,8
2212,-0.31366646,9
2256,2.674333,13
2276,9.237002,31
2276,4.853999,32
2292,-3.6636667,9
2312,4.3963337,9
2364,7.0239997,22
2396,8.675335,46
2404,3.2533338,10
2448,-3.7996666,11
2480,25.562332,47
2496,-1.2659999,12
2512,12.303001,29
2512,3.4326668,8
2524,4.005667,7
2576,24.985329,66
2596,-2.2983334,5
2640,9.316334,29
2680,-2.49,10
2704,-0.9046668,6
2728,10.281001,33
2756,23.983667,61
2772,-1.1029999,11
2884,14.904327,93
2900,17.055334,36
2912,-1.301,7
2916,31.814339,53
2920,-0.44166663,5
2924,5.3960023,38
2960,-0.78633344,11
2964,-2.8523333,13
3000,0.5700002,20
3012,10.260668,22
3056,4.921333,14
3068,11.359,27
3080,2.4653335,6
3108,-3.4643335,7
3144,14.283002,19
3156,3.6873336,12
3164,9.619333,38
3192,-0.30366683,9
3208,26.306995,61
3224,1.0083334,15
3276,1.2543334,13
3288,22.878668,36
3304,11.337999,24
3356,1.0176665,13
3360,26.030666,42
3380,9.572001,26
3388,-0.6876668,7
3444,8.114667,14
3464,3.4169998,21
3468,-0.94799995,6
3488,3.198667,6
3492,20.250338,51
3512,4.8270006,11
3548,6.808334,15
3564,0.55099976,13
3572,0.7566664,20
3576,-1.7843333,7
3592,2.045,5
3596,-0.16166663,5
3612,20.231337,64
3616,-3.7083335,5
3640,4.385667,7
3648,2.7179995,14
3656,7.1243343,23
3688,4.2573338,12
3692,3.2429998,9
3716,3.119001,17
3740,7.570335,31
3748,0.98600006,8
3784,2.9536667,11
3784,-3.1303334,9
3792,10.555,25
3812,-4.675,5
3824,4.1746683,34
3852,4.542333,7
3872,4.7450004,5
3904,8.420001,30
3916,5.091003,33
3916,2.297,11
3936,-1.0116665,5
3960,-1.7263331,11
3996,2.6143332,23
4008,6.3293347,18
4028,15.078001,54
4036,0.106333375,19
4044,1.1596668,9
4052,0.4286667,6
4060,-1.0346668,16
4088,-1.2509999,7
4148,2.738333,15
4156,6.7119985,26
4192,12.866337,39
4260,0.8020003,26
4300,6.792335,27
4308,1.8606666,12
4352,17.013666,51
4372,-1.865,5
4408,5.195,25
4440,5.1289997,17
4452,2.587,11
4480,1.8756664,7
4492,24.923996,112
4512,-2.3183331,5
4580,12.255003,35
4628,9.203,29
4660,3.4200006,20
4676,-0.16933346,12
4688,4.6556664,7
4700,-2.2879999,6
4708,-1.1516666,5
4720,-0.11833334,5
4756,-2.237,9
4832,6.739666,19
4876,1.427,11
4900,9.363331,150
4928,2.2216666,55
4936,6.086333,9
4940,42.538326,115
4964,-2.3236666,9
4988,11.402668,28
4996,0.87800014,14
4996,-0.23166667,15
5016,5.681,13
5024,0.3123331,7
5032,-1.993,11
5048,26.638666,6
5076,-3.2643332,7
5080,5.7719994,16
5084,7.050668,22
5096,-1.9516668,5
5112,-0.42733312,8
5132,2.4149997,5
5152,-0.5253333,14
5152,5.853334,30
5200,3.4539995,12
5200,-0.2709999,17
5228,-0.421,7
5276,1.8463333,19
5328,18.413666,61
5336,2.2683334,15
5348,5.893333,30
5356,25.418333,5
5380,13.565667,57
5388,-2.543333,10
5408,5.396666,20
5420,3.4486666,16
5452,1.6086664,16
5456,-3.8569999,9
5484,-1.8010001,7
5504,2.111,13
5516,7.4946675,34
5564,4.2506676,12
5584,-2.5316665,5
5584,0.8533337,20
5592,2.4390001,27
5620,0.19566655,7
5656,0.97933304,18
5672,3.6376672,13
5676,0.5743331,23
5692,3.6596665,9
5696,1.9086666,6
5704,39.904675,74
5732,-0.30700004,9
5740,3.0673332,12
5744,3.532334,17
5756,-1.8446667,6
5780,7.689667,19
5828,2.5473332,22
5848,-1.0550001,5
5852,5.3146667,24
5888,-0.69033337,9
5892,0.0836668,11
5908,-0.07833326,5
5932,16.842335,47
5964,0.7013335,14
5992,0.81233335,7
6008,26.622332,57
6012,-3.9083333,5
6036,-1.451,7
6064,3.387667,13
6064,-2.3409998,7
6104,4.3976665,43
6136,-2.264,18
6152,34.454998,65
6156,8.267668,23
6188,-4.793667,9
6220,8.632999,29
6248,6.9659996,28
6256,4.4329996,9
6272,12.649668,29
6272,21.057001,21
6284,3.8423328,7
6312,-1.1443332,7
6312,-2.7066667,10
6356,10.693666,21
6360,12.759334,28
6388,1.6456667,7
6420,1.5956669,27
6436,1.4206667,12
6440,10.277001,21
6460,17.24567,37
6560,-5.048333,25
6580,2.3266668,40
6584,12.572338,37
6616,12.241333,14
6636,3.1143336,13
6644,-5.247667,7
6664,6.4303327,21
6664,-1.5376667,7
6668,0.0020000935,6
6688,-1.1316667,5
6740,1.8996665,19
6756,5.361,23
6776,6.624,22
6796,0.11166656,5
6804,-1.4726665,12
6804,2.7520006,16
6820,27.821665,95
6872,3.8223333,17
6896,2.3683336,25
6900,3.2523332,7
6916,12.059337,28
6932,0.85633326,9
6960,-1.4563333,11
7020,5.760668,22
7032,4.3060007,18
7032,23.181004,53
7056,0.6563333,9
7092,-0.123666525,9
7096,2.3286667,16
7116,6.270334,21
7120,2.1723335,7
7172,1.642667,68
7184,-1.3410001,17
7228,-0.9763333,11
7256,-1.0143334,7
7272,13.424669,44
7276,-0.245,5
7296,15.631336,44
7364,0.33233345,17
7372,5.491333,24
7392,12.150002,30
7436,-0.13799989,16
7472,0.7396667,9
7476,4.163667,21
7484,19.046003,78
7520,4.407,11
7524,2.941,13
7540,-0.5816667,5
7588,18.668665,56
7588,-1.9046667,16
7600,0.7263329,29
7628,5.1640005,22
7676,3.0106657,22
7680,7.163334,20
7684,9.568,24
7708,0.93233347,7
7720,3.0910003,23
7740,5.975333,16
7780,3.356667,10
7780,4.7746663,24
7788,-1.7043332,17
7860,2.3399997,20
7880,-2.3316665,5
7900,15.41,30
7928,11.285003,55
7932,27.992666,8
7964,0.66933334,8
8000,-2.9903333,9
8012,-1.6596668,21
8056,-2.173,11
8060,20.722668,68
8060,-1.5783336,15
8084,3.2120001,6
8096,2.3933337,10
8136,-1.0103333,19
8172,0.089666605,9
8200,-0.26366666,29
8236,0.078666806,16
8244,11.999004,37
8256,-0.5483334,5
8264,-2.2816665,5
8288,3.8026667,8
8296,0.086000085,8
8304,4.301999,26
8316,2.7150002,5
8324,-3.8903334,9
8416,4.0426674,28
8424,21.148333,25
8460,19.808664,36
8484,5.2056665,17
8484,2.8216662,15
8564,4.2733316,20
8588,16.117332,32
8616,-1.469,13
8624,7.6430006,9
8660,3.579667,9
8680,87.61668,200
8700,0.50500005,5
8752,7.6276674,23
8760,27.953001,69
8760,2.215,15
8776,8.18,40
8796,-1.0036668,9
8812,7.8250003,15
8820,-1.3646667,6
8844,11.472335,17
8880,29.481667,15
8884,9.340336,31
8908,4.2556667,7
8956,4.882667,18
8960,8.206334,29
9036,19.597336,32
9052,1.697667,23
9072,0.76833326,5
9088,2.7076669,13
9116,-2.0276666,7
9116,5.2770004,11
9124,23.56266,78
9140,18.062002,46
9144,-0.0710001,7
9152,-1.551,7
9156,-2.1533332,10
9176,2.195,5
9176,-1.6470002,9
9200,3.3180003,14
9220,5.3756666,17
9240,6.6166673,10
9260,-0.57500017,5
9260,5.923334,10
9296,2.1996667,9
9300,4.4733334,10
9336,-1.9569999,9
9356,4.8149996,45
9368,5.6493335,18
9384,0.6306665,12
9396,-2.2543333,7
9400,-0.8596667,11
9416,26.619333,8
9428,2.9359999,8
9440,16.641998,66
9456,5.221333,14
9468,5.472334,7
9476,1.8183336,15
9492,9.608667,16
9524,-0.26933336,12
9548,2.8646667,14
9556,1.8759999,8
9572,10.365333,26
9576,-1.385,5
9576,1.9923334,7
9592,8.508003,34
9620,-3.4343333,7
9636,2.2450004,15
9664,1.1903334,11
9704,-3.7326663,32
9708,7.778002,34
9708,8.900333,11
9740,-1.8973334,8
9788,24.066,38
9808,3.4816666,5
9812,14.542335,27
9856,6.2040014,12
9868,8.677335,32
9876,45.557335,42
9896,-0.32833314,5
9920,4.9609995,13
9944,9.930667,22
9944,-1.7113333,6
10012,5.8689995,17
10024,1.7233336,20
10056,28.450333,61
10056,12.496672,40
10100,10.342999,19
10104,11.1640005,12
10120,0.004999876,5
10120,4.3886666,16
10136,-1.6006668,8
10140,-0.86833334,5
10164,7.870334,11
10168,1.3323336,7
10192,2.1253338,6
10292,60.120003,70
10320,16.644005,32
10324,12.378999,47
10332,14.304004,42
10360,1.6856666,7
10420,13.391667,15
10432,7.351667,35
10432,10.072668,28
10432,13.565666,27
10464,0.56366634,11
10508,15.996334,19
10536,1.0723331,7
10572,-4.207,9
10580,3.5889997,37
10612,-3.6633334,10
10616,1.8659993,38
10640,36.905,15
10664,3.1220002,6
10700,31.075666,67
10716,17.568335,25
10744,10.5843315,33
10744,7.2633333,20
10764,28.818666,16
10772,1.5423334,7
10776,0.26833344,15
10792,-2.081,7
10816,3.6953332,6
10816,1.7403333,11
10820,4.703667,11
10860,28.240334,11
10880,-1.8983333,5
10884,2.6956666,17
10920,0.45633328,9
10924,8.803667,11
10940,7.2033315,30
10952,8.242667,8
10956,1.1560001,8
10972,1.7850001,5
10980,1.9766666,10
10992,19.690666,62
11016,2.3616662,15
11016,-1.113,11
11028,0.31400037,12
11036,0.15499997,5
11080,2.7220001,16
11092,1.0616665,25
11096,-2.0376668,17
11128,10.304332,23
11140,4.9836664,11
11144,2.8876667,13
11148,3.7416663,5
11180,7.424999,25
11192,25.167,11
11220,3.729667,19
11224,11.040335,21
11232,25.756666,10
11244,0.41166687,5
11256,7.0863333,19
11264,-2.1496668,11
11304,5.8066664,10
11336,11.857668,23
11356,6.2009997,13
11376,4.623334,10
11416,6.995,15
11424,15.014,42
11432,8.373334,50
11468,1.7836666,11
11512,-3.383,11
11548,32.333,9
11556,9.260334,31
11576,-0.60766673,7
11600,8.535337,46
11636,11.658333,15
11644,4.8236666,11
11664,-0.14766666,7
11688,10.350334,11
11704,5.156666,10
11712,2.8019998,6
11764,18.937332,52
11776,4.3653336,16
11780,46.88699,101
11808,-1.3609998,7
11828,0.30433345,13
11836,8.506001,18
11840,20.764664,34
11848,-2.9016666,5
11852,3.1836665,11
11892,-1.7089999,13
11920,36.689335,18
11992,11.475,25
12000,9.220335,41
12032,21.201666,45
12052,1.8143338,13
12056,0.96533304,16
12060,-0.010999918,7
12080,-0.9916667,5
12080,28.673332,40
12108,3.2089999,7
12120,12.249001,17
12120,-2.2733335,10
12128,-1.3183334,5
12140,4.665,5
12164,9.269667,9
12176,-0.84866667,14
12184,1.4083333,5
12188,33.887333,12
12216,2.3990002,7
12220,-2.3763332,11
12272,22.17133,54
12292,3.7329998,19
12304,7.830334,21
12320,27.159,7
12352,2.0493336,8
12384,-1.9473333,8
12456,15.402002,46
12484,13.011668,25
12516,0.085000515,15
12540,26.056332,59
12552,-1.8736668,9
12560,9.471331,94
12600,3.3339996,12
12628,3.7906666,22
12640,0.8800001,20
12688,9.447,51
12720,5.5843334,23
12732,7.8809996,23
12756,17.973,39
12760,1.6266665,10
12808,29.251,13
12812,15.467001,31
12828,5.949001,17
12844,39.632668,28
12872,2.942333,7
12892,0.08166647,5
12908,2.813333,20
12948,15.471668,35
12956,4.9873333,12
12976,-1.2043334,7
12988,7.7980003,24
13008,0.8516669,5
13056,4.560667,12
13096,13.261669,35
13112,26.385,75
13116,-1.0216668,5
13132,5.8463335,19
13172,0.52166677,15
13176,22.599998,50
13212,21.261333,24
13240,-1.7643334,7
13256,9.693668,31
13308,2.0743332,13
13324,1.5256667,37
13332,6.801001,23
13340,20.473997,42
13372,2.937333,12
13392,3.9843333,13
13408,3.4996667,9
13444,8.551002,13
13468,23.11333,40
13504,3.6550002,15
13524,13.266335,29
13548,30.897995,54
13556,10.594002,22
13652,6.942001,26
13664,4.8016663,35
13664,44.699,27
13676,7.221,43
13692,6.3890014,7
13716,5.18,10
13748,4.881335,24
13748,2.5669994,21
13752,1.7783332,15
13752,4.8463335,9
13804,0.077667,13
13820,3.7393336,18
13844,-2.4819996,24
13856,-0.689,13
13864,10.602667,28
13892,-2.5226667,12
13892,-1.9536667,9
13892,1.1656666,7
13900,2.6733327,20
13916,1.362,6
13944,0.28699994,11
13960,8.885668,17
13996,5.5733337,20
14008,3.284,12
14040,-2.2673335,8
14044,4.684,12
14088,18.976332,49
14088,7.480667,12
14136,21.812666,48
14156,1.7589998,17
14160,6.5393333,18
14176,-1.6683333,5
14180,29.320333,11
14220,6.856667,10
14248,6.317333,22
14268,1.9116666,5
14284,8.1519985,16
14304,24.775,65
14312,4.487,11
14332,-1.0526667,12
14348,3.1563334,9
14352,25.798332,5
14364,15.495666,47
14384,27.891666,5
14412,9.202334,27
14440,2.582333,7
14444,-0.24233341,23
14464,-1.3616667,5
14484,-3.0916667,5
14484,22.311665,25
14504,12.296333,39
14512,1.359,7
14532,31.615665,7
14548,9.815668,27
14580,4.169333,8
14636,3.6303327,31
14664,-0.19633317,21
14684,-1.6016667,5
14688,21.50034,51
14712,-0.27100015,7
14728,8.186667,10
14764,5.6140013,32
14772,0.697,11
14772,33.723324,60
14792,-2.0683331,5
14796,0.93699956,21
14860,36.349,17
14860,8.874001,22
14880,25.911667,5
14944,3.2103329,21
14972,1.1656663,7
15024,24.982338,57
15040,2.955667,17
15044,25.878334,5
15132,10.091001,23
15132,48.92067,92
15168,-1.6936667,9
15176,0.06366655,11
15236,8.855667,17
15244,25.74667,50
15268,3.839333,8
15272,1.5356667,7
15276,5.348334,25
15292,-2.225,5
15300,18.408344,105
15312,1.845,5
15348,-0.666,12
15420,13.635668,27
15440,3.601667,5
15452,13.542004,46
15456,20.564999,45
15484,2.5569997,11
15524,5.756,18
15540,4.794667,14
15544,-1.8016667,5
15560,-3.2883332,5
15564,9.009,27
15564,1.0483334,5
15564,9.121334,54
15600,-0.3269999,9
15608,-2.879333,12
15624,0.7650002,15
15628,0.70233345,7
15652,1.6023338,7
15700,4.4193335,18
15712,4.045,15
15732,0.32500005,5
15740,1.74,10
15780,4.0166664,10
15800,14.232334,17
15800,-0.6616667,5
15848,2.6539993,12
15852,30.880665,72
15864,6.995334,16
15896,6.7536664,11
15908,1.6716666,15
15916,31.998995,77
15960,-1.4590003,13
15964,3.2673335,12
15972,7.975667,27
15984,2.218333,5
15988,1.8023332,7
16020,27.112667,8
16040,16.752,36
16048,26.472332,7
16072,27.169334,8
16076,2.1756668,7
16092,0.8216667,5
16112,8.285001,35
16124,1.6640003,12
16148,2.5463333,9
16148,20.383669,41
16168,4.2436666,11
16188,6.8380003,24
16212,1.6336668,11
16268,11.626667,30
16280,8.257668,33
16292,1.2799997,20
16316,18.177332,32
16320,0.9690001,7
16344,3.282,6
16372,2.641333,14
16392,-2.225,5
16428,37.526672,40
16432,12.677335,22
16472,10.03,20
16480,28.681,13
16504,5.015333,6
16508,-1.6270001,9
16528,29.070667,62
16532,13.098336,25
16532,2.099,7
16548,1.7133334,10
16552,-3.4916666,5
16572,2.4936664,11
16572,2.4516666,5
16616,9.463668,21
16632,2.2816672,15
16648,14.009667,19
16680,9.074001,12
16696,5.360667,12
16700,39.450333,21
16732,7.726001,8
16744,0.030667067,12
16748,39.192333,17
16848,0.898667,26
16868,0.9849999,5
16884,42.446,38
16896,2.8923333,7
16908,25.636673,90
16928,0.4283334,5
16936,33.399002,47
16956,-0.024999976,5
16960,2.7229996,19
16984,28.825666,7
16996,6.038333,25
17004,6.636333,19
17024,3.0056672,7
17044,8.116667,10
17072,2.184,12
17124,7.3233337,20
17124,16.097,41
17156,4.6359997,8
17184,-2.127667,7
17188,18.729666,29
17200,27.691343,54
17216,6.2493334,8
17244,2.0013332,14
17252,10.307335,32
17252,5.6396666,9
17268,2.9086666,6
17280,1.6956667,7
17296,12.871334,24
17328,9.030666,12
17332,6.136334,9
17348,16.931337,24
17368,1.0929998,9
17388,0.8616663,15
17416,29.149,7
17420,22.315998,38
17436,8.135666,17
17444,-5.601,7
17444,-1.6013331,6
17472,4.0989995,7
17480,4.1563334,9
17508,1.1923337,7
17520,30.440998,43
17548,2.749,7
17552,7.583,29
17592,15.629999,30
17596,2.9736664,11
17616,1.3190002,17
17624,3.4256666,7
17640,2.737333,12
17644,3.881667,5
17644,4.1889997,7
17680,30.434328,43
17692,3.6810002,13
17708,9.9053335,16
17720,9.819667,19
17724,0.08700001,11
17736,-1.4676666,7
17740,1.0440003,12
17744,3.6849995,5
17764,0.055000067,5
17784,-1.8183333,5
17784,1.9836667,11
17804,-0.16499996,5
17812,2.219,7
17828,11.694334,23
17848,5.2236676,11
17872,1.0086664,6
17884,31.11033,41
17884,7.0793347,18
17908,-0.41700006,9
17920,7.5063343,9
17956,3.629334,18
17960,3.8833337,10
17988,0.8126663,8
17992,7.0236664,21
17996,1.7863333,9
18052,7.194999,15
18096,2.1869998,11
18104,37.69966,69
18124,13.731335,34
18160,3.928,14
18164,1.6156665,17
18188,-1.4776667,7
18212,15.670668,22
18236,0.2019999,6
18260,5.265333,6
18268,36.30267,68
18268,34.562,26
18304,3.3403335,11
18304,0.08300018,9
18328,4.908334,15
18348,-0.96833324,5
18400,26.751,53
18424,7.9666657,30
18468,7.9403334,11
18484,12.721666,45
18488,9.294,22
18504,0.09500027,5
18516,20.15067,42
18532,-0.22433329,7
18552,-0.8036666,9
18552,5.380333,21
18564,3.2530005,19
18576,-3.1513333,6
18588,3.1046667,14
18608,-0.6883333,5
18628,1.9483334,5
18628,0.44866633,16
18648,13.194667,24
18648,-1.7783334,5
18668,2.4250002,5
18688,-1.4016668,5
18712,9.478667,16
18724,0.49633336,9
18740,-2.6176667,7
18768,18.709335,48
18796,7.854668,14
18824,-0.38100004,7
18860,19.141335,34
18880,3.9550002,5
18888,6.4019995,16
18900,20.610996,33
18912,1.9326665,8
18948,56.89333,80
18952,3.2033331,10
18980,-1.6873333,8
18984,0.7026664,8
19000,49.34833,25
19012,0.9789999,7
19044,3.1770005,11
19060,4.6273327,12
19064,-0.365,5
19080,3.415,5
19112,20.478662,56
19120,20.845005,35
19132,33.934334,13
19152,3.3249998,5
19176,1.0646665,14
19200,3.1873326,12
19212,6.564999,25
19216,4.27,10
19244,1.9856668,7
19244,6.2003336,11
19264,1.6816666,5
19272,-1.2309997,7
19284,0.34833336,5
19296,0.1686666,6
19316,37.667664,63
19336,-3.182333,13
19344,2.7590003,7
19364,25.79267,38
19404,13.102336,27
19432,1.225667,17
19448,11.025334,26
19464,-1.8540002,8
19468,6.325334,16
19472,3.4620001,6
19508,-1.0303333,9
19516,2.8806667,12
19528,14.379339,48
19544,-0.7803333,9
19568,-1.1056668,13
19572,30.133667,11
19572,10.279,27
19588,0.9983332,5
19608,8.416334,9
19608,28.986334,9
19628,29.84,10
19636,27.822334,7
19640,4.0880003,24
19652,1.7686665,6
19652,2.2036667,11
19660,1.8083334,5
19708,16.022667,18
19720,1.4989998,17
19732,5.9493327,18
19740,-1.9549999,5
19744,-0.8003335,9
19768,41.919662,29
19788,30.954,12
19812,28.283333,20
19848,13.002,26
19848,6.3816676,15
19848,-0.97700006,9
19852,9.153667,21
19876,25.819,7
19904,-1.5709999,7
19924,1.6693332,18
19964,0.65999997,10
19984,2.4866662,20
20008,21.926668,40
20028,29.058336,45
20044,-1.8803333,9
20048,0.78166664,5
20064,6.586667,20
20068,1.7583336,5
20104,29.213,9
20120,11.389668,39
20180,8.493,19
20204,50.284996,35
20208,11.997,41
20224,3.5116668,5
20236,0.20233345,7
20244,3.2353332,16
20248,7.910667,32
20252,5.925667,7
20280,3.4869998,11
20288,1.1596668,9
20300,2.2576668,13
20308,-2.6283333,5
20340,11.404666,24
20344,10.686999,11
20360,-1.1583334,5
20404,8.505001,15
20412,17.947666,33
20484,37.940334,31
20484,7.993334,20
20512,11.511668,25
20528,46.42833,55
20536,8.511,13
20548,5.732,16
20548,27.605,5
20596,32.405,15
20620,12.789002,27
20640,9.067666,23
20648,6.9150004,25
20672,3.3609993,13
20672,4.659667,19
20716,2.757,11
20768,20.093998,32
20820,48.425667,37
20824,23.638,44
20900,12.966335,19
20920,10.408337,25
20932,5.316,8
20980,6.300667,12
21000,13.397003,71
21052,14.744334,33
21072,4.9349995,5
21076,10.599667,19
21084,51.59299,79
21108,-1.6969999,9
21116,14.017999,34
21120,5.3503337,11
21176,12.447666,23
21216,11.551669,25
21224,6.2386656,26
21240,22.03767,33
21264,1.9566667,10
21304,2.2386665,16
21308,1.4903333,11
21332,1.2456666,7
21360,-1.4976666,7
21392,6.003666,21
21404,2.5236666,11
21480,25.93867,66
21484,14.576668,20
21500,9.159,27
21504,4.5216665,5
21508,0.5756664,7
21520,25.875336,86
21540,-1.9216667,5
21564,0.5080004,14
21564,5.6120005,16
21572,3.2293334,8
21588,9.3603325,21
21612,1.320667,12
21628,29.278,14
21656,2.3203328,11
21760,25.414335,43
21772,43.69867,36
21816,7.014668,14
21828,8.121,43
21836,34.90933,68
21848,40.049667,19
21848,7.522667,8
21864,8.496333,9
21876,3.2489998,7
21880,5.347,11
21880,-0.5773332,8
21908,2.4290001,7
21916,9.891002,13
21944,2.1089997,7
21944,8.292,16
21960,4.1569996,21
21980,0.21499991,5
21988,5.0703335,11
21996,8.860668,22
22008,4.738333,5
22020,-0.8579999,6
22028,-1.6016666,5
22036,19.150997,23
22048,4.3623333,7
22076,4.5323334,7
22076,11.204,12
22092,31.406,28
22100,5.6453333,16
22140,1.3986669,16
22184,18.157667,23
22216,2.9383335,35
22232,5.0806665,12
22260,38.166668,30
22288,29.249,7
22292,5.819666,19
22344,-3.479,13
22364,-0.91166675,5
22404,-3.516667,10
22408,27.162336,77
22424,1.2916667,5
22444,0.24966693,9
22460,55.562332,57
22480,-1.0470002,9
22516,1.678,14
22560,5.047,11
22584,45.61333,40
22624,6.062,16
22632,54.99533,86
22640,5.8980007,14
22652,-0.33500004,5
22656,23.444666,44
22684,1.1756668,7
22700,8.639667,19
22704,-0.40166676,5
22716,14.961997,16
22724,0.0050001144,5
22776,0.7210002,13
22780,39.956665,20
22784,8.802,36
22800,27.785334,6
22820,2.7266665,10
22824,-2.3813334,6
22836,7.003333,30
22852,26.152666,8
22852,12.035667,17
22876,-0.60466665,6
22880,-0.9596668,11
22884,-1.0973332,8
22904,0.669,7
22904,1.8800002,20
22916,4.016333,9
22932,0.39233315,7
22968,4.8596663,9
22996,-1.5109999,7
23012,6.624001,32
23032,-3.1416667,5
23056,16.10267,38
23056,9.808336,15
23092,-3.4370003,9
23100,30.107,11
23120,4.267333,22
23140,0.48500013,5
23140,32.98533,56
23192,-2.5756667,13
23196,19.838667,26
23224,1.909,7
23244,32.004333,13
23260,2.3763328,9
23260,28.5,40
23264,-1.6016667,5
23284,-0.5079999,6
23288,2.8623333,7
23304,-0.6033335,10
23308,-2.3783333,5
23408,52.39567,67
23408,10.415002,25
23448,-0.85,10
23452,-0.8629999,11
23460,29.196335,39
23496,2.329667,9
23512,5.378667,16
23528,38.907,61
23532,0.79166675,5
23552,0.5813329,14
23560,28.062332,7
23580,-2.3683333,5
23588,4.9049993,15
23620,4.7323337,17
23628,30.674,12
23640,2.2776663,13
23664,3.306333,9
23672,5.7926664,8
23692,2.9056666,7
23700,-1.1543332,7
23716,30.495337,66
23724,-1.1973332,8
23728,7.082335,27
23744,-0.61300015,11
23764,0.343333,10
23768,4.8566666,10
23780,8.642001,16
23780,-0.8336667,9
23784,0.5183333,5
23812,0.18900001,7
23812,32.747,11
23824,3.2870002,11
23852,1.7390001,7
23852,38.50267,18
23860,0.5406666,12
23880,5.6423335,7
23888,14.939669,19
23920,34.049004,17
23924,-0.9036666,9
23956,4.0896664,9
23956,0.21600008,8
23984,1.6323334,7
24028,13.188998,37
24044,38.628674,46
24056,-0.13433325,7
24080,2.4413323,24
24092,-1.877,9
24132,31.483334,10
24160,20.227003,51
24180,22.125002,25
24188,1.9946663,14
24216,2.4430003,9
24220,16.134668,44
24236,26.945,5
24252,-0.569,23
24268,-1.1799998,20
24272,3.525,5
24320,-2.4293334,12
24348,4.1923327,7
24352,19.071001,33
24356,-1.0733335,30
24372,12.788669,26
24376,-0.8249999,5
24396,-0.42933345,12
24416,6.1400003,10
24444,12.164334,23
24452,16.396667,20
24468,-0.085666776,13
24472,0.14166665,5
24480,10.687001,21
24496,-1.3046665,6
24500,-1.1816666,5
24564,35.452,16
24580,17.886,28
24600,42.903,39
24632,-0.09399986,8
24664,10.158333,25
24684,-2.235,5
24712,5.095667,7
24732,13.138335,25
24748,4.699667,9
24788,0.6700001,10
24816,38.040333,21
24820,3.7193334,8
24836,0.7083334,5
24904,9.4123335,17
24924,1.7850001,5
24952,47.300987,93
24964,21.148664,36
24980,29.869,7
25000,0.17500007,5
25020,1.8383332,5
25032,94.8813,134
25056,10.581001,23
25056,13.860999,33
25100,30.130333,11
25112,11.234335,23
25116,-0.9749999,15
25140,3.3956666,7
25160,0.5916666,5
25180,2.1916666,5
25248,17.517666,33
25252,36.732666,38
25268,0.5050001,5
25280,-3.1676667,7
25292,29.471663,65
25312,20.991003,33
25324,34.588,14
25352,3.869,7
25380,-1.6843333,7
25392,6.568333,25
25408,-2.5676668,7
25432,3.858667,6
25436,10.077,31
25436,19.13967,39
25456,0.41499996,5
25476,5.5836673,11
25500,30.110332,11
25520,-0.325,5
25548,-1.011,7
25564,12.020668,22
25592,-3.5809999,7
25632,14.117001,21
25660,36.402332,67
25700,13.212334,27
25712,3.2376666,13
25720,8.484001,22
25736,0.059666872,9
25748,38.12934,78
25792,8.274667,14
25792,4.7936664,11
25840,15.650669,32
25844,10.371,13
25856,12.375335,16
25900,1.2050003,15
25908,12.738668,16
25928,5.2790003,7
25948,0.3816666,5
25952,0.95366716,11
25984,56.13867,66
25984,1.3493333,8
26004,16.915667,37
26020,6.5229993,9
26040,2.1283333,5
26044,2.038333,15
26048,2.9836667,11
26076,-2.5143332,7
26076,3.2060006,8
26096,3.7816665,5
26096,16.698997,37
26104,1.2923334,7
26104,1.6686667,16
26116,-0.49833333,5
26132,0.025666475,7
26156,6.561666,15
26184,-0.7376666,7
26216,34.653667,21
26228,26.979336,28
26240,30.048,14
26252,16.009003,37
26256,5.905667,7
26324,2.332333,17
26324,4.762666,18
26356,13.826336,29
26364,1.2333332,10
26376,-1.0783333,5
26400,0.37200022,6
26404,3.7533329,10
26416,34.131,23
26444,27.742332,7
26464,-0.60833335,5
26520,45.013332,30
26548,9.867001,21
26556,18.175999,38
26560,3.4866676,10
26584,-0.61099994,7
26592,8.240334,11
26616,-0.5673332,8
26616,-1.7446666,6
26644,15.117002,21
26664,1.325,5
26696,88.793335,120
26716,10.355,25
26752,-0.25699973,9
26796,1.7736669,11
26816,-2.0749998,5
26868,27.064327,63
26880,56.95533,46
26912,22.400665,62
26956,9.523668,11
26976,0.6116667,5
27016,15.141334,34
27020,16.443672,51
27036,-0.20166671,5
27044,29.147997,44
27064,27.012333,7
27108,17.124336,33
27128,2.5150006,5
27152,9.147333,22
27188,7.1929994,9
27196,13.402669,38
27212,26.638666,6
27220,30.886667,50
27260,5.313333,10
27264,20.354666,34
27276,8.733334,20
27288,0.7689998,7
27344,24.987665,33
27348,9.928335,15
27380,10.076334,29
27392,19.723005,29
27420,11.182669,18
27436,-0.25300026,11
27436,11.194334,23
27472,2.1663334,9
27500,5.3053327,16
27500,28.609,7
27520,40.56167,25
27520,-0.60166657,5
27520,14.945003,35
27564,7.020333,11
27564,4.4486666,16
27572,7.3876686,13
27612,36.001,23
27616,1.2936667,11
27616,4.051,13
27620,3.618,14
27636,-1.0983332,5
27640,26.398333,5
27656,5.0733333,10
27680,3.033667,11
27688,2.2673335,12
27700,1.0036666,11
27728,2.0600007,10
27756,1.3713326,14
27772,4.003667,11
27780,15.284002,42
27828,9.878,14
27828,7.530667,12
27872,14.293002,29
27896,-1.1509999,17
27908,2.1563332,9
27956,9.420666,12
27964,46.853657,71
27976,11.749,37
27980,15.217002,21
28040,38.747,21
28040,12.709669,19
28100,2.998333,15
28116,45.724663,34
28124,13.437,21
28148,-1.6859999,12
28164,22.875664,47
28228,11.229333,28
28268,29.12867,36
28272,44.479004,27
28284,14.921335,34
28328,8.284667,14
28340,0.534667,14
28368,1.6200004,10
28368,15.435003,35
28384,10.249667,29
28400,1.7559998,8
28412,32.769333,18
28424,2.6986666,6
28432,7.738667,16
28440,2.349,7
28496,-1.6753333,14
28524,1.2089999,7
28532,8.825668,37
28540,17.275667,27
28548,12.787003,31
28564,-2.1499999,10
28580,27.122665,8
28580,0.32333338,10
28584,26.985,5
28620,5.983,9
28668,38.120667,22
28692,37.216003,18
28720,-0.2143333,7
28732,24.800001,50
28736,37.455666,17
28740,27.685,5
28752,1.4316665,5
28764,16.818668,46
28796,8.141334,14
28808,1.7426664,18
28828,25.391666,5
28860,8.154667,24
28880,20.917334,32
28908,-0.2166667,20
28908,1.5923334,7
28944,31.803,9
28976,1.0293335,8
29032,11.718,14
29084,54.73867,56
29128,1.6736667,11
29128,41.56767,83
29148,15.01967,29
29156,1.8956666,7
29172,0.23200023,6
29176,33.854,12
29192,72.937,71
29216,0.1936667,11
29256,11.670002,20
29292,42.458336,25
29300,3.613667,11
29320,30.980335,41
29336,20.609997,30
29340,5.123333,10
29340,-2.0683334,5
29356,-1.3183334,5
29360,26.098333,5
29372,-0.26399994,8
29396,1.9320002,6
29408,3.174,12
29444,-0.58366656,9
29484,8.464001,32
29508,7.635334,16
29520,22.873667,31
29520,36.429,57
29548,5.149,7
29556,15.362669,18
29564,28.478,14
29564,-1.973,11
29576,4.4589996,7
29596,27.736,8
29616,1.9183345,15
29632,0.6023332,17
29648,32.737667,13
29652,9.759668,19
29680,32.982002,16
29724,16.331,23
29760,9.510001,20
29772,13.3203335,31
29808,28.940666,12
29816,17.213669,41
29828,17.695337,26
29876,4.3116665,15
29896,0.82500005,5
29936,41.17733,32
29936,12.752336,27
29944,63.041,43
29956,-0.76166654,5
29988,-3.3073332,8
30004,5.6323333,17
30008,16.585999,28
30016,1.0123334,7
30036,1.8889999,7
30068,49.870335,31
30092,1.3529994,19
30100,28.722668,8
30108,24.098665,26
30112,8.086334,19
30184,9.856333,19
30196,15.154668,24
30216,4.6093335,8
30236,1.1183333,5
30244,29.640667,12
30256,-4.6783333,5
30272,19.296667,40
30276,-2.0683334,5
30284,1.9533334,10
30312,0.76233315,7
30344,2.3993337,8
30396,9.686669,30
30468,29.669666,49
30496,53.143658,101
30508,10.089334,28
30524,3.3579998,14
30528,-1.7116666,5
30532,18.145668,47
30548,1.7453337,6
30640,3.646,28
30696,30.991333,14
30728,23.57967,49
30740,1.5103334,11
30788,22.169996,60
30812,7.032667,18
30816,-0.09100008,7
30840,4.9093323,28
30848,0.24600005,8
30852,57.569664,89
30868,4.104666,14
30872,-0.5006665,8
30896,1.4123333,7
30928,31.621332,14
30976,5.376666,20
31004,10.1363325,19
31004,3.9726675,38
31028,8.477667,13
31060,0.40933347,8
31064,4.6949997,15
31068,23.625002,55
31088,2.275,5
31096,1.8296669,9
31108,1.2449996,5
31116,-2.1283333,5
31120,3.141333,14
31152,2.9929996,9
31156,27.763,9
31192,59.485664,47
31196,-0.8399999,10
31220,14.096001,28
31220,4.2856665,7
31240,1.5103335,11
31328,10.387332,22
31328,16.911333,44
31332,18.546,28
31336,14.259668,29
31356,29.075666,7
31368,0.6860001,8
31388,-1.325,5
31392,3.6286669,16
31432,33.813,19
31440,16.989002,27
31456,8.562335,17
31460,2.6056666,17
31460,0.8690003,7
31484,6.737,11
31496,5.4396667,9
31528,2.2726667,8
31544,11.853669,21
31564,2.663,9
31564,9.369,27
31588,5.458667,6
31612,4.677333,12
31648,7.9550004,15
31660,13.571338,44
31664,1.6143334,13
31704,31.588001,14
31724,0.23166656,5
31724,19.871668,45
31756,1.0793337,8
31760,10.138333,25
31776,-3.3616667,5
31788,12.158668,16
31808,0.78933334,8
31820,6.688333,15
31840,21.894667,44
31856,32.87967,9
31876,30.203,9
31880,38.850998,23
31888,7.4166675,20
31900,25.671665,5
31920,6.977,11
31932,2.0070002,11
31968,-0.9403333,9
31980,0.71333337,20
32012,3.7059996,8
32040,4.9990005,7
32084,29.553663,41
32104,28.94067,62
32116,2.6360002,8
32136,15.958005,24
32156,4.0276666,13
32180,38.607666,53
32212,9.058001,14
32232,13.553003,29
32252,29.016666,10
32304,11.609334,18
32308,9.211333,14
32360,5.924667,14
32372,27.492,16
32380,28.870338,61
32380,3.5583332,5
32400,3.2089996,7
32408,58.572334,57
32416,4.5063334,9
32436,26.238333,5
32456,5.2196665,19
32540,11.077667,33
32548,45.862667,28
32560,43.935333,26
32616,26.651337,54
32628,34.175667,17
32648,3.9016666,5
32652,7.9486666,26
32664,1.8973334,12
32676,38.284668,34
32680,27.102333,7
32684,0.8230002,9
32708,0.18900013,7
32720,9.021334,14
32724,2.2573333,12
32732,2.3153334,6
32744,12.771668,15
32756,2.5763335,9
32768,4.507,11
32780,8.653,9
32796,2.359,7
32808,2.5756664,7
32812,15.580002,20
32848,9.257666,23
32860,10.967333,12
32888,0.22000003,10
32892,14.573667,21
32912,1.6283333,5
32920,6.918333,15
32928,22.624332,33
32948,7.585666,7
32952,2.855333,6
32956,4.5203333,11
33008,38.876663,30
33012,9.8550005,15
33012,11.365334,16
33048,11.244334,23
33064,0.93433356,13
33076,5.609,7
33124,10.564,12
33140,14.943998,32
33144,3.0949998,5
33152,12.528669,36
33160,0.93499994,5
33192,7.183333,10
33212,-2.5683334,5
33220,17.316334,19
33232,24.825,5
33236,2.9963336,19
33240,0.95500016,5
33248,23.095335,46
33288,3.3299994,10
33316,1.6090001,7
33356,20.566668,30
33360,11.194,32
33364,8.547333,12
33396,0.9766668,10
33416,0.83500004,5
33420,15.748333,15
33424,6.4916663,15
33436,1.6650002,5
33444,24.420332,51
33448,3.8689997,7
33480,-0.6539998,8
33496,5.3459997,18
33500,1.6716667,5
33516,33.929333,18
33516,-0.71833324,5
33516,35.276665,20
33536,-0.31499994,5
33556,-0.2116667,5
33580,12.990002,20
33600,35.863667,21
33608,29.695667,7
33628,0.008333445,5
33640,13.260335,31
33648,2.5816667,5
33680,3.8799996,10
33680,16.650333,31
33684,0.43633342,9
33692,9.514334,23
33704,-2.415,5
33724,6.200333,11
33744,29.736668,10
33760,17.333334,20
33784,0.75333345,10
33816,4.6846666,14
33836,33.111,13
33868,32.224335,13
33876,44.92933,38
33900,4.196,8
33932,12.27467,24
33948,26.808004,64
33972,4.784667,24
33988,-2.0166667,10
34000,-0.034333467,7
34008,17.145668,27
34028,0.20566663,7
34036,3.0923336,7
34048,11.193002,29
34056,4.392333,7
34084,2.0696669,9
34088,3.1560001,8
34140,5.767667,13
34140,23.349337,38
34160,2.185,5
34160,13.583002,19
34192,36.056328,39
34200,7.17,10
34204,5.5053334,16
34236,1.427,11
34264,12.365333,26
34280,10.020001,20
34312,45.142334,27
34316,12.473335,20
34344,11.118668,16
34360,3.9413342,24
34364,5.351,13
34372,4.072334,7
34392,2.5423336,7
34412,21.294666,24
34428,13.069001,17
34456,5.4153337,16
34456,3.0156667,7
34472,12.911668,15
34476,3.7683332,5
34476,4.2883334,5
34524,4.697333,12
34532,31.901667,15
34560,33.582333,47
34568,11.064333,23
34584,-0.7346667,6
34588,25.325,5
34608,1.8496661,19
34612,10.854,22
34652,7.9723334,17
34660,4.852667,18
34672,12.905333,16
34696,8.690334,11
34716,1.6016666,5
34724,9.762001,16
34732,30.128334,15
34744,-0.017666578,7
34752,52.471664,35
34752,1.0783334,5
34764,27.185,5
34772,2.9149997,5
34788,3.4896667,9
34792,2.5989997,17
34816,8.350333,11
34828,6.3730006,9
34856,3.5423334,7
34864,14.178337,25
34876,-1.3883333,5
34896,12.07,20
34904,0.85333323,10
34940,5.1536665,11
34944,53.609665,39
34952,4.533,19
35000,41.798004,24
35024,38.766666,20
35024,10.239334,18
35028,7.997336,22
35044,5.055,5
35048,28.071667,5
35076,4.197666,13
35120,19.093332,30
35132,20.547337,22
35156,13.335667,27
35168,31.309666,9
35184,11.018668,16
35208,1.1133335,10
35240,1.0560001,8
35256,30.605999,18
35276,31.639668,9
35292,3.9763331,9
35296,27.231667,5
35320,27.558666,6
35344,2.1676667,13
35360,55.563667,71
35368,3.3406663,12
35384,25.905663,57
35404,1.4849999,5
35416,2.869333,18
35464,36.01867,26
35476,9.426002,18
35500,16.327671,33
35504,13.670669,22
35536,2.1430001,9
35568,6.482002,26
35584,8.356668,20
35620,30.929667,9
35652,50.693,29
35680,3.0949998,15
35684,1.4193332,8
35712,29.335667,7
35720,32.04,10
35748,28.246334,9
35756,33.30333,70
35784,0.63633347,9
35796,-0.83000004,10
35812,-1.3410001,7
35848,10.341001,13
35904,3.871333,14
35916,26.888996,87
35936,42.344666,54
35968,3.167667,13
35980,37.996334,19
36004,28.943,9
36012,8.803,19
36036,2.6293335,8
36044,4.969333,8
36100,68.98734,72
36124,12.954001,22
36140,9.15,40
36172,22.437334,32
36196,4.6320004,6
36200,2.5230002,19
36256,4.3716664,15
36256,9.809668,29
36288,9.964001,22
36300,33.42333,50
36324,3.212,6
36332,6.5903344,11
36348,10.764334,23
36368,30.336332,9
36372,0.7353332,6
36376,19.59,30
36392,0.982,6
36392,4.978999,17
36420,7.670335,11
36452,10.848335,15
36452,3.062667,8
36464,15.247668,23
36472,3.0149999,5
36512,3.827334,12
36516,12.577002,31
36532,0.25166655,5
36552,1.8729999,9
36552,13.003334,20
36572,4.0616665,5
36580,2.604,12
36604,14.186002,38
36608,6.028,14
36612,7.7566676,10
36644,3.1420002,16
36644,5.6833334,10
36652,7.183666,11
36664,2.0983331,5
36672,4.8216667,15
36672,2.219,7
36708,3.1303332,11
36712,6.75,10
36724,3.8610005,13
36776,30.508667,16
36780,10.608001,14
36820,22.097334,42
36824,5.800666,12
36840,-1.6383334,5
36864,16.54367,21
36876,3.477667,13
36884,1.8116666,5
36920,4.2436666,11
36920,6.053,9
36932,11.467666,23
36940,-1.3750001,5
36984,2.8543332,13
36992,-0.33566666,13
37004,26.611668,5
37004,11.207002,21
37040,30.493,9
37096,10.787666,23
37124,32.778,104
37160,13.5633335,30
37168,0.5203334,11
37180,39.037003,21
37188,1.489,7
37204,2.4096665,9
37220,35.252335,57
37232,-3.211,7
37252,2.5660002,8
37260,3.1823332,7
37288,31.123,9
37300,17.776001,28
37312,31.304333,13
37360,4.775,15
37380,-1.045,5
37388,17.499668,19
37432,-0.3396666,11
37440,10.0650015,15
37476,37.628002,74
37496,-0.86166656,5
37516,0.14499998,5
37524,48.433002,59
37540,43.68833,25
37544,0.82233346,7
37564,0.60833335,5
37576,27.799667,9
37600,32.423,9
37604,9.59,20
37612,24.654999,45
37612,29.746334,9
37652,3.2966664,10
37660,35.134666,14
37676,7.938667,16
37688,30.808998,7
37700,1.6386666,6
37708,25.258333,5
37724,13.433668,31
37740,20.827333,22
37776,1.316333,9
37780,12.056668,20
37796,40.970665,22
37812,27.659666,9
37816,-0.7783333,5
37832,38.565666,27
37832,25.418333,5
37836,2.5446668,14
37852,5.4630003,9
37872,-2.0316668,5
37876,3.8566666,10
37904,3.5489998,7
37940,9.035667,17
37976,2.9929996,9
37980,6.5463333,19
37996,-0.52833337,5
38036,3.6746666,14
38056,26.205,5
38072,4.469667,19
38076,0.54499996,5
38092,2.475,5
38092,38.125004,65
38112,32.603336,70
38144,10.861,13
38148,-0.23366642,9
38180,1.389667,9
38252,23.3,40
38272,5.5776668,23
38288,11.325003,35
38292,-0.90166664,5
38312,1.3916667,5
38316,10.886666,60
38332,2.195,5
38352,7.4453335,16
38360,31.767,11
38380,42.127335,32
38392,9.308334,15
38416,13.2646675,14
38420,0.19899976,7
38420,5.62,10
38424,2.6793334,18
38440,-0.8783332,5
38452,27.469,7
38456,6.4733334,10
38472,2.7660003,8
38472,4.0076666,13
38500,1.0256666,7
38512,3.2750003,15
38520,5.4616666,5
38556,8.175001,25
38564,6.4143333,23
38584,7.931999,16
38596,13.150334,21
38596,1.2166667,10
38644,2.537333,12
38652,9.925668,17
38664,2.4116664,5
38684,12.166668,30
38692,4.0056667,7
38724,35.289333,18
38760,10.462334,17
38760,7.673001,19
38780,18.152004,46
38792,2.772667,8
38808,11.090333,21
38820,0.73899996,7
38820,6.5816674,15
38848,1.0223333,7
38856,5.2863326,19
38860,29.49,10
38868,1.7216666,5
38888,1.7783334,5
38900,1.064333,23
38916,4.694666,14
38940,35.194336,13
39008,7.322334,17
39020,20.878666,26
39028,17.037666,43
39056,3.2463331,9
39088,13.111667,15
39104,19.85367,51
39104,15.064669,24
39132,5.1523333,7
39164,6.408333,15
39232,2.0749998,25
39256,5.7320004,6
39260,38.810337,51
39280,47.21266,48
39292,2.6763334,9
39292,9.514,32
39320,26.272333,7
39320,34.17167,15
39332,1.4110005,13
39348,-0.29766655,7
39356,2.596333,9
39376,27.682333,7
39388,7.6426663,8
39396,11.612,16
39404,0.38566667,7
39408,15.963001,29
39408,1.7916669,5
39420,-2.3413334,6
39460,11.414334,13
39484,15.253001,19
39492,4.936,18
39512,-0.41499996,5
39572,6.921667,15
39580,31.691326,44
39624,4.693666,11
39648,14.169668,19
39680,0.43599987,8
39712,1.8759997,8
39740,16.829668,29
39760,0.055000067,5
39772,4.7983327,15
39784,26.223671,81
39784,58.208313,75
39800,2.285667,7
39820,27.106333,9
39832,13.924,12
39884,23.587,31
39904,-0.004999876,5
39908,20.942333,27
39924,11.441002,23
39940,1.2693334,8
39960,6.161667,5
39960,30.383,9
39976,12.479336,18
39996,29.243,9
40048,9.767668,13
40068,3.6283333,5
40072,13.471334,24
40084,52.525326,66
40092,13.694332,33
40104,25.765,5
40156,16.84367,21
40180,16.809334,28
40192,13.275001,25
40192,2.4429998,9
40208,28.142334,7
40236,6.1569996,11
40244,3.9396667,9
40248,8.741334,14
40268,-2.925,5
40272,0.87900007,7
40292,5.155,5
40332,3.7266665,10
40344,11.282334,27
40356,40.12099,63
40380,29.566334,9
40408,8.694998,35
40420,7.040666,22
40468,6.9750004,15
40488,12.935667,27
40500,9.636665,20
40512,43.293003,39
40528,2.2889996,7
40532,-1.5483334,5
40536,9.225666,17
40564,4.7630005,19
40624,15.154669,24
40632,2.0656664,17
40648,12.375998,28
40652,1.6283333,5
40652,2.4923337,7
40688,0.56966686,9
40688,0.046333313,9
40692,18.743332,40
40724,3.3363333,9
40768,2.537,11
40772,15.970001,20
40792,5.1186666,6
40816,6.463666,11
40824,14.934668,44
40828,20.015,35
40832,5.9066668,10
40836,-0.008333206,5
40896,11.558669,16
40916,16.680998,23
40940,45.982,26
40968,27.915667,7
40984,10.480667,22
40992,29.250338,41
41012,28.468998,7
41036,5.546666,30
41068,16.506332,19
41076,39.545334,16
41132,25.783672,41
41132,-0.44533336,14
41144,42.392334,27
41168,2.5029998,9
41192,31.838333,15
41208,16.641668,35
41212,27.858334,5
41228,-1.8649999,5
41252,36.350334,21
41256,3.689,7
41268,11.580334,31
41312,5.148333,15
41356,28.421997,36
41364,3.7410002,13
41388,14.487668,33
41400,13.191001,33
41400,-1.3103333,9
41436,5.513,9
41440,5.066666,10
41464,5.9656672,7
41488,1.4386668,6
41488,12.630668,12
41508,1.3183333,5
41508,62.399345,38
41540,7.034333,13
41548,3.143333,10
41588,4.0633335,10
41592,-0.72233343,13
41608,28.211666,5
41612,27.198334,5
41640,0.4493333,8
41692,6.44,20
41700,36.446,78
41748,15.375669,27
41808,15.425002,15
41812,17.063335,30
41872,8.295335,16
41876,19.62133,44
41920,49.379005,27
41944,11.645669,17
41956,4.819667,9
41984,21.356003,28
42012,9.469002,17
42048,12.478667,16
42076,-0.4643333,7
42084,89.58469,144
42092,20.081333,34
42124,6.5760007,28
42144,6.059,17
42148,32.961998,16
42164,13.202667,18
42188,0.752,16
42204,34.351334,14
42212,9.902335,17
42212,3.8006675,12
42232,26.904999,5
42240,9.994333,13
42248,31.290333,11
42256,8.973667,11
42260,-2.0916667,5
42276,-2.627667,7
42288,4.261333,14
42320,28.187,11
42328,7.539002,17
42332,8.560333,11
42360,1.589,7
42360,6.550001,10
42388,5.641667,15
42424,28.667334,42
42444,3.0683334,5
42468,5.4800005,20
42480,23.89,30
42488,1.3049998,5
42508,20.549,37
42532,16.140667,22
42540,1.6083333,15
42580,9.537666,23
42616,37.71367,21
42648,12.322334,17
42660,17.716002,38
42672,32.151333,14
42680,3.4993334,8
42688,3.4523337,7
42700,2.4516664,5
42708,20.807333,42
42708,2.2216666,5
42716,1.0503335,11
42736,6.352333,7
42748,26.869333,8
42764,6.6786666,16
42768,-0.655,5
42772,4.5230002,9
42800,3.3356664,7
42848,28.675003,35
42876,3.6789997,7
42876,8.189334,28
42896,27.744999,5
42920,3.7903337,11
42920,16.102665,38
42932,48.461,33
42948,-0.901,7
42956,4.6563334,9
43044,24.209,37
43044,11.911335,24
43048,10.576334,29
43072,30.169,7
43096,3.115333,6
43104,7.2656665,37
43124,1.2083333,5
43124,10.763334,20
43136,5.7473335,22
43164,1.1923337,7
43176,4.1409993,13
43192,2.975667,17
43192,-0.6243335,7
43228,3.0563335,9
43240,4.8539996,12
43248,31.415997,38
43256,3.4956667,7
43268,1.9256666,7
43312,6.163667,11
43316,6.5583334,15
43344,2.1356668,7
43360,46.122,46
43364,34.100998,13
43404,3.1403334,11
43408,4.8936663,11
43428,10.410334,21
43512,43.948666,26
43576,25.462332,37
43612,4.2763333,9
43612,39.268333,25
43616,5.351,53
43632,4.9683332,5
43636,45.895668,97
43660,6.625667,7
43668,2.9793332,8
43672,7.7783346,15
43716,3.1213334,14
43772,17.121666,25
43788,10.099335,18
43792,-0.54166675,5
43816,35.873333,50
43828,31.719666,9
43832,2.0736668,11
43852,0.7116666,5
43884,7.0993333,8
43896,60.112335,57
43924,2.5956664,7
43924,39.831337,24
43968,31.553665,11
43980,12.207002,41
44024,1.7236668,11
44028,8.074999,15
44048,5.4083333,5
44052,41.940666,32
44052,3.929,7
44092,3.5166664,10
44108,61.255333,56
44144,29.407665,13
44144,4.5929995,9
44156,18.45567,27
44164,3.875,5
44188,2.727,11
44196,23.39533,36
44208,13.474335,13
44212,-0.46600008,12
44216,0.14233351,7
44232,29.826332,9
44256,5.880333,11
44260,2.019,7
44264,12.614001,12
44292,11.3636675,21
44300,31.473,9
44300,27.930332,11
44312,2.6016665,5
44344,32.610332,11
44348,2.2806666,22
44368,29.358,14
44380,8.626667,20
44388,4.4403334,11
44404,34.738,14
44432,32.60533,16
44484,12.416668,20
44500,23.92333,30
44504,-0.14166677,5
44536,13.152,26
44552,23.980337,41
44560,8.618334,15
44572,5.6556664,17
44580,0.5736668,11
44596,-1.2903333,9
44612,35.131668,15
44616,7.5396667,9
44616,4.610334,11
44660,-1.2096666,11
44664,6.831,13
44692,4.2563334,19
44708,4.189333,28
44728,7.126334,9
44744,3.293667,21
44748,3.0533333,10
44756,0.6489999,7
44776,-1.9116666,5
44836,14.231002,23
44876,10.618334,25
44880,-0.76300025,11
44900,43.346336,59
44912,0.5796664,9
44916,1.3929999,9
44928,50.85833,45
44968,13.754667,14
44988,1.3116667,5
45008,2.5016668,5
45016,10.090668,22
45036,0.255,5
45048,26.782335,37
45088,31.907667,13
45092,17.067,21
45092,26.407999,44
45112,0.49166656,5
45128,-2.977,9
45148,26.518333,5
45192,29.893665,11
45208,39.568,24
45260,20.771004,43
45276,14.513668,21
45276,48.795666,57
45300,0.5253334,6
45308,5.671666,25
45320,4.375,5
45332,8.011333,14
45332,4.442667,18
45368,3.3929996,9
45388,3.741667,5
45404,19.81133,24
45436,34.614002,12
45448,17.960667,32
45456,27.125,5
45460,7.5713344,14
45484,25.646334,9
45512,35.66501,45
45532,1.5616667,5
45560,13.2386675,26
45588,3.6213331,14
45600,17.45167,35
45600,32.473335,10
45620,4.9416666,5
45648,4.085,15
45692,-0.46633315,11
45720,3.9450002,25
45748,3.6790001,7
45748,4.6546664,14
45752,61.495667,67
45788,1.6866667,10
45808,1.8483331,5
45884,23.004333,33
45892,14.4070015,21
45904,0.95166683,5
45924,49.30032,81
45928,8.058334,45
45968,3.277,11
45988,34.461666,15
46040,3.2009997,13
46068,13.870334,41
46104,29.460999,53
46124,10.434668,14
46140,23.357662,43
46160,2.6679997,14
46204,13.536667,20
46232,15.061001,23
46240,1.8130001,9
46264,30.912004,56
46284,47.43367,31
46292,5.8216653,15
46300,29.673,9
46328,5.0140004,22
46332,6.466,8
46348,0.32500005,5
46352,7.681667,15
46392,10.625667,27
46400,4.7009997,13
46472,4.5526667,18
46476,43.020332,31
46520,1.3603333,11
46524,2.864333,13
46556,31.639668,9
46564,25.530994,43
46588,32.757996,64
46592,31.412998,9
46596,30.862667,8
46640,12.746336,29
46640,3.4903336,11
46660,25.858334,5
46676,-3.3836668,9
46684,11.118,24
46712,2.6976666,13
46748,7.1986685,16
46756,15.807001,41
46760,8.077334,12
46768,1.3783333,5
46832,37.65867,16
46864,2.0626664,8
46888,46.191,33
46904,23.502,36
46908,-4.201667,5
46936,9.905999,18
46952,-0.576,12
46964,5.0746675,14
46988,51.66932,78
47004,4.682334,17
47040,29.904333,13
47068,-0.05099988,7
47068,37.533,29
47084,11.170002,30
47124,-0.28333354,10
47144,26.318333,5
47156,5.684,22
47164,10.744667,24
47200,6.936333,9
47256,4.4646664,14
47268,18.756998,31
47276,-0.18833327,5
47280,32.66299,69
47296,15.518332,35
47316,9.9173355,12
47316,1.4863334,9
47352,15.523003,19
47376,3.728334,15
47388,30.796333,9
47408,7.376,28
47428,4.4276667,13
47460,6.1060004,18
47464,2.1696668,9
47500,30.233002,9
47524,5.4353333,16
47548,25.312,6
47592,16.008665,46
47596,4.5739994,12
47616,-0.34833336,5
47668,10.999668,19
47684,21.392,46
47688,59.961,93
47688,0.8216667,5
47732,0.36033332,11
47744,25.570665,32
47768,3.155333,6
47784,29.595001,25
47788,0.11500013,5
47792,21.895336,26
47812,8.285667,7
47820,4.3989997,7
47824,2.8396666,9
47836,3.8286667,6
47848,44.999664,29
47864,0.31566668,7
47876,-1.6309999,7
47904,1.9489999,7
47912,43.901,23
47956,1.2876668,13
47976,1.0519993,16
48012,6.0363336,9
48016,10.025,15
48068,17.610338,51
48104,10.104,22
48116,17.21867,26
48132,6.4223337,7
48144,0.46899986,7
48164,39.19167,85
48204,4.1416664,15
48216,6.794333,13
48248,0.060333014,11
48272,27.298334,35
48304,8.837333,22
48308,38.765,15
48316,38.383995,62
48344,-2.8470001,9
48364,30.257332,12
48400,1.3763334,9
48416,35.08267,18
48436,2.1883335,5
48444,7.193666,11
48464,-0.6183332,5
48476,20.856997,51
48504,25.602333,7
48504,2.5456667,17
48540,0.009666681,9
48560,-1.4549999,5
48560,8.084665,14
48584,21.366669,70
48596,6.3396664,9
48604,0.49166667,5
48604,43.051674,35
48624,2.3456664,7
48644,12.280002,10
48652,5.6343346,23
48652,6.6556673,7
48688,2.5630002,9
48688,10.733665,21
48708,1.605,5
48724,5.3430004,9
48724,15.15267,18
48740,7.4813323,24
48744,29.313,9
48752,3.3423333,7
48756,2.9293332,8
48772,3.6816669,5
48776,3.8216667,5
48804,5.905333,16
48816,6.400334,11
48820,6.1669993,11
48844,27.762333,7
48864,36.956665,30
48864,0.89166665,5
48872,12.635668,17
48884,13.402001,16
48892,4.369,7
48940,3.2789998,17
48956,6.4586663,16
48968,5.142334,7
49004,51.011665,35
49020,11.432,16
49036,18.869331,38
49036,3.7890005,17
49044,29.236668,10
49064,5.4036665,11
49136,19.335001,25
49140,37.118004,24
49152,37.317337,22
49196,5.023667,11
49200,1.448333,15
49208,4.016,18
49224,0.6456666,7
49236,27.022999,9
49240,56.457,51
49256,3.1083333,5
49260,1.2096665,9
49268,-0.85166645,15
49276,6.463,9
49288,0.26166654,5
49296,-1.8183334,5
49316,-3.445,5
49344,32.274002,22
49356,8.503334,10
49360,11.388333,25
49396,12.488999,27
49416,6.4783335,15
49444,34.553665,21
49460,3.7063317,29
49472,8.673001,19
49488,8.272669,18
49516,3.3226666,18
49524,3.123,9
49552,4.3230004,9
49580,-1.7210002,7
49600,14.434001,32
49604,7.300001,20
49640,9.998333,15
49640,5.0666666,10
49660,-1.025,5
49668,15.002003,16
49684,29.215328,56
49700,2.106,8
49708,12.652334,17
49720,30.739666,9
49720,37.495003,15
49820,43.316,28
49848,12.4156685,37
49848,-0.6676667,7
49860,15.908334,35
49884,3.5696664,9
49888,-1.2409999,7
49920,42.489998,50
49944,2.9283333,15
49968,28.607334,12
49980,15.431,33
50016,14.192667,18
50032,26.521996,36
50036,3.075,5
50104,11.352667,18
50124,22.273,39
50128,26.422342,37
50152,18.909664,29
50176,-0.30133337,6
50180,8.104332,13
50188,8.788666,16
50212,1.7860003,8
50216,6.0223336,7
50232,7.474667,14
50260,31.909668,39
50264,38.080666,12
50272,8.343334,10
50284,3.5550003,5
50308,29.426334,9
50316,12.668667,26
50320,2.0750005,15
50336,7.591,13
50340,-0.9083334,5
50348,4.1759996,8
50364,0.999,7
50372,5.8253336,6
50384,3.3303332,11
50392,8.145666,7
50416,11.702336,27
50436,-0.17833334,5
50452,34.366665,20
50496,2.4836664,11
50508,7.7693343,18
50520,16.281336,34
50540,14.749002,37
50552,33.450333,11
50564,33.035667,17
50568,26.499,7
50572,7.2176676,13
50596,0.7823336,7
50616,33.393665,11
50616,36.92533,16
50620,-2.5146666,6
50620,30.368,14
50644,2.5723329,7
50644,3.9556665,7
50656,5.239667,9
50676,1.7293334,8
50676,2.416,8
50696,1.7750001,5
50708,3.3243337,13
50720,12.881668,25
50724,3.6889997,7
50752,27.376,8
50760,7.4110003,13
50764,29.79,10
50788,21.665997,28
50808,3.0116665,5
50812,32.074,12
50840,28.855667,7
50864,9.852001,26
50868,3.0416667,15
50884,22.134335,33
50896,2.5613337,14
50904,3.2666664,10
50932,-1.2413332,16
50964,4.335001,15
50968,12.187002,21
50968,4.459333,18
50988,29.998333,5
51000,13.555669,17
51020,12.944335,13
51068,11.845333,26
51080,7.1916666,15
51080,16.166668,20
51120,6.0233326,10
51136,8.982334,17
51148,-1.181,7
51176,28.175667,7
51228,11.4643345,23
51268,10.871,23
51280,31.926674,50
51288,-1.0383335,5
51332,13.305333,26
51344,8.475334,16
51352,5.1653347,16
51356,-0.19466674,6
51404,-1.139,13
51420,29.202,16
51428,14.003666,21
51432,60.103672,111
51432,4.199,7
51452,1.6793334,8
51480,1.4706669,12
51500,6.545666,17
51500,25.858334,5
51500,29.910666,12
51536,0.43966675,9
51544,-0.53966665,11
51564,3.1823332,7
51572,12.199335,18
51596,3.1620002,6
51600,1.6463337,9
51612,16.658669,46
51612,32.645668,17
51628,-0.98066664,8
51636,2.2153332,6
51664,3.0723333,7
51696,37.534668,24
51704,8.363334,10
51724,1.1623331,7
51724,1.0216666,5
51768,26.247,11
51772,25.893332,40
51796,33.630665,42
51804,44.28,20
51816,30.793999,12
51824,0.5516665,5
51844,-0.07833338,5
51920,17.862337,37
51964,28.068993,37
51964,33.847,11
51972,21.52133,44
51984,-0.09833336,5
52008,2.3553333,6
52020,2.3140001,12
52032,3.269,17
52048,36.467,51
52060,4.266667,10
52072,0.2233336,10
52084,9.886334,19
52100,28.409,7
52100,1.8566666,10
52120,0.9216666,5
52140,-0.94499993,5
52144,44.778,24
52164,34.20333,20
52164,26.391666,5
52188,8.1206665,12
52196,31.602667,8
52216,9.901001,13
52224,3.626333,9
52280,11.564667,14
52280,31.261665,45
52288,9.481,23
52300,-3.4083333,5
52300,-1.7349999,5
52312,16.241335,24
52344,8.778,14
52344,6.1436663,11
52356,1.2403333,11
52360,2.5483336,15
52364,-0.4849999,5
52380,26.491667,5
52392,0.3790002,7
52404,10.660667,12
52476,13.937,21
52508,23.897331,32
52548,37.969334,18
52552,10.217001,11
52556,14.90267,38
52568,-1.1583333,5
52576,-2.045,5
52596,2.7616668,5
52604,2.449667,9
52612,57.878998,67
52624,5.3059998,18
52648,2.4996667,9
52668,28.798332,5
52676,7.364334,13
52688,37.834335,23
52696,25.418333,5
52760,13.717666,23
52772,7.9596667,19
52840,30.09,20
52844,27.032999,39
52852,15.780002,20
52872,49.378998,67
52872,0.66566646,7
52892,0.8933332,10
52892,9.194332,13
52904,29.939335,8
52920,6.820667,12
52932,3.6333332,10
52940,-1.885,5
52948,33.468002,14
52952,1.2583334,5
53004,5.2179995,14
53012,17.422335,27
53028,10.704,22
53040,2.406333,9
53080,15.382334,17
53092,4.332,16
53108,3.1656668,7
53120,25.332333,7
53128,59.898003,44
53140,3.4150002,5
53144,3.5863333,9
53148,-1.005,5
53168,3.572333,7
53172,23.824333,33
53180,2.2463336,9
53180,30.222668,8
53192,-1.995,5
53212,3.5783334,5
53216,4.144,12
53224,0.25033307,11
53228,5.8739996,12
53244,0.25900006,7
53248,3.228333,5
53260,2.9896667,9
53268,25.945,5
53288,28.195667,7
53288,7.0203342,11
53308,1.9416666,5
53320,15.64567,27
53320,9.057667,13
53328,4.826667,10
53340,-1.645,5
53376,4.1530004,9
53384,9.388,14
53408,26.882666,8
53424,10.352001,26
53432,13.497003,31
53452,4.9216666,5
53464,0.88466644,14
53488,25.878666,6
53492,7.9356675,27
53496,-1.123,11
53504,14.520001,20
53540,8.896334,9
53548,11.317668,13
53560,28.231667,5
53568,1.5449998,5
53580,-0.4116665,5
53608,3.9956667,7
53632,47.48867,36
53632,10.798334,35
53636,12.205668,17
53656,0.32833338,5
53676,29.425,5
53712,21.22,20
53736,19.128668,26
53776,6.930001,10
53796,12.460003,30
53816,6.678666,26
53840,41.655994,58
53852,0.069666624,9
53872,-1.5749999,5
53892,0.018333435,5
53892,4.937667,13
53924,0.5026666,8
53932,0.5633333,10
53980,55.23533,46
54000,16.20967,19
54008,33.295998,58
54016,11.550334,21
54024,5.877,11
54028,-1.3743334,7
54044,7.592334,7
54068,6.7536674,11
54076,7.6256676,17
54100,0.2853335,6
54152,17.328999,27
54168,10.411667,25
54192,47.75033,41
54244,12.493002,19
54280,3.9763336,9
54316,18.533665,31
54340,37.219994,60
54344,1.8723333,7
54356,26.520329,51
54380,31.773333,10
54380,11.941668,25
54388,7.7603335,11
54400,29.923666,11
54400,28.971666,5
54420,5.633333,10
54428,-1.8176668,7
54436,34.080666,12
54448,4.5590005,7
54460,4.4783335,15
54464,5.212333,7
54468,4.6366663,10
54488,7.622,6
54492,30.450333,11
54516,3.2886662,6
54536,-0.008333206,5
54548,3.5716667,15
54576,-0.14100003,7
54576,19.352337,27
54604,2.559,7
54608,13.876001,18
54628,-0.2823333,13
54632,27.442333,7
54648,0.7366663,10
54668,1.8349998,5
54696,5.4423337,7
54696,9.975668,17
54724,10.337667,23
54744,2.3416665,5
54752,10.808001,14
54760,5.3386664,16
54792,4.8706665,12
54796,4.463,9
54812,3.895,5
54844,2.729333,8
54844,4.3443346,23
54860,32.335335,16
54880,0.24300003,9
54912,66.32099,113
54932,-2.505,5
54972,17.993998,32
54980,15.733334,30
54992,14.369334,28
54996,7.8020005,16
55024,3.0656667,7
55040,37.719,17
55044,4.7010007,13
55060,1.2696668,9
55080,4.6163325,9
55084,3.7353332,6
55100,2.7916665,5
55104,0.91166663,5
55108,4.7990003,17
55120,2.371667,5
55124,25.445,5
55160,2.7563334,9
55180,12.172668,18
55208,-1.171,7
55224,17.512003,26
55244,42.998646,66
55272,29.369,7
55292,7.0236664,21
55312,3.4439998,22
55332,8.901666,15
55344,2.2193334,8
55448,30.914,72
55460,17.793001,29
55468,25.778334,5
55480,54.919,37
55484,35.66933,48
55504,9.427,11
55520,3.2909997,13
55568,3.635333,16
55600,12.980001,30
55608,7.333334,10
55628,22.048664,36
55644,3.2903333,11
55664,2.846333,9
55708,27.528997,47
55716,4.3843336,13
55724,2.7099996,20
55728,26.744999,5
55748,0.18166661,5
55776,59.067337,42
55784,29.586334,9
55796,4.6349998,5
55808,12.58367,21
55824,1.4789999,7
55840,25.746,8
55868,10.643668,21
55912,18.854,22
55932,2.265,5
55936,12.744669,24
55968,12.371668,25
55976,11.493667,11
55996,22.563337,70
56004,6.172332,17
56020,8.577667,13
56040,6.680333,11
56064,15.774001,22
56080,31.431667,15
56092,10.194002,22
56096,35.034668,14
56100,-0.19500017,5
56116,3.9043324,13
56132,28.579666,9
56136,28.369667,9
56176,8.663668,21
56204,9.396,18
56208,5.3259993,18
56208,27.352667,8
56236,11.369999,30
56236,0.7390001,7
56292,10.740669,22
56292,-0.15200007,14
56320,41.832664,28
56328,0.87966657,9
56332,5.6733336,10
56356,-0.29799974,6
56372,25.294668,34
56376,-0.25499994,5
56376,9.544666,14
56392,1.1216667,5
56432,29.758,14
56436,9.641668,15
56472,6.9066663,20
56488,7.3580008,14
56496,-2.3083332,15
56500,1.2156669,7
56508,36.045002,45
56536,1.173,9
56544,32.256332,9
56564,1.1349999,5
56584,2.2883332,5
56616,6.506,8
56636,22.645668,37
56644,-1.9543335,7
56656,-1.0949999,5
56692,23.119665,39
56700,29.593664,51
56716,36.626,18
56724,33.509,17
56752,-0.411,7
56760,5.9236655,11
56772,0.8116667,5
56776,3.1463332,19
56812,4.2009993,13
56832,40.775,35
56840,2.9786663,16
56860,36.904,22
56908,5.038999,17
56924,15.715334,16
56924,35.564335,23
56944,26.451666,5
56952,24.86167,35
56972,3.1756666,7
56992,9.745667,17
57020,30.262333,7
57020,35.089,17
57032,13.620335,31
57064,4.4136667,11
57208,27.275333,36
57232,23.847672,53
57240,35.058994,67
57252,6.720333,11
57256,31.925335,56
57292,4.5466666,10
57304,7.2186666,16
57352,9.750668,12
57368,8.983001,19
57400,3.8673334,12
57404,51.994335,43
57436,35.425667,17
57452,16.429667,49
57480,6.666666,20
57484,4.3433332,20
57496,30.500332,11
57504,-0.865,5
57540,11.202,26
57544,1.1199996,10
57564,-0.031666636,5
57564,1.1653333,6
57568,9.359335,18
57584,4.761667,5
57652,13.670666,22
57688,12.0406685,52
57700,11.890667,12
57704,24.990002,30
57708,27.365,5
57724,1.2983332,5
57752,2.803666,11
57780,13.263336,20
57828,37.673,19
57828,0.89066696,12
57832,34.405327,66
57864,0.61933315,8
57884,0.17833352,5
57904,14.239666,19
57920,36.37767,23
57928,5.0536666,11
57948,28.762333,7
57948,24.851665,5
57960,47.906334,59
57968,5.3216667,5
57968,-3.1746664,16
57988,25.478333,5
58012,7.1403327,11
58024,10.798667,16
58044,37.768,24
58048,5.368667,6
58084,16.564667,24
58100,7.9180007,14
58108,11.44467,24
58116,36.789,17
58132,6.830666,12
58132,2.2026668,8
58152,29.730331,11
58152,1.3316667,5
58164,6.8773336,12
58192,3.6433334,10
58208,33.243,19
58216,-0.388,6
58264,0.71066666,12
58272,38.38233,27
58280,20.450666,32
58284,0.93166685,5
58292,2.5516667,5
58292,19.827002,21
58336,4.634334,13
58380,20.134003,22
58384,17.10867,26
58400,3.5083332,5
58408,-1.9046667,6
58416,1.8366663,20
58444,5.1623335,7
58484,20.439331,48
58512,10.952333,17
58524,30.126667,10
58524,11.113001,29
58532,1.6150001,5
58548,9.708999,37
58580,33.374664,14
58612,17.870665,22
58620,4.230666,22
58632,4.4609995,13
58652,1.3826665,8
58668,23.383337,30
58724,10.746,18
58736,9.432001,26
58740,12.079336,18
58756,3.9716666,5
58808,60.403,49
58816,3.0316668,15
58860,2.4536667,11
58892,30.287334,42
58928,-0.3903334,9
58952,17.53867,36
58956,17.238,24
58976,-0.38499987,5
59000,5.5740004,12
59024,39.000336,71
59028,1.319,7
59044,3.6323333,17
59048,0.70500016,5
59068,6.0669994,11
59120,13.029334,18
59140,45.424335,53
59144,16.993,19
59148,1.3823333,7
59160,46.333,29
59164,2.6286664,6
59184,0.7850001,5
59232,6.3159995,18
59248,14.925335,26
59256,8.426,18
59256,20.565668,27
59268,4.668333,5
59284,11.637667,13
59284,5.759,7
59304,1.4130001,9
59304,-0.2783333,5
59328,0.47199976,6
59340,-1.757,9
59360,8.215334,26
59396,39.86567,17
59408,15.413667,31
59416,28.865,5
59444,4.2396665,9
59468,4.9409995,13
59500,9.704666,14
59500,29.369997,40
59504,0.8463334,9
59544,4.0999994,10
59548,32.817333,12
59552,11.747668,13
59580,-0.19099998,7
59592,36.252666,58
59596,7.7476664,13
59596,33.177334,12
59624,9.693666,11
59664,14.492334,17
59708,12.603004,29
59724,12.595002,25
59756,15.384335,23
59780,16.588665,46
59788,12.950002,20
59828,6.8599997,10
59868,7.976002,28
59896,2.6856666,7
59924,-0.5576668,7
59948,11.450001,30
59976,4.901,13
60008,3.498333,15
60012,46.16066,72
60024,24.557005,61
60024,32.944,12
60044,2.625,5
60048,27.84,10
60080,10.714666,14
60080,1.1026665,8
60092,6.393334,20
60096,7.337668,13
60100,2.2050004,5
60108,-1.691,7
60116,-1.3983333,5
60128,3.966333,9
60144,0.829,7
60160,6.8483334,15
60176,4.7460003,8
60208,10.177334,12
60236,23.054,32
60240,26.649334,28
60260,26.345,5
60280,27.711666,5
60284,39.345665,27
60300,0.63166666,5
60320,3.1596668,9
60328,-0.6276665,7
60344,21.525665,27
60352,44.461998,36
60364,-0.64833343,5
60384,28.481333,14
60404,27.091,13
60408,8.093666,11
60412,28.015667,7
60436,28.122334,7
60440,28.355667,7
60460,-0.46500003,5
60468,-0.20066667,8
60480,25.951666,5
60492,30.914335,43
60552,4.3083324,15
60556,27.215996,38
60584,27.762333,7
60604,19.307003,31
60616,11.095332,16
60648,13.7716675,45
60656,3.7509997,13
60672,8.714666,14
60684,3.1696665,9
60704,0.73499995,5
60740,16.648998,17
60744,5.293333,10
60764,25.925,5
60780,18.296339,49
60792,32.654335,13
60800,4.9796667,9
60808,2.3056667,7
60836,-1.0843333,7
60860,8.911667,15
60876,28.148335,55
60880,6.473666,11
60892,17.735,25
60912,6.629667,9
60920,2.4866672,10
60936,5.0303335,11
60948,2.5663333,9
60964,8.687,11
60984,9.306334,9
60992,27.199,7
61000,22.651665,35
61012,1.1316667,5
61016,2.2200003,20
61020,31.879665,9
61032,1.6283333,5
61056,29.776667,10
61068,11.539001,17
61088,1.7760003,8
61096,-0.11433339,7
61120,1.6416669,25
61132,-0.92966676,11
61148,26.613003,29
61168,8.406334,9
61196,12.808333,25
61196,20.04967,19
61208,13.265001,15
61224,5.122333,7
61232,29.653,9
61320,6.024,22
61332,20.432333,27
61336,26.214,32
61344,34.061337,44
61352,2.6883333,5
61364,28.218334,5
61384,1.2183334,5
61412,27.155666,7
61432,11.1866665,20
61436,40.541664,25
61440,2.9189997,7
61456,5.665001,5
61468,-0.86099994,7
61484,29.501,13
61500,1.8793333,8
61536,7.7943344,13
61540,6.9436665,21
61564,35.995335,16
61568,65.17734,62
61592,30.811,13
61640,14.966003,18
61644,8.724333,13
61664,27.525,5
61684,1.8016667,5
61720,52.098663,46
61748,33.108665,46
61780,16.298,24
61800,33.427666,13
61804,23.733667,41
61808,39.404,22
61820,28.566666,10
61844,33.19367,11
61880,9.396,18
61896,13.844336,23
61900,28.078333,5
61908,36.612,16
61960,6.2283335,15
62028,18.984,52
62032,14.333668,31
62060,28.349333,8
62084,26.765333,6
62112,52.876,38
62116,-0.03066659,8
62148,30.333,9
62160,50.370667,32
62172,31.031334,14
62200,28.249,7
62212,-0.2946667,16
62224,9.058667,16
62264,9.514336,13
62268,43.519,17
62316,4.764333,13
62360,12.297668,23
62376,4.281667,15
62404,63.941666,45
62416,97.32666,130
62416,29.759998,10
62424,4.7083335,5
62436,0.6483332,5
62464,1.995667,7
62472,32.611332,14
62492,1.4623334,7
62500,11.841667,35
62508,6.349667,9
62512,0.021666706,5
62544,4.0263333,9
62560,12.211668,15
62564,0.9910004,13
62580,0.6983334,5
62588,2.3736668,11
62600,3.9996667,9
62632,1.3136666,11
62652,9.2960005,18
62676,5.879666,19
62716,1.8769996,21
62736,7.8283353,15
62760,90.29466,84
62764,4.1856666,7
62764,1.9940001,12
62796,27.829332,8
62796,19.838669,36
62796,4.5063334,9
62816,-1.6616668,5
62828,8.825335,16
62848,6.5276656,13
62896,3.6640005,12
62900,13.838667,26
62920,4.008333,5
62924,27.389,27
62940,0.65166664,5
62944,3.8639994,12
62952,2.139,7
62972,-1.1916667,5
62992,5.0943336,13
63012,73.92533,46
63012,3.1283333,5
63032,25.818333,5
63036,1.3319999,6
63052,2.2383337,5
63060,7.3406663,22
63072,-0.88366675,9
63124,0.122666836,18
63164,36.081,23
63184,26.491667,5
63188,14.942002,16
63192,64.320656,62
63208,1.0886664,6
63220,27.242332,7
63284,41.921333,24
63296,31.423,19
63312,8.398667,26
63348,41.337322,72
63372,6.7083335,15
63416,-0.3796668,11
63436,16.661669,35
63448,38.071667,25
63484,9.264002,12
63496,6.197333,12
63532,8.406334,29
63544,31.067333,12
63552,-0.23833346,5
63572,-0.08833325,5
63580,14.548,24
63600,-1.4943334,7
63600,27.485,5
63600,47.676327,79
63636,3.1496665,9
63652,43.182335,27
63688,1.7329997,9
63704,16.845331,26
63712,15.542668,28
63744,25.989332,8
63752,5.7373333,12
63756,36.245667,17
63760,10.967003,31
63772,3.7556667,7
63780,3.6156669,7
63792,5.033,9
63816,4.808,14
63844,38.986,18
63848,14.282333,17
63856,2.0186672,16
63892,8.217001,11
63912,1.5783331,5
63916,37.04933,18
63932,26.878334,5
63944,2.3590002,7
63952,2.7983334,5
63956,11.781667,25
63960,25.408667,36
63964,-0.34500003,5
63976,5.1216664,5
63980,0.9723333,7
63996,2.532667,8
64004,26.705666,7
64020,7.326668,10
64040,8.430334,11
64060,1.5283335,5
64088,12.072334,17
64104,12.431667,25
64108,32.009,37
64120,3.736,8
64144,7.103667,21
64180,3.4283333,15
64188,14.093668,11
64196,17.674002,22
64208,-1.6476667,7
64220,18.912996,29
64228,3.5950003,5
64236,0.53666663,10
64248,-0.11433327,7
64248,-0.0050001144,5
64272,6.576333,9
64288,4.833333,10
64296,4.757333,12
64304,27.549334,8
64312,18.987,31
64320,26.318666,6
64336,5.599333,8
64352,2.5733333,10
64360,-0.62000024,10
64396,13.319002,27
64412,5.284333,13
64416,26.345,5
64444,35.922333,27
64444,28.809334,8
64472,22.446669,30
64480,3.7263339,9
64492,5.800667,12
64508,1.815667,7
64512,-0.97499996,5
64536,0.942,6
64540,29.745667,17
64540,15.37367,31
64564,26.062332,7
64580,8.616001,18
64584,29.410334,11
64604,29.99,10
64608,2.6723335,17
64620,0.89666665,10
64628,-0.45833337,5
64636,6.0376663,13
64660,1.9379997,14
64676,0.23133326,14
64704,3.4103336,11
64708,8.392667,18
64728,3.691,13
64728,1.5883335,5
64732,25.519001,7
64752,20.290335,31
64756,1.0919999,6
64784,10.994669,14
64796,4.017,11
64804,28.278334,5
64832,7.1596665,9
64832,-1.5343332,7
64876,5.033666,11
64880,41.170334,31
64880,1.7773334,12
64904,69.26466,44
64908,8.625667,7
64940,27.499332,8
64956,10.776334,19
64992,24.523003,29
65000,6.7983336,15
65000,16.048002,24
65000,34.013664,11
65032,4.49,10
65052,10.614334,13
65064,1.7126664,8
65084,27.882668,8
65084,3.1883333,5
65104,45.398666,26
65108,4.075333,6
65120,0.8030001,9
65132,1.7856667,7
65136,4.829,7
65168,26.469666,9
65172,36.07767,43
65188,1.6416668,5
65208,29.599667,9
65216,-2.1076667,7
65236,27.465668,7
65264,5.7256665,7
65276,32.25833,15
65308,15.660997,43
65320,7.0103335,11
65336,6.155666,7
65348,5.969,7
65356,-0.034999847,5
65364,34.175,25
65392,-0.4263333,11
65412,0.25833344,5
65424,14.058999,17
65456,6.4426656,8
65484,2.379,7
65504,10.377666,23
65524,0.325,5
65552,94.552666,108
65556,8.056001,18
65572,26.345,5
65592,26.365,5
65620,26.758999,7
65648,34.137005,71
65668,19.142668,28
65684,32.78533,16
65712,36.602333,47
65716,40.19567,17
65732,2.892,16
65784,11.567668,13
65812,2.6690001,7
65832,52.84967,29
65832,27.498333,5
65836,18.049335,38
65840,17.413998,32
65872,-0.017333508,8
65892,-0.1316669,5
65924,19.304333,23
65932,36.005,25
65944,5.351,13
65948,1.2886667,6
65952,44.893,29
65972,24.971666,5
65988,4.3236666,11
66036,15.255335,16
66052,15.672004,26
66060,11.666002,18
66064,23.534332,33
66068,2.3193336,8
66092,-1.0810001,7
66112,7.094334,13
66140,13.374002,12
66148,5.1863337,9
66176,0.41233325,7
66212,19.353333,40
66232,1.9883333,5
66232,5.141333,14
66248,35.338337,45
66252,0.9316666,5
66260,1.3990002,7
66268,1.8816664,5
66272,26.958332,5
66280,3.415,5
66304,30.366999,41
66324,4.383666,11
66328,0.22866654,6
66336,4.469,17
66348,11.003,19
66360,0.96300006,9
66364,-1.3976667,7
66380,3.7576663,13
66384,1.2596667,9
66396,1.9796665,9
66400,4.2396665,9
66404,-1.2046666,6
66412,2.9323335,7
66440,26.542334,7
66444,8.427334,12
66460,7.6513324,14
66460,1.105,5
66464,26.445,5
66492,4.189,7
66500,30.843334,10
66508,22.419003,27
66520,-0.06166649,5
66528,27.091667,5
66532,5.8799996,10
66540,14.953334,20
66568,2.8656664,7
66596,-3.154333,7
66600,14.066002,18
66628,26.095667,7
66656,8.661666,15
66700,-2.9596667,11
66724,65.31699,51
66752,44.01033,31
66756,64.621994,56
66760,10.433001,9
66772,4.476,18
66796,7.597001,11
66796,5.3919997,6
66816,0.87833333,5
66820,36.321667,15
66824,35.769,17
66832,4.4463334,9
66836,-1.4549999,5
66848,5.499,7
66892,11.687001,11
66904,37.719334,18
66944,6.0009995,13
66948,7.5669994,11
66960,13.493668,31
66980,5.522667,8
66988,5.259,7
67012,5.029,17
67016,0.4723333,7
67052,42.562325,57
67060,42.86,20
67084,7.3426666,18
67088,2.7423334,7
67092,38.123,19
67128,2.7903333,11
67140,3.2206664,12
67160,16.169,27
67160,3.4393337,8
67216,3.6546664,14
67224,2.3886666,16
67244,1.2823333,7
67264,21.750332,31
67284,0.038333416,5
67292,15.772335,17
67316,0.4826665,8
67320,1.8723333,7
67384,5.9186664,16
67404,39.35733,22
67408,0.82533336,6
67412,18.830667,42
67460,3.6109998,13
67472,6.3216662,15
67480,1.345,5
67508,-0.7936667,9
67512,65.572,106
67528,5.9483333,5
67532,4.644334,13
67536,50.657665,33
67544,0.8793335,8
67552,28.211666,5
67556,1.8423333,7
67564,25.831667,5
67576,-0.6716666,5
67600,32.63533,16
67600,3.5496664,9
67612,33.178333,15
67636,31.752998,9
67652,2.463333,10
67664,5.1619997,16
67672,29.879665,9
67684,1.7316666,5
67688,10.792667,28
67688,2.7596664,9
67704,1.688333,5
67708,27.666332,9
67712,0.9886668,6
67716,1.7923334,7
67780,8.019,17
67788,7.6703324,21
67800,39.490334,21
67816,29.129,7
67848,12.194002,12
67852,15.88867,36
67880,-0.29766655,7
67908,8.048332,15
67932,11.767668,13
67988,7.7400002,20
68044,23.938995,57
68056,47.057,31
68080,0.035333395,6
68084,14.874669,24
68088,6.5670004,11
68104,27.018333,5
68136,5.228,14
68144,7.517999,14
68180,9.436335,19
68196,5.724334,13
68204,34.052334,17
68220,63.43666,110
68224,3.142333,7
68228,4.2806673,12
68244,-0.24166667,5
68264,1.765,5
68280,1.4509999,13
68284,2.918333,5
68284,11.176666,20
68308,29.269,7
68356,3.3073335,12
68372,14.064,22
68376,0.11166668,5
68388,17.674004,42
68396,15.212666,28
68396,4.168667,6
68416,27.802334,7
68420,8.253667,11
68420,-1.5979999,6
68432,3.7930002,9
68444,2.2086668,6
68464,5.3006663,12
68464,0.5983335,5
68472,2.8566666,10
68508,33.163666,11
68512,3.466666,10
68532,31.412666,28
68548,4.766667,10
68564,4.4443326,13
68568,24.958332,5
68568,16.67867,26
68600,2.1729999,9
68624,30.971333,14
68632,3.7553327,16
68644,41.856003,28
68664,27.418333,5
68668,4.0996666,9
68688,12.842001,16
68708,2.6999998,10
68728,4.7786665,16
68736,0.24900007,7
68744,10.6779995,14
68756,2.928333,5
68780,0.2796669,9
68780,33.961,13
68784,23.928669,46
68796,7.3833337,10
68804,0.12200022,6
68824,0.26699996,11
68856,8.704334,13
68860,3.2363336,9
68868,6.8493342,18
68904,3.017,11
68936,28.876,8
68940,8.096001,18
68948,22.006998,41
68956,9.331667,25
68976,1.4416668,5
68996,34.621666,15
69032,40.817665,23
69060,0.3856665,7
69060,18.976,28
69076,4.3116665,25
69100,18.825335,26
69100,32.546665,10
69108,3.7126663,8
69120,0.8149998,5
69120,-0.07499993,5
69128,0.43499994,5
69136,0.9463335,19
69148,29.282333,7
69156,27.255667,7
69164,7.3789997,7
69176,-0.5350001,5
69240,7.4509993,23
69268,30.885666,37
69288,46.85367,31
69288,25.991667,5
69300,33.928333,15
69308,-1.2083334,5
69336,2.3023334,7
69340,24.553669,41
69360,0.9583334,5
69376,10.740667,22
69408,-0.06733322,8
69408,11.076002,18
69440,5.606,8
69444,7.506334,9
69464,26.404999,5
69468,3.0456667,7
69488,50.65233,47
69492,29.241,33
69516,6.9176664,13
69544,2.6890001,7
69584,16.756336,29
69636,16.262337,37
69640,6.6856666,37
69668,29.835667,7
69672,28.869667,9
69680,16.741335,34
69692,-0.07466674,6
69736,4.917,11
69752,60.59733,42
69780,36.133667,11
69788,0.6696667,9
69820,21.325003,35
69832,12.811002,13
69852,0.6383332,5
69876,11.354669,14
69884,8.128002,24
69904,27.742332,7
69904,0.84833336,5
69928,34.01967,19
69984,9.380001,20
69988,40.76033,21
70008,5.5133333,20
70008,3.2016666,5
70024,11.730001,10
70028,-0.94500005,5
70052,66.125,95
70052,1.8370005,11
70076,3.4806666,12
70080,1.9256667,7
70100,3.537333,12
70104,0.39199996,6
70120,3.1616666,5
70192,43.164,42
70196,7.337668,23
70212,26.585,5
70244,31.014,42
70252,34.00467,14
70284,7.369334,8
70312,9.841668,25
70324,41.129997,20
70336,6.194333,13
70348,35.779003,57
70364,4.207667,13
70364,4.1289997,7
70380,11.7646675,14
70380,0.095999956,8
70400,0.7983334,5
70420,4.518,14
70420,3.314667,14
70448,5.0373335,12
70460,-0.8099998,20
70484,25.729666,9
70512,19.964334,23
70512,28.175667,7
70520,9.668334,15
70532,9.772667,28
70544,-0.22133338,6
70552,1.8299999,10
70564,1.2993331,8
70592,0.022333622,7
70600,32.127335,12
70604,35.99167,15
70628,6.4696674,9
70628,3.3056667,7
70648,26.805,5
70648,1.0483333,5
70680,15.446336,19
70712,12.455336,16
70728,15.044001,12
70728,8.63,20
70744,3.6059997,8
70780,2.234334,13
70792,32.905334,16
70804,7.3083344,15
70812,84.18833,75
70832,-0.11499977,5
70832,-0.34766662,7
70836,32.433666,11
70864,3.9990003,7
70868,2.4863334,9
70884,-1.3683333,5
70888,1.885,5
70908,15.017334,32
70924,5.866333,9
70928,39.401337,24
70932,1.0120003,6
70948,0.7653332,6
70964,3.3726666,8
70968,26.605,5
70984,16.031668,25
70996,1.5959997,8
71008,14.003335,20
71020,-2.087,9
71032,-1.467,9
71068,29.706333,9
71084,2.1263337,19
71112,24.882002,36
71112,1.4990001,7
71124,6.217999,14
71160,1.619667,9
71160,-0.7459997,12
71200,6.8106656,22
71200,5.0266666,10
71200,5.0333333,10
71220,0.9583334,5
71256,30.759666,9
71320,58.44833,75
71332,24.261,33
71344,12.454,22
71344,47.328667,36
71364,-0.3783332,5
71388,5.9256663,17
71408,0.97833323,5
71420,9.634001,22
71428,6.1203327,21
71428,3.3253336,16
71448,2.5156662,7
71456,29.982334,7
71500,5.230333,11
71512,10.910335,21
71524,48.866333,29
71528,1.7256669,7
71596,16.385668,37
71604,40.43667,20
71632,22.226665,30
71640,40.612667,28
71664,7.8616667,15
71668,3.753,9
71708,7.9956665,17
71712,11.396332,29
71720,10.884667,14
71736,11.509001,17
71756,30.112999,9
71764,10.56467,14
71788,3.526,8
71792,25.115665,7
71816,6.7066674,20
71828,6.8730006,9
71860,14.835672,37
71868,6.0866666,10
71896,1.605667,7
71896,7.1566668,20
71932,5.393,9
71952,0.5716665,5
71972,1.335,5
71976,29.068998,47
71980,14.950335,21
72012,0.7633333,10
72028,1.704,12
72032,-0.48166668,5
72036,5.9049997,15
72056,21.739668,49
72068,30.899666,9
72100,9.337,11
72100,14.008669,16
72128,16.695002,25
72132,2.4759998,8
72136,33.835667,17
72148,1.2149998,5
72156,34.351334,14
72160,1.5356665,7
72176,27.279,7
72200,4.2669997,11
72236,6.5250006,15
72272,9.549335,18
72272,11.394667,34
72292,3.2916667,5
72316,32.896667,20
72316,5.930333,11
72320,21.183338,40
72340,1.405,5
72376,7.3429995,9
72380,13.044,22
72396,-2.9216666,5
72400,17.863668,21
72432,29.831,13
72452,0.16166669,5
72476,12.026667,20
72484,45.270668,42
72504,4.2190003,7
72544,7.681667,15
72548,34.334667,24
72556,14.564335,13
72580,28.158339,45
72600,4.8883333,5
72640,9.400999,23
72684,8.623669,21
72696,14.062665,38
72720,27.436333,9
72728,9.124001,22
72772,31.271,13
72812,4.1566663,10
72832,35.972996,69
72856,20.200666,32
72860,2.9223332,7
72880,-0.8183334,5
72880,18.06867,46
72908,3.0023332,7
72912,3.216,8
72924,13.986002,28
72948,1.0496666,9
72992,10.198999,17
73008,4.075001,15
73012,0.9916668,5
73020,45.286995,41
73040,1.4623333,7
73072,2.3209996,13
73076,3.3596668,9
73076,29.734,42
73088,8.876666,20
73096,0.82833326,5
73112,28.412998,9
73136,7.4786663,16
73152,33.628666,16
73176,34.36,20
73180,3.0190003,7
73180,9.609001,17
73180,27.036999,11
73224,4.9170003,11
73228,10.500668,12
73272,9.113667,11
73284,22.482002,26
73308,9.337668,33
73316,14.8843355,23
73320,30.277332,12
73356,2.4566662,10
73368,7.560666,12
73376,36.698997,17
73380,10.611334,24
73404,0.5763335,9
73408,27.595665,7
73412,3.9380004,14
73440,2.7330003,9
73452,2.0829997,19
73480,34.156,18
73496,7.157,21
73500,27.645,5
73520,0.045000076,5
73528,16.829666,19
73548,-0.021666646,5
73548,4.1309996,13
73568,3.1316667,5
73576,1.3423333,7
73584,34.46867,36
73608,2.7093332,8
73616,10.6640005,12
73620,2.6863334,9
73648,1.8833334,10
73672,16.02933,38
73676,7.141666,15
73692,1.7749999,5
73712,7.072999,9
73712,5.028333,5
73716,7.422333,17
73736,2.098333,5
73740,27.995667,7
73760,32.404,12
73788,25.749,7
73812,35.276333,19
73828,32.793335,10
73840,8.584997,25
73864,5.5263333,9
73912,5.362667,18
73940,14.007336,32
73960,31.41168,85
73976,15.639337,28
73976,9.518667,16
74004,1.5990002,7
74012,28.522999,9
74016,14.676335,19
74068,3.3653336,16
74076,15.329666,29
74096,0.7789999,7
74096,-0.89166665,5
74104,8.517668,23
74128,14.329335,28
74140,3.8336668,11
74156,26.062332,7
74160,25.438332,5
74184,13.150003,20
74184,13.560667,22
74200,6.4669995,11
74212,4.5289993,7
74236,26.836334,9
74268,18.250334,21
74288,6.5876665,13
74288,20.534004,32
74300,6.6373324,22
74304,28.259666,9
74316,3.6356664,7
74324,0.15499997,5
74344,26.265,5
74344,6.053667,11
74348,3.2526665,8
74356,13.342334,17
74372,0.20233345,7
74392,31.683666,11
74412,9.212334,17
74416,38.00833,15
74436,7.9536657,11
74448,16.253002,19
74460,0.9120002,6
74472,3.3686662,6
74472,27.214666,14
74488,28.122334,7
74508,31.839666,9
74536,28.729,7
74548,10.089667,19
74560,52.455666,37
74580,28.309334,8
74608,0.70233345,7
74704,43.631332,24
74736,61.77333,50
74740,28.466333,9
74756,26.291666,5
74760,0.89166665,5
74796,5.4496665,9
74808,8.977669,13
74828,26.551666,5
74832,-0.4669999,9
74840,69.69603,88
74848,46.520657,72
74848,2.315,5
74892,12.045002,15
74896,6.3339996,12
74904,1.2053335,16
74928,3.9726665,8
74940,10.651,23
74948,1.4516666,5
74952,2.624,12
74972,3.8216665,5
74996,3.0113332,14
75012,13.98667,30
75016,2.4483335,5
75016,11.473667,11
75068,6.3910003,13
75088,26.851665,5
75104,7.690667,22
75112,36.956997,41
75132,1.0756664,7
75152,1.8983331,5
75184,14.626003,18
75188,9.291666,25
75196,2.7436674,11
75208,26.885334,6
75224,-0.951,7
75252,0.7856667,7
75300,55.544006,72
75312,6.618665,26
75336,17.992334,37
75344,8.757002,11
75360,19.029,27
75380,-1.9970001,9
75396,10.1970005,21
75404,42.182335,17
75412,10.064334,13
75424,5.992333,7
75436,8.547998,14
75452,2.2633333,10
75464,8.163334,10
75464,7.1683335,15
75480,1.4323335,7
75504,28.89,10
75528,16.411001,23
75568,28.223333,10
75580,6.4463325,19
75600,49.297997,34
75604,5.7163343,9
75644,6.743667,11
75680,32.626335,9
75684,10.473333,20
75688,41.482338,27
75712,28.309,7
75712,-1.5480001,6
75744,7.3260016,8
75744,2.4826667,8
75760,13.136665,20
75788,29.203667,11
75808,2.164,12
75816,4.2823334,7
75832,1.2653334,6
75852,52.561,93
75852,26.958332,5
75864,16.180002,30
75880,2.622333,7
75904,3.5243335,13
75908,-0.6943332,7
75936,13.722667,18
75948,31.807,11
75948,3.3833332,10
75988,3.3109996,13
75992,4.6636667,11
76004,24.762331,47
76016,29.215666,7
76040,-0.1803335,9
76072,14.0703335,31
76076,34.593666,21
76080,2.1166663,10
76080,30.678667,16
76100,4.495667,7
76112,3.1396663,9
76116,6.8230004,9
76132,27.698334,5
76144,6.1523333,7
76148,0.032333136,17
76152,3.6443331,13
76172,29.746666,10
76176,26.362333,7
76180,8.359667,9
76192,1.3683331,5
76204,31.008999,7
76212,5.449333,8
76248,8.418001,14
76256,0.99699986,11
76280,26.071999,6
76288,14.854668,34
76308,26.898333,5
76316,3.702333,17
76328,-0.96599996,12
76328,25.345,5
76348,3.4616666,5
76360,4.079333,8
76376,18.294334,43
76384,-0.5603335,9
76392,26.369333,8
76408,16.810999,23
76412,5.2396665,9
76444,13.501667,15
76464,4.136,18
76496,15.183668,21
76508,9.3203335,11
76516,0.8183334,5
76528,2.8103342,21
76536,2.9356666,7
76548,31.111662,35
76588,7.3416667,15
76588,11.029334,18
76596,35.158333,15
76600,8.231,13
76616,2.6756668,7
76636,0.23633337,9
76636,9.417335,12
76648,10.944334,13
76652,3.6596663,9
76680,8.733667,11
76688,-0.717,9
76704,14.871334,14
76780,43.098335,25
76804,8.125,25
76808,23.65667,30
76808,1.0890002,7
76832,18.099669,49
76832,27.962334,7
76844,31.173,9
76852,-0.89166677,5
76872,-0.55500007,5
76892,7.5606656,12
76912,5.7133336,20
76948,35.448338,35
76952,14.836668,20
76964,8.647667,13
76976,27.525333,6
76992,26.242332,7
77004,19.749332,28
77012,26.331667,5
77024,-0.9916667,5
77028,4.434333,13
77032,2.5283332,5
77076,9.084334,13
77084,10.158,14
77088,15.328337,35
77136,7.3773327,12
77156,3.2283332,5
77160,23.427332,32
77180,10.062,26
77212,33.17433,13
77232,-0.6916667,5
77236,2.9913337,14
77264,6.025666,7
77272,20.396334,29
77284,1.8983334,5
77292,8.461667,15
77304,3.4083335,5
77328,35.68467,14
77332,51.14067,62
77348,0.48500007,5
77356,4.395333,16
77368,4.726333,9
77368,1.5650002,5
77388,0.63166666,5
77396,11.807668,23
77420,3.9186668,6
77424,36.034668,14
77452,1.279,7
77456,12.005001,25
77484,21.291332,24
77512,28.182333,7
77516,7.528,24
77520,11.479,17
77572,33.125,15
77600,37.806667,20
77620,0.59833336,5
77644,14.680666,32
77652,28.21633,49
77676,0.31533325,6
77712,0.99766684,23
77716,21.925339,36
77720,10.407,11
77736,5.015,5
77776,17.74767,33
77792,35.697998,14
77812,-2.565,5
77816,41.401333,24
77848,4.5896664,9
77872,31.466665,40
77896,12.237334,12
77912,15.8913355,24
77916,6.7469997,11
77920,28.742,36
77960,9.247334,12
77960,4.9653344,16
77980,26.451666,5
77988,-1.3709999,7
77996,37.186333,19
78008,-0.8210001,7
78024,3.835667,7
78040,32.194336,13
78044,1.0016668,5
78052,21.864666,34
78056,31.740665,12
78076,26.876,8
78084,1.1703339,11
78104,3.670999,13
78108,6.074332,13
78124,27.506666,10
78136,2.5123334,7
78144,25.611668,5
78172,27.795666,7
78172,2.4930005,9
78192,4.3250003,5
78220,8.948665,36
78232,20.594002,32
78264,1.7769997,11
78284,-1.5383334,5
78308,1.2153335,6
78332,48.84833,35
78396,3.6286664,16
78416,25.938663,46
78448,9.737667,13
78468,25.906666,40
78520,9.582666,18
78544,14.959668,19
78564,4.123667,11
78568,55.90633,99
78580,0.9396666,9
78580,52.320328,41
78600,25.491665,5
78604,4.6730003,9
78652,9.804003,12
78664,22.608337,25
78700,-2.726,12
78704,21.333666,31
78708,10.275667,27
78728,3.0553331,16
78772,11.392001,16
78796,18.954332,23
78820,2.0306664,12
78836,26.12467,34
78856,3.366333,9
78872,9.456333,19
78872,-1.757,9
78876,1.5849999,5
78876,14.7456665,37
78900,28.539,7
78916,7.547,11
78928,2.7556672,7
78936,27.618334,15
78964,27.757334,12
79020,30.897999,14
79040,5.4616666,5
79060,3.7416666,5
79064,61.135666,47
79072,55.251328,34
79084,4.401666,5
79092,26.305,5
79136,4.803667,11
79156,12.746002,18
79164,3.939,7
79172,37.806,28
79200,0.4436667,11
79220,-0.58500004,5
79224,5.935,15
79224,8.077667,13
79244,-2.035,5
79248,1.1623334,7
79252,48.17366,81
79272,-0.05499983,5
79292,1.4983333,5
79300,10.194336,13
79320,2.3530002,19
79344,9.403669,11
79348,2.845667,7
79364,25.425,5
79368,14.911999,36
79408,7.855,15
79412,41.94333,30
79452,2.2069998,11
79452,14.203668,21
79472,24.904999,5
79488,12.373001,19
79504,12.374334,13
79540,2.3196669,9
79540,18.042334,17
79560,5.4259996,18
79580,3.105,5
79584,39.085,55
79588,-0.29933333,12
79652,35.71267,18
79656,6.022334,17
79680,29.731663,35
79692,3.4496665,9
79692,37.13233,27
79712,0.58833337,5
79748,7.464666,14
79752,6.689334,18
79788,52.104668,34
79808,-1.5616666,5
79828,33.86667,20
79864,3.4096663,9
79884,20.484335,33
79924,23.742998,29
79936,12.034335,13
79956,0.11166668,5
79980,74.07567,67
79984,4.1383333,15
80008,0.91233325,7
80020,5.2363334,9
80024,37.713337,40
80036,-2.151,7
80056,0.32166672,5
80060,29.186333,9
80080,2.8916667,5
80084,3.4189997,7
80128,7.3736672,11
80148,0.1383332,5
80148,14.857333,32
80168,2.695,5
80172,11.984334,23
80204,31.921333,14
80208,31.219667,9
80216,6.9706683,12
80236,26.465,5
80252,41.454666,74
80268,27.652,16
80292,12.943668,21
80308,10.259335,18
80312,8.078335,15
80356,10.437,11
80364,11.448001,14
80376,5.2823324,27
80396,3.4350002,5
80412,13.358003,14
80416,32.901,13
80432,27.772999,9
80440,27.115662,37
80440,31.502335,7
80468,31.679665,9
80476,7.766334,9
80484,5.7870007,11
80496,19.563334,20
80504,6.406334,9
80512,0.5996665,9
80532,-1.5983334,5
80544,1.7300004,10
80552,5.2523336,17
80564,10.259,17
80572,0.13499999,5
80580,1.547334,12
80596,3.3993335,8
80608,33.139668,9
80628,34.013668,21
80648,-1.9843333,17
80652,3.0536666,11
80676,10.677333,12
80680,2.4793334,8
80692,3.8333325,10
80708,29.729332,8
80712,3.6126666,8
80732,3.0216665,5
80756,5.785333,6
80780,36.156,18
80796,20.985336,26
80840,15.807001,21
80856,5.651666,15
80872,18.881,23
80896,35.691677,75
80920,33.713333,20
80924,6.1443324,13
80940,-1.9716668,5
80952,4.2056665,7
80960,33.295334,16
80972,-1.225,5
81000,2.146667,10
81064,36.227333,52
81072,4.606,18
81080,10.835667,27
81084,-0.2650001,5
81112,2.1323333,7
81120,5.8106666,12
81132,1.8183334,5
81148,8.2890005,17
81156,48.504665,54
81160,-0.9743335,7
81184,0.11866689,6
81188,33.045666,17
81240,5.9276667,23
81248,10.798668,16
81256,5.189001,17
81276,9.690002,30
81296,24.811666,5
81308,6.555668,17
81336,1.2089999,7
81340,16.246998,21
81360,6.2820005,6
81376,0.053000033,9
81396,30.806334,9
81416,58.367332,42
81416,17.050003,30
81420,5.637,11
81440,0.9903333,11
81460,3.331667,5
81460,1.9703336,11
81464,5.3969994,11
81468,4.2076664,13
81488,4.535667,7
81500,3.7359998,8
81528,40.739002,17
81544,10.828001,14
81564,0.7316667,5
81580,-1.3456669,13
81592,28.130669,32
81612,18.746002,28
81620,29.055666,7
81632,5.751667,5
81652,17.009335,18
81660,0.09566641,7
81680,27.455666,7
81684,21.216661,30
81688,6.879,7
81704,25.965,5
81708,6.3139997,22
81724,27.538334,5
81728,31.434,12
81736,3.179,7
81736,10.120668,12
81756,-0.42166674,5
81776,2.4683332,5
81792,11.428667,16
81804,2.3456666,7
81812,8.866335,19
81816,0.7119999,6
81864,7.8349996,15
81892,49.407333,42
81896,30.266666,20
81900,4.460667,22
81952,33.418335,15
81972,6.8460007,18
81976,20.626,28
81992,-0.375,5
82004,7.999,27
82008,1.9993334,8
82012,26.871666,5
82060,43.84233,27
82060,0.4380002,14
82080,25.978333,5
82080,1.1983334,5
82100,-1.9016668,5
82120,17.002668,28
82136,21.66367,31
82140,1.7416668,5
82144,15.032001,16
82160,26.991667,5
82164,5.6353345,16
82224,1.8073323,22
82228,-2.0613332,16
82244,12.155002,25
82248,13.137335,22
82268,5.735,5
82280,5.1210003,13
82316,18.727663,23
82316,29.932999,9
82320,26.994331,13
82348,6.348667,26
82348,3.6189997,7
82356,27.826668,10
82360,5.9736667,11
82388,1.0760001,8
82408,9.318334,15
82416,1.952333,7
82432,25.658667,6
82440,28.418667,6
82440,38.653336,20
82448,41.095,25
82476,5.0423336,7
82492,5.427666,13
82516,2.2200003,10
82544,28.759,7
82564,1.9083331,5
82584,25.211666,5
82632,8.520666,12
82632,21.530003,50
82656,17.210333,41
82660,1.5223334,7
82660,3.282333,7
82676,4.5883336,5
82712,3.7310002,13
82712,35.099667,9
82736,12.896332,19
82740,28.495667,7
82748,75.229004,77
82752,2.3333335,10
82772,5.5049996,5
82772,5.0396667,9
82792,1.9583333,5
82828,16.437332,22
82832,8.155002,15
82880,12.507334,22
82880,2.3076663,13
82900,28.198334,5
82912,5.4366655,20
82920,-3.0516667,5
83016,18.144665,34
83016,21.435337,26
83044,27.975666,7
83052,7.9963326,9
83096,9.137,11
83104,32.995,15
83116,24.865,5
83120,59.106667,50
83124,27.431667,5
83136,1.1483333,5
83156,4.8859997,8
83164,3.7836668,11
83200,1.2253332,16
83224,37.541664,15
83244,-0.7716665,5
83244,31.437,11
83260,14.598668,26
83272,-0.04433334,7
83276,107.24732,132
83304,3.8956668,7
83308,9.608667,16
83320,2.311667,15
83344,4.1530004,9
83344,6.223334,10
83376,6.4446673,14
83380,4.523,9
83388,46.749664,29
83396,2.1743338,13
83404,1.9986668,6
83412,8.399668,9
83424,30.693,9
83432,25.511665,5
83468,38.269333,18
83476,11.823668,11
83484,5.671666,15
83488,4.701667,5
83504,19.281666,25
83512,31.533,9
83516,1.6423331,7
83520,4.5529995,9
83548,2.662334,7
83552,5.646666,10
83556,4.471,13
83568,4.9643335,13
83580,3.725667,7
83648,11.706667,20
83656,46.715,25
83684,42.788666,26
83692,6.757,11
83760,31.705667,17
83768,18.082668,28
83780,2.6483333,5
83800,-0.8206668,8
83812,80.652,66
83820,26.091667,5
83836,4.521333,14
83852,4.7060003,8
83852,55.840675,42
83856,-1.0816667,5
83872,24.825,5
83876,2.045,5
83904,8.029333,8
83928,14.939669,19
83936,43.293663,31
83976,43.318333,25
84000,40.609337,18
84000,6.808666,6
84024,26.425333,6
84048,37.643997,12
84076,9.474334,13
84084,33.128998,37
84092,6.8569994,11
84112,29.295666,7
84124,10.007334,12
84152,3.816667,10
84152,6.2183332,15
84160,15.964664,64
84192,4.859333,8
84204,8.813334,20
84220,12.455667,17
84236,2.5893335,8
84244,39.057667,13
84256,25.625,5
84272,6.527666,13
84276,26.636,8
84292,1.9649999,5
84296,29.935333,36
84304,0.18899989,7
84320,0.41900003,7
84348,31.264332,13
84356,2.9063334,9
84364,4.0950003,15
84384,23.530668,32
84384,26.638332,5
84412,2.3656664,7
84440,6.2513337,14
84444,35.101334,24
84448,2.333,9
84468,-1.3946667,6
84496,2.1079996,14
84512,8.000336,11
84528,4.6966667,20
84532,31.921333,44
84540,7.4136662,11
84556,3.7656665,7
84620,41.78,20
84668,18.906004,28
84720,13.648334,25
84736,67.670334,51
84740,0.6616667,5
84768,32.501328,64
84788,-0.24833333,5
84800,13.958667,16
84808,38.258335,35
84832,27.038666,6
84832,32.677002,11
84836,28.713,9
84844,16.462,26
84852,-1.0616667,5
84856,0.57500005,5
84884,28.022333,7
84896,6.115333,16
84928,5.783001,19
84932,0.45633316,9
84944,1.4216669,15
84984,8.940001,10
84996,11.159001,17
85012,27.629,7
85016,-0.07166648,5
85028,17.858002,24
85044,52.206665,50
85048,1.8160001,8
85064,27.563,9
85096,33.831,13
85100,35.230667,22
85120,1.6349998,5
85196,19.727667,33
85216,0.75166655,5
85224,29.651335,44
85240,17.822,36
85248,10.240665,32
85260,26.291666,5
85268,33.60367,11
85272,8.034667,14
85292,4.5126667,8
85304,4.476333,9
85312,4.9486675,16
85320,5.1856666,7
85328,9.998001,14
85348,4.988333,5
85348,-0.05100012,7
85348,30.399666,9
85356,30.917667,13
85380,28.916,8
85384,1.0496666,9
85392,5.6403327,11
85396,2.2566667,10
85400,-3.2883334,5
85436,5.213667,11
85448,1.3473332,12
85484,23.38167,25
85488,3.9676661,13
85500,31.181,13
85504,-3.3683333,5
85508,28.891666,5
85540,54.09533,36
85544,8.243667,11
85560,1.4450002,5
85568,7.8820004,16
85592,6.730332,21
85592,5.3059998,8
85612,2.3416667,5
85620,38.936333,19
85620,5.784333,13
85644,28.502666,8
85648,5.5590005,7
85648,5.651334,14
85680,32.388336,15
85680,26.262667,8
85684,27.846333,9
85712,5.2589993,7
85736,10.247669,23
85748,7.0956664,17
85768,25.285,5
85772,8.805002,15
85780,4.447,11
85788,-0.23166656,5
85808,-0.6450001,5
85844,7.772,16
85864,28.191666,5
85892,69.89099,53
85900,11.887667,23
85900,14.794002,32
85912,-1.1583333,5
85940,3.9063337,19
85960,-0.5550003,15
85972,11.465,15
86004,13.290335,11
86028,19.454,32
86032,33.965,15
86036,3.5159998,8
86048,-0.3183333,5
86096,45.06633,39
86124,2.7909987,23
86132,10.396999,21
86136,6.16,10
86148,12.916001,28
86172,28.967333,12
86172,0.88299966,9
86208,5.0583334,15
86212,2.9899998,10
86244,46.682663,28
86260,36.85067,22
86260,31.851,13
86280,29.589666,9
86312,5.366,8
86324,16.93267,28
86340,-2.2676668,7
86340,37.093334,20
86368,3.1756666,7
86396,10.874668,14
86416,31.252995,39
86436,10.105999,28
86444,4.7506666,12
86444,2.9656668,7
86452,13.397001,21
86464,2.0716667,5
86540,8.158667,26
86540,9.961332,24
86560,45.061333,24
86568,27.882332,7
86588,0.42900002,7
86596,5.355667,7
86596,25.395332,36
86596,9.548,14
86608,1.635,5
86616,24.985,5
86620,1.982,6
86680,33.438667,16
86692,1.5870001,21
86712,-1.1383333,5
86720,10.573666,31
86724,18.338669,26
86748,9.825666,17
86752,2.9223332,7
86768,5.2413335,14
86796,31.270332,11
86804,33.053,9
86824,30.495667,7
86828,12.800001,20
86872,1.8870001,11
86924,34.281,13
86932,39.109,27
86976,4.5603333,11
87032,46.019314,78
87068,18.527668,23
87112,19.293335,20
87112,5.883666,11
87124,40.62,80
87132,27.064999,5
87152,4.556667,10
87152,23.265665,57
87172,1.5249999,5
87200,35.115665,17
87208,0.153,9
87228,-0.05100012,7
87260,19.641333,34
87264,4.826333,9
87264,8.455997,28
87284,1.0350002,5
87312,8.647333,12
87328,18.339003,17
87340,28.882334,7
87348,2.8119998,16
87356,6.539,7
87360,-1.6183333,5
87400,4.3343334,13
87416,64.55733,52
87428,26.842333,7
87528,33.09734,42
87584,23.603008,39
87624,25.814003,52
87676,56.356647,80
87680,20.231333,24
87692,8.279,17
87736,6.0669994,11
87740,13.268669,16
87756,32.622334,57
87804,13.133669,31
87836,11.383334,20
87844,44.262,26
87860,7.671335,14
87884,29.033333,10
87904,29.978333,5
87904,-0.20766664,17
87912,7.440999,13
87940,2.0196667,9
87940,3.7863333,9
87960,25.105333,56
87980,27.064999,5
87996,8.744668,14
88032,1.4196668,9
88060,2.4956665,7
88084,30.004335,43
88100,32.313328,40
88100,25.423332,30
88104,0.95500016,5
88104,7.003667,11
88132,3.3856664,7
88136,5.7096667,9
88156,4.517667,13
88164,0.34566653,7
88184,2.5250003,5
88192,1.5896665,9
88216,13.310335,21
88220,-2.6276667,7
88236,26.258333,5
88240,30.067999,14
88260,29.685333,6
88280,-0.9916667,5
88284,4.783667,11
88292,21.826004,48
88304,1.6849997,5
88308,-0.32766664,7
88332,9.525995,28
88360,6.8509994,13
88364,6.7749996,15
88372,30.083332,10
88384,2.3783333,5
88420,5.6896663,9
88448,-2.1676667,7
88448,52.49633,39
88456,4.5446663,24
88484,27.953,9
88488,3.332667,8
88492,3.4369996,11
88520,31.829334,8
88536,4.8170004,11
88552,41.87166,45
88556,39.572666,18
88568,10.274,12
88588,2.4326663,8
88596,29.356998,11
88608,2.0626664,18
88616,6.0873327,12
88616,5.0056667,7
88668,3.187667,13
88672,8.919666,19
88696,35.644,22
88724,27.022333,7
88724,41.319,27
88736,11.712335,17
88764,13.901,23
88772,-1.7236667,9
88776,35.341,13
88796,11.899334,18
88812,0.9673333,12
88832,3.493,9
88836,7.405334,16
88856,1.8920002,6
88856,25.705,5
88864,41.317333,22
88876,0.6416669,5
88884,3.7523334,7
88896,11.403667,21
88912,27.642334,7
88924,8.211666,15
88932,-1.2416668,5
88944,37.485664,17
88964,-1.5916666,5
88984,10.214,22
88988,14.505334,16
88996,8.289333,8
89012,2.6820002,6
89032,3.5363328,9
89040,1.009,7
89052,1.055,5
89072,26.175999,8
89092,27.466667,40
89124,0.06766677,13
89144,17.223333,40
89144,25.404999,5
89152,13.734999,25
89204,8.385002,15
89248,31.78966,39
89260,9.464666,14
89308,7.947334,12
89324,50.011665,45
89344,11.501335,24
89364,4.0750003,5
89452,34.654,22
89460,9.918,34
89468,62.366318,79
89472,7.5150003,5
89508,24.173332,50
89528,2.5416667,5
89564,17.274668,24
89584,30.487999,14
89584,-0.6883334,5
89596,20.691334,34
89604,2.7549999,5
89612,30.368338,35
89616,0.17500001,5
89628,6.850333,11
89632,-0.13166678,5
89648,2.697001,11
89648,4.349334,8
89652,2.1550002,5
89672,3.0916667,5
89692,28.463667,11
89720,9.252666,18
89744,18.759668,29
89752,41.893333,20
89760,4.476667,10
89760,6.095666,17
89780,26.411667,5
89788,-0.010999918,7
89840,18.297335,22
89844,4.124667,14
89856,18.976,28
89864,0.8049998,5
89868,16.907333,22
89884,5.593667,11
89888,0.9716667,5
89892,-0.7003334,9
89908,8.693667,11
89920,27.899666,9
89924,4.3226666,8
89936,2.9356666,7
89952,9.318666,16
89956,31.339666,9
89984,-1.5343332,7
90004,2.7483332,5
90032,15.506669,20
90048,4.8603334,11
90048,26.036999,31
90052,0.6316668,5
90084,31.369667,9
90092,4.7503333,11
90104,45.390663,42
90124,7.669333,18
90156,6.3253326,16
90176,1.5816667,5
90188,6.9519997,26
90204,0.77233315,7
90232,6.6136665,11
90240,23.186333,29
90252,1.1316667,5
90268,15.495333,16
90280,47.297997,44
90288,6.6773324,12
90296,6.839,7
90312,33.015,15
90324,29.915665,7
90336,8.050667,12
90348,0.55966675,9
90380,6.437,11
90380,3.9150002,25
90408,3.895667,7
90416,2.5130002,9
90428,29.498333,5
90476,3.9550002,15
90492,26.123999,42
90516,0.6299999,10
90516,22.467339,42
90532,8.025335,26
90536,25.778332,5
90536,29.063667,11
90552,5.536333,9
90564,-0.03433299,7
90580,33.44367,11
90584,-1.0716667,5
90592,8.228333,15
90620,1.2596664,9
90628,12.806334,19
90640,27.904999,5
90640,7.8183336,15
90732,18.525331,26
90736,40.974663,24
90752,13.249999,40
90768,0.63633347,9
90768,0.39266682,8
90812,3.9569993,11
90836,36.663666,21
90840,28.635666,7
90840,64.68667,50
90864,17.124668,24
90868,6.1123333,7
90904,6.2730002,9
90908,11.042334,17
90932,16.534668,24
90932,0.632,6
90956,16.341,23
90960,0.16566706,7
90984,8.837669,13
90984,2.2256665,7
91000,5.2766666,10
91020,5.576333,9
91036,17.734333,33
91040,25.298332,5
91044,1.9536667,11
91060,6.676333,19
91060,0.76866674,6
91080,12.283335,10
91080,28.491667,5
91088,9.107,11
91108,7.4773335,12
91164,14.4003315,21
91172,7.3219995,16
91200,2.7556667,7
91236,-0.35033357,9
91276,9.165999,28
91288,3.3276672,13
91312,42.892,56
91332,0.0016665459,5
91352,5.0616665,5
91368,43.310997,23
91372,66.690994,73
91380,-2.0176666,7
91396,-0.7813333,6
91404,1.5363332,9
91424,28.482334,7
91440,6.6030006,9
91448,47.496666,40
91460,9.940001,20
91476,0.47633338,9
91484,36.131668,15
91500,9.807668,13
91500,2.1033332,10
91520,28.298332,5
91548,18.116,18
91572,21.183996,22
91576,1.679,7
91596,4.199667,19
91608,3.1696668,9
91620,45.413338,30
91636,4.9733334,10
91656,26.564999,5
91668,35.094,12
91672,9.762,16
91692,1.1550001,5
91696,15.28667,30
91716,36.684998,15
91724,10.748001,14
91744,4.025667,7
91744,5.4106665,12
91764,1.0166667,10
91788,20.827995,24
91792,5.657333,12
91860,15.743001,29
91880,16.837667,23
91920,23.420668,32
91952,14.552668,18
91964,1.2370001,11
91972,27.518333,5
91992,77.655655,57
92008,2.8763332,9
92036,4.2336664,11
92044,36.876663,20
92064,26.045,5
92064,8.932334,7
92072,48.717674,53
92132,16.737003,31
92156,12.774334,23
92160,20.988,24
92176,1.1183333,5
92200,19.517332,32
92220,12.517002,11
92220,7.611668,15
92240,15.852334,27
92248,28.042334,7
92296,35.608,14
92304,12.833669,21
92312,16.862669,28
92324,40.83967,19
92332,2.889,7
92336,3.7533336,10
92340,26.902332,7
92356,26.851665,5
92360,7.9129996,9
92384,33.874332,13
92388,5.312667,8
92424,5.0420003,16
92436,9.291001,13
92452,43.356003,28
92452,27.348999,7
92468,12.613335,20
92496,33.586998,11
92500,29.405334,16
92528,5.4459996,8
92552,12.411002,13
92556,8.450668,22
92560,25.792332,27
92588,28.272999,9
92628,35.875668,17
92648,10.98167,15
92668,27.058334,5
92684,16.70067,32
92696,13.364003,42
92780,18.686,28
92788,23.055334,26
92816,-0.42100006,7
92844,-4.7176666,7
92856,19.800003,40
92880,2.7696667,9
92908,27.315666,7
92912,37.386997,71
92928,8.739332,18
92928,0.7383331,5
92948,27.038334,5
93036,6.575666,27
93040,60.204994,65
93044,14.297667,33
93056,-1.3716664,5
93072,3.8890004,7
93092,0.9183333,5
93096,32.508,14
93100,7.2469997,11
93108,48.166668,40
93120,6.552333,7
93128,2.2716665,5
93128,28.062666,8
93128,5.299,7
93144,7.885333,6
93156,1.4090002,7
93172,4.850333,11
93176,31.280666,12
93212,4.653,9
93228,10.870334,21
93240,9.442334,17
93244,14.384002,22
93264,3.9049997,5
93268,4.289,7
93288,10.966334,19
93308,27.117,11
93320,42.247665,23
93340,27.851665,5
93348,36.72,20
93368,0.048333347,5
93376,33.397335,22
93384,0.57966685,19
93392,2.202,6
93400,3.7416668,15
93408,1.9893336,8
93444,4.833667,11
93448,11.5720005,16
93476,8.825668,7
93476,1.7826664,8
93496,3.4416664,5
93568,36.821335,44
93580,9.628668,26
93608,28.489,7
93644,1.5063331,9
93672,20.251339,44
93672,66.36867,66
93676,41.09233,27
93676,9.382668,8
93696,1.5550003,5
93700,-0.74099994,7
93704,-1.7576666,7
93712,3.936666,10
93724,1.3216667,5
93732,0.17166662,5
93756,7.5883327,15
93764,2.01,10
93788,34.227333,22
93792,2.349,7
93860,9.729,17
93868,38.68,20
93876,24.193335,30
93896,22.280333,41
93896,25.511665,5
93900,30.976,8
93928,-0.58099985,7
93940,0.88699985,11
93944,1.987333,12
93948,0.44833326,5
93960,3.648333,5
94016,12.909334,18
94032,10.380997,43
94036,8.133,19
94056,1.025,5
94072,11.554667,14
94092,34.985,15
94100,34.30367,11
94108,35.096672,40
94128,24.904999,5
94128,25.802334,7
94144,9.632668,18
94180,6.6510005,13
94192,22.528332,25
94200,-2.3283334,5
94240,13.401337,24
94264,9.615999,18
94288,14.284001,22
94300,8.864999,15
94328,28.542334,7
94352,44.280663,22
94372,64.210335,61
94416,5.355334,16
94420,49.850998,33
94424,38.348,24
94448,17.329668,19
94448,29.662333,7
94452,4.333,9
94480,29.389,7
94512,10.705333,16
94524,18.079666,19
94544,2.1293335,8
94572,2.1090002,7
94596,7.469333,18
94620,48.901665,35
94624,34.681,13
94632,14.417334,52
94676,2.6836667,11
94696,0.16833332,5
94728,12.325668,27
94748,36.911003,13
94772,2.9936664,11
94776,26.375668,7
94796,-0.5916667,5
94812,63.89466,54
94816,9.106999,11
94832,-0.23500001,5
94856,10.668334,15
94880,32.188667,16
94892,41.262333,67
94916,10.455,15
94944,5.1876664,13
94952,0.9663334,9
94956,6.972999,19
94956,17.943668,31
94980,6.145667,7
95000,-0.7683332,5
95012,7.4356666,17
95016,37.21167,15
95028,27.189,7
95032,25.851665,5
95052,39.651337,24
95064,27.036,8
95064,31.579666,9
95072,-0.91166663,5
95088,10.936001,18
95128,6.304667,14
95132,7.167,11
95144,17.333334,20
95164,31.293,9
95164,27.276001,8
95164,-0.4516667,5
95172,17.562334,27
95200,3.243,9
95220,4.101667,5
95232,9.848333,15
95240,-0.49166667,5
95276,1.7096667,9
95280,9.5096655,29
95328,37.697998,24
95348,1.9716663,5
95348,34.729332,18
95368,29.791666,5
95400,34.506336,59
95428,1.059,7
95452,36.14367,21
95460,31.128334,45
95472,31.036999,11
95488,26.915667,7
95496,38.84233,37
95508,6.484666,14
95516,2.8316667,5
95536,2.8916664,5
95544,30.394667,14
95544,8.276334,9
95572,6.4096665,9
95580,51.999,27
95580,6.8963337,9
95588,30.240334,11
95628,1.294667,14
95632,4.9643326,13
95640,2.8716664,15
95640,6.2543335,13
95672,-0.29733336,8
95684,31.724335,13
95684,7.178,14
95708,31.379667,9
95712,6.6323333,7
95720,32.919666,9
95740,3.845,5
95784,29.72867,36
95788,10.733,19
95828,5.5366673,10
95848,5.775333,16
95856,0.88566685,7
95896,52.72567,47
95900,3.961,13
95900,43.903336,40
95920,2.4486666,6
95932,27.349333,8
95952,9.629334,8
95952,42.77467,24
95980,9.56,20
95984,3.7126667,8
95988,31.559666,9
95992,8.275001,15
96024,0.6530001,9
96044,32.365,15
96044,0.82500005,5
96056,11.849667,19
96064,-1.725,5
96072,-3.901,7
96092,3.3056667,7
96092,1.2150002,5
96096,0.7166666,10
96112,-0.28499997,5
96116,4.3950005,5
96116,38.443665,31
96116,3.3819997,6
96136,27.431667,5
96156,-1.5316668,5
96160,0.47366667,11
96192,4.5459995,8
96192,11.880002,20
96216,7.2116675,15
96248,23.230997,33
96248,5.108,14
96252,2.273,9
96288,6.929666,9
96292,31.040333,11
96308,18.303003,29
96328,29.178333,5
96328,1.3496666,9
96336,8.167333,22
96356,27.832333,7
96356,5.101667,5
96384,12.371334,14
96420,-0.011333227,16
96424,15.112334,17
96456,1.2863333,9
96492,3.046333,9
96496,34.206,28
96576,16.087,21
96584,14.15667,40
96592,51.828667,76
96604,0.975,5
96620,2.2303333,11
96640,2.1316667,5
96640,48.098667,36
96656,31.654335,13
96708,3.8789997,17
96712,17.009998,30
96732,-0.07499981,5
96752,2.7736664,11
96760,18.939999,30
96760,26.962002,26
96764,29.716,8
96780,2.7789998,7
96784,1.3916667,5
96796,29.946331,9
96804,-1.198,6
96836,0.47333372,10
96844,7.306666,10
96856,26.358334,5
96880,18.481335,24
96892,19.447666,33
96956,8.592999,19
96960,14.802001,26
97020,11.052002,16
97024,25.638332,45
97044,3.2416663,5
97064,18.045334,26
97080,4.758333,15
97088,5.507,11
97100,25.831665,5
97128,0.7556665,7
97164,0.86300015,9
97164,39.17967,19
97172,8.565666,27
97180,73.034,72
97200,5.0923333,7
97228,-2.8476665,7
97260,14.294668,24
97280,25.431667,5
97300,16.339998,30
97320,2.8249998,5
97328,29.326998,41
97364,20.467997,34
97372,7.4636664,11
97380,6.5616665,15
97384,4.168333,5
97396,22.106335,29
97420,28.966333,9
97424,3.1703334,11
97452,14.496667,20
97456,27.639668,9
97480,25.978666,6
97488,39.970997,23
97492,37.869,17
97516,1.2056668,7
97536,42.857002,21
97556,31.06,10
97560,25.578667,6
97580,5.9573336,22
97600,5.741667,5
97608,35.544,32
97620,-0.865,5
97644,5.9796667,9
97652,3.062667,8
97660,20.328337,25
97664,26.351665,5
97688,6.1196666,9
97712,26.349669,39
97740,1.0623333,7
97744,10.210334,21
97768,1.249,7
97788,30.570333,11
97788,3.0349996,5
97808,1.7983334,5
97940,12.746001,38
97952,72.94732,72
97972,-0.21066666,8
97992,3.9250002,5
98024,4.4660006,18
98068,90.255,95
98088,25.331667,5
98116,42.72767,23
98128,9.757998,34
98156,0.3000002,10
98176,26.258333,5
98228,47.49167,35
98236,44.412334,27
98264,3.216333,9
98272,0.59966683,9
98292,64.47367,121
98292,1.059,7
98300,2.2223334,7
98300,37.697,31
98320,0.8656666,7
98320,-1.5749999,5
98340,-1.2650001,5
98344,32.233665,11
98356,2.5196671,9
98380,4.586667,10
98388,1.8026667,8
98400,-0.6116667,5
98412,20.010002,30
98432,-0.89966667,11
98444,27.429333,8
98452,37.247665,13
98484,13.901669,35
98484,6.8543334,13
98488,7.353667,11
98540,1.9379998,14
98568,10.263667,21
98576,6.517333,22
98592,8.101,13
98596,5.295,5
98616,-3.335,5
98636,0.018333316,5
98648,32.974667,14
98648,13.833335,20
98652,65.12334,50
98680,32.473667,11
98716,5.125666,17
98716,11.395669,17
98716,4.3129997,9
98744,26.902332,7
98764,33.304,12
98764,8.487332,12
98784,27.445,5
98784,28.034332,33
98804,26.291666,5
98804,27.011665,5
98816,29.424332,13
98820,19.266336,19
98832,2.6556668,7
98844,-2.551,7
98872,10.222334,17
98888,25.827,11
98896,39.563,19
98916,28.155666,7
98916,7.2570004,11
98936,41.008667,26
98952,10.286335,9
98956,-0.21833324,5
98984,4.3889995,7
99008,10.881001,23
99060,32.586334,19
99088,21.681334,34
99092,39.597,21
99120,-1.0910001,7
99120,0.9893333,8
99140,27.811666,5
99148,39.12767,63
99184,34.98033,11
99204,25.198334,5
99204,5.3146667,14
99216,11.261333,24
99224,27.051666,5
99224,26.465,5
99252,4.525666,7
99256,45.80966,49
99280,29.895666,7
99288,4.649334,18
99296,9.656,18
99304,6.234,12
99324,0.85899985,7
99360,1.699333,18
99360,16.546667,20
99368,35.03867,16
99380,2.8616667,5
99388,10.381999,16
99404,3.3930001,9
99424,-4.0846663,16
99448,7.8853335,6
99468,-0.35833332,5
99484,5.626666,20
99496,27.255667,7
99508,0.19199991,6
99524,22.655334,36
99580,9.8603325,21
99600,26.511665,5
99608,28.551664,55
99648,7.237334,12
99652,29.937,11
99664,36.205,35
99676,1.4389999,7
99692,4.5290003,7
99732,44.12199,56
99748,10.534667,14
99760,7.349,7
99780,27.682667,8
99788,15.292666,28
99824,3.1396666,9
99856,38.42366,51
99868,28.290333,11
99872,14.691001,23
99888,3.1693337,8
99908,15.099002,37
99940,3.5393329,8
99952,12.597002,21
99956,9.315667,17
99960,14.654003,22
99988,0.47633338,9
100052,14.082669,28
100064,16.383001,19
100068,13.532665,28
100120,10.4956665,17
100124,12.535,15
100160,40.72333,50
100168,19.335003,25
100180,26.285,5
100212,35.697666,23
100224,10.155001,25
100232,5.137666,13
100252,2.419,7
100256,1.6686668,6
100260,34.470665,12
100260,16.307669,23
100280,28.125,5
100280,0.83500004,5
100308,0.8723333,7
100312,7.3613358,14
100328,4.291667,5
100332,6.4083333,5
100352,6.7126665,18
100356,11.108668,26
100392,13.128668,16
100404,4.2126665,18
100420,0.92233324,7
100440,28.996334,9
100444,5.6653337,6
100472,-1.6676668,7
100492,7.9443336,13
100504,20.295666,37
100512,26.30667,40
100516,28.673668,11
100544,31.473333,10
100544,1.7760005,8
100564,28.918333,5
100580,7.404,22
100596,4.5843334,13
100608,43.554337,23
100616,8.667667,13
100640,11.627001,11
100648,7.3389997,17
100652,7.7203336,11
100672,5.3459997,8
100684,28.479668,9
100684,40.129,17
100704,3.9693334,8
100724,37.082664,18
100736,30.917667,13
100744,6.9399996,10
100772,18.90067,22
100808,10.420335,21
100812,17.925669,17
100820,12.940334,21
100840,-0.7609999,7
100848,28.422333,7
100852,14.476667,20
100860,6.917666,13
100860,-0.2850001,5
100872,1.5783334,5
100884,2.0253332,6
100904,1.9916668,5
100912,1.0800002,10
100916,38.399002,17
100916,4.561333,14
100932,26.678333,5
100948,28.862667,8
100968,0.53499985,5
100988,16.653667,21
100996,16.196669,20
101000,2.0560002,8
101040,10.747665,13
101044,6.797334,12
101076,6.076333,19
101120,32.070335,11
101136,6.6079993,24
101144,43.784332,53
101152,25.969002,27
101164,-1.7883333,5
101172,-3.1483335,5
101184,1.3673334,12
101200,5.786667,20
101212,27.606667,10
101244,5.4266667,20
101248,5.059666,9
101264,28.478333,5
101268,3.121667,5
101300,25.129665,29
101312,28.150665,12
101356,23.722998,39
101388,15.234003,22
101396,19.597336,32
101396,4.206667,10
101408,26.838333,5
101436,29.375668,7
101460,32.92533,16
101508,21.296331,49
101540,2.486,8
101576,8.829667,9
101580,23.492002,46
101592,27.302998,39
101600,-0.30166674,5
101612,30.963,9
101636,9.220333,11
101660,40.96667,50
101696,6.573,9
101732,46.966667,30
101748,52.112335,37
101764,33.069,17
101792,26.609001,7
101812,26.151667,5
101832,39.343666,21
101872,28.301666,15
101876,18.410002,60
101892,1.0516667,5
101952,4.9949994,15
101960,14.363999,32
101968,14.527667,23
101976,1.5886667,6
102004,2.2069998,11
102008,66.85966,69
102016,27.306667,10
102024,24.798332,5
102036,3.5883334,5
102076,9.697666,13
102104,30.602333,7
102104,10.844667,24
102120,14.992668,38
102124,8.440668,22
102164,5.7050004,15
102172,12.397334,12
102180,9.533001,19
102188,7.4656677,17
102200,28.158333,5
102208,29.426334,9
102236,4.595667,7
102244,6.453666,11
102260,13.979336,18
102300,33.778,14
102312,24.015665,37
102320,16.355001,15
102332,0.8616667,5
102336,13.741671,25
102348,29.542332,7
102360,31.878332,15
102376,3.7836668,11
102396,37.025,15
102396,29.446333,9
102404,26.689,7
102440,18.861002,23
102464,25.658667,6
102484,-1.1516668,5
102504,40.021667,25
102504,25.325,5
102512,22.689669,29
102588,30.316002,48
102600,4.6013336,24
102608,2.7616665,5
102648,6.8806663,12
102680,32.331333,44
102692,12.710335,21
102700,2.405,5
102720,30.189,7
102760,31.953333,10
102772,46.077003,31
102812,48.196,28
102816,8.641335,14
102832,13.928335,15
102836,1.4816666,5
102864,4.6823335,7
102868,58.73633,89
102884,37.247665,13
102900,29.079666,9
102928,7.251667,15
102948,26.911667,5
102956,7.234667,14
102972,3.6186666,6
102976,3.1350005,5
103012,17.407335,32
103044,32.045666,17
103064,44.99433,23
103064,-1.6983335,5
103064,32.340996,63
103104,4.799999,10
103104,16.47767,23
103112,7.4040003,12
103136,1.3826667,8
103148,10.243001,9
103188,40.667,21
103192,8.354667,14
103196,45.471,33
103208,6.0916657,15
103208,25.105,5
103248,34.338,14
103252,29.407,11
103284,37.329666,19
103288,7.303,9
103304,34.334667,14
103312,4.3190007,7
103332,24.904999,5
103336,7.0173345,12
103360,2.1889997,7
103376,53.158333,45
103380,-3.625,5
103388,2.091,13
103392,15.634002,22
103436,34.158,14
103452,9.475334,16
103460,7.965667,17
103488,24.952665,28
103492,6.166,8
103500,15.605332,16
103528,6.252333,7
103536,1.234,12
103560,6.902667,8
103612,4.554333,13
103620,50.67733,32
103628,19.284334,23
103636,20.555336,46
103656,1.9356667,7
103660,29.763332,10
103664,27.468998,7
103688,2.369,7
103692,9.629667,9
103712,9.747334,12
103716,16.442001,26
103768,10.793001,19
103796,15.896669,20
103844,5.840667,12
103852,10.150334,21
103884,25.149668,49
103888,8.967,11
103904,2.8976667,13
103924,-0.31833327,5
103984,22.715,25
103988,-1.4713339,16
103992,11.798668,26
104012,43.541664,75
104040,14.197668,13
104052,5.1690006,17
104056,2.1603336,11
104060,3.305,5
104084,1.1160002,8
104128,17.178003,34
104152,38.248,24
104156,7.626,18
104156,4.984668,24
104180,0.13900006,7
104216,29.282999,9
104244,37.579666,29
104260,3.743667,11
104280,49.647,31
104292,6.9440002,12
104304,3.5486665,6
104316,46.206665,40
104336,-0.29166663,5
104348,7.5846667,14
104384,3.6763334,9
104420,7.383,9
104428,47.640335,31
104432,54.540993,43
104452,27.064999,5
104456,-2.3943331,7
104468,2.6206665,12
104472,4.7416663,5
104476,50.111664,35
104484,-1.6643332,7
104504,2.482667,8
104536,37.422333,17
104560,0.98533344,6
104564,38.183334,20
104564,6.787333,22
104568,3.9086661,16
104584,-0.09833324,5
104596,28.255667,7
104600,0.7629998,9
104644,5.9206667,12
104660,5.693001,19
104664,-1.7583333,5
104672,8.349333,18
104688,51.654,32
104692,3.7949998,5
104696,3.4296668,9
104716,1.1089998,7
104716,25.532,6
104724,33.585,15
104724,-0.47766685,7
104744,27.622334,7
104752,30.796333,9
104764,-0.5250001,5
104784,25.404999,5
104784,9.875002,15
104796,31.117,11
104804,1.7849998,5
104804,10.626667,20
104820,-0.82466674,6
104828,1.8903333,11
104840,25.751667,5
104844,9.676666,10
104844,10.400002,10
104848,-2.6316667,5
104864,26.305,5
104868,0.9656667,7
104888,1.9520001,6
104896,8.897333,12
104908,9.838667,16
104916,1.4150002,5
104952,12.477001,21
104952,5.649667,9
104960,9.826002,18
104968,6.681666,15
104972,27.965,5
104996,6.173667,11
105008,4.86,10
105048,34.104332,13
105052,6.264333,23
105064,5.991,23
105084,31.846333,9
105084,39.616333,19
105104,4.9300003,10
105108,1.1719999,6
105140,11.764,22
105144,1.4063332,9
105172,25.775665,7
105184,17.508333,25
105216,11.233001,19
105228,8.657,11
105236,27.018333,5
105268,30.8,10
105276,17.678663,26
105296,26.505,5
105324,0.46899998,7
105324,12.484668,14
105344,2.1550002,5
105352,34.213997,62
105388,4.285333,16
105420,25.522,46
105468,7.2500014,20
105496,39.136333,19
105516,1.815,5
105520,25.230669,42
105544,33.43,50
105576,5.4016666,15
105576,33.751335,14
105584,8.190001,10
105596,25.158333,5
105616,-0.08500028,5
105620,4.026999,11
105624,23.356333,39
105628,34.683666,11
105644,1.1983334,5
105668,5.283334,10
105680,5.891999,16
105700,10.406666,20
105736,3.7363334,9
105744,16.595003,25
105768,37.024002,22
105792,-1.7360001,12
105796,25.385666,7
105804,15.269001,17
105840,29.306334,9
105844,33.79767,13
105872,8.175668,7
105892,35.775337,56
105900,29.249,7
105904,13.449,27
105920,-1.4183333,5
105924,-0.12833333,5
105944,25.805,5
105972,2.8923335,7
105976,37.57367,21
106008,29.226334,9
106016,2.1333332,10
106040,7.53,30
106072,7.491999,16
106076,5.3096666,9
106080,29.07,60
106096,10.836668,20
106104,29.008999,7
106124,9.653667,11
106124,25.351665,5
106148,-0.08233333,13
106152,1.8056666,7
106164,3.1299999,10
106184,-1.7716666,5
106188,7.436333,9
106228,34.812996,39
106232,10.687001,11
106248,1.8150003,25
106276,1.7906667,12
106280,7.167333,12
106284,29.303,9
106296,25.298332,5
106316,3.7259998,8
106344,0.058666587,16
106352,3.1529999,9
106372,1.1623333,7
106384,5.866,8
106420,42.890335,31
106436,49.190987,63
106448,9.646334,19
106460,21.549667,19
106472,31.781,13
106496,4.3463335,9
106512,4.5063343,19
106532,-1.9116668,5
106532,29.706333,9
106564,10.675999,8
106568,6.006333,9
106580,15.379,27
106600,12.946004,38
106600,-1.4950001,5
106628,27.455666,7
106632,9.435331,16
106648,7.0106673,12
106668,6.976666,10
106672,2.8819997,6
106676,2.007,11
106688,26.945,5
106772,39.39167,25
106796,3.6820002,6
106804,18.969667,29
106828,28.062666,8
106848,46.79767,43
106872,32.722332,17
106876,2.9256663,7
106884,39.423336,80
106888,9.941668,15
106900,26.775665,7
106908,26.258333,5
106924,32.277332,12
106952,4.6836667,11
106952,4.3989997,7
106980,7.023333,20
107000,6.3840003,12
107008,4.5856667,7
107032,10.596668,20
107036,31.143002,9
107036,21.619333,38
107076,8.1970005,11
107096,2.235,5
107100,6.9619994,16
107112,7.3796654,19
107144,7.010334,11
107164,1.1283334,5
107168,6.3346663,14
107184,-1.055,5
107204,26.018333,5
107204,11.932334,27
107232,7.1856666,7
107280,39.226334,19
107292,38.055,15
107312,1.2049999,5
107324,37.93633,79
107328,32.036663,40
107352,4.7366667,10
107360,-0.92366683,9
107372,44.621002,23
107392,3.9299998,10
107400,15.189335,18
107416,4.8770003,11
107420,5.501667,15
107456,3.4966664,10
107500,8.293333,20
107508,17.469666,29
107520,7.2753325,16
107532,1.1459999,8
107580,54.901672,45
107588,6.491333,14
107596,12.023002,19
107616,29.168999,7
107664,3.7569997,21
107676,5.6183333,15
107696,0.2650001,5
107696,53.20234,47
107712,52.532997,29
107716,27.171667,5
107720,8.274666,14
107740,6.9403334,11
107760,6.6403337,11
107800,6.0266666,10
107828,13.5390005,27
107844,48.920998,33
107844,27.788668,26
107872,5.526,18
107888,10.328335,15
107904,12.025002,15
107908,3.5096664,9
107912,11.262335,17
107940,4.396,8
107944,3.296,8
107952,35.315334,16
107960,26.331667,5
107984,9.540001,20
108016,2.0053332,16
108040,8.898001,14
108060,2.1436667,11
108072,5.919333,8
108080,4.9883337,5
108080,9.120002,30
108112,3.0926666,8
108124,1.4603332,11
108124,25.618332,45
108144,1.8683331,5
108152,30.98,10
108176,41.292,26
108180,31.195667,7
108208,5.175333,16
108212,9.634002,22
108240,9.0616665,15
108260,3.9606662,12
108264,7.934667,14
108284,32.983665,11
108300,43.833664,31
108316,28.175999,8
108324,14.942,16
108324,12.495,15
108344,1.4616665,5
108344,1.2789999,7
108352,34.287666,13
108364,-0.4749999,5
108372,0.58833337,5
108408,36.208664,16
108420,10.801334,14
108452,1.7070003,11
108472,0.26166654,5
108488,12.739001,17
108492,19.737335,42
108508,12.996335,9
108528,-0.3369999,9
108528,15.373003,39
108536,38.530666,12
108556,10.167334,12
108576,3.0149999,5
108592,32.138,14
108596,6.7223325,17
108596,24.771667,5
108604,7.4963336,19
108640,5.547,11
108640,8.533668,11
108660,4.1683335,5
108692,14.110667,22
108700,11.779001,27
108720,17.213333,20
108740,9.700002,20
108744,30.230333,11
108760,0.8223336,17
108760,32.88,10
108780,-0.5916666,5
108812,31.719334,18
108824,6.3320003,16
108840,22.258,24
108840,2.0156665,7
108868,32.163666,11
108880,3.6433334,10
108908,3.1790004,7
108916,6.0939994,12
108928,-0.14166665,5
108944,33.05033,41
108972,-0.4586668,14
108972,13.674334,33
108976,3.4926667,8
108988,33.975,15
109000,28.809,7
109008,3.7460003,8
109020,1.3316667,5
109024,5.3943324,13
109048,8.145001,15
109060,28.266666,10
109080,25.478333,5
109084,3.1396666,9
109116,2.3196666,9
109128,3.2936668,11
109148,4.2959995,8
109192,35.495335,16
109200,37.086002,48
109200,32.141,13
109232,28.96,10
109260,6.451667,15
109268,45.75033,61
109288,-0.20166695,5
109288,7.305667,7
109324,45.651,23
109328,39.244003,32
109332,29.857,11
109348,8.328334,15
109364,3.0030003,9
109384,-1.6736666,9
109396,39.575333,16
109444,38.813335,20
109448,2.787667,13
109472,2.3653333,6
109476,16.616001,38
109492,27.911667,5
109508,17.03033,31
109536,-0.61300004,11
109568,13.434335,23
109604,7.3723316,17
109612,24.607334,42
109612,28.557,11
109612,14.395334,26
109636,-0.7446667,6
109652,4.0999994,10
109676,6.415333,16
109684,30.150667,12
109704,2.845,5
109724,30.180002,30
109740,10.885334,16
109776,7.134333,13
109792,34.414333,13
109796,27.591667,5
109840,7.3336673,11
109840,8.730666,12
109848,53.453003,49
109852,20.76567,37
109868,28.469,7
109912,3.5593328,18
109924,34.24267,18
109964,4.2043333,13
109968,29.357,11
110016,4.751,13
110032,19.856998,41
110076,37.905663,57
110096,1.1316667,5
110104,18.33467,34
110156,2.958333,15
110160,30.602001,36
110204,11.8743305,43
110256,43.708,24
110276,1.9683335,5
110288,14.627666,33
110312,40.957325,52
110340,24.991333,34
110344,17.185667,17
110352,6.123333,10
110356,5.2589993,17
110380,30.439667,9
110408,33.558,14
110416,8.243,19
110428,26.391666,5
110436,25.904999,5
110456,1.7190002,7
110476,21.25667,30
110516,34.918335,15
110528,16.839003,37
110544,17.61567,27
110564,-0.10499999,5
110572,4.5546665,14
110588,6.2820005,6
110656,54.06833,45
110668,17.811666,35
110684,0.31233335,7
110696,0.8589999,7
110704,23.284334,33
110724,29.06,10
110800,36.826332,19
110812,15.775668,27
110832,38.327,61
110832,0.0016665459,5
110848,24.372665,38
110852,0.74833333,5
110872,-0.44500005,5
110888,3.1279998,14
110888,16.347336,22
110896,9.990666,12
110908,25.911667,5
110916,0.8223332,7
110944,26.909,7
110964,17.621002,23
110992,16.027,21
111004,9.902334,27
111024,0.9316666,5
111024,31.331665,15
111040,4.744,12
111076,5.149667,9
111100,36.30967,19
111120,0.79166657,5
111140,28.479666,29
111148,44.35367,51
111184,7.056333,9
111188,5.415667,17
111196,6.464665,14
111216,6.299,7
111244,30.934,12
111244,3.6556664,7
111272,17.684,22
111276,2.5726666,8
111280,34.270344,51
111292,9.054001,12
111324,6.067667,13
111328,4.1376667,13
111340,2.8816667,15
111348,1.2383333,5
111368,42.146336,19
111392,2.3110003,13
111404,13.473333,20
111424,2.6946666,14
111468,23.353333,30
111492,35.321667,25
111504,10.186668,20
111504,29.499666,9
111524,-0.30499983,5
111528,1.0853332,6
111560,9.932335,17
111560,1.9959998,8
111604,9.267001,11
111608,6.1770005,21
111632,28.122334,7
111644,27.653326,60
111652,2.611667,5
111684,17.213667,31
111744,32.06167,15
111756,18.799,37
111816,29.981667,15
111824,7.349999,20
111840,-0.88466656,6
111876,68.63532,56
111880,30.129671,59
111924,12.903668,11
111924,23.445002,25
111944,9.419001,17
111964,0.2316668,5
111976,5.8310003,13
111976,9.847668,13
111984,-1.7883333,5
112004,0.26566672,7
112012,31.177664,43
112044,3.0526667,8
112056,1.0026668,18
112072,3.4990003,7
112108,18.474333,33
112144,29.51167,35
112156,6.945,25
112160,39.13067,22
112164,0.7583332,5
112196,3.4566672,10
112196,7.686334,9
112216,5.8243327,13
112248,3.021,13
112260,13.082667,38
112260,10.483667,11
112268,-2.2516668,5
112272,33.643,19
112288,1.769,7
112288,1.3516666,5
112296,31.966333,9
112308,-1.2383333,5
112312,7.2500005,10
112320,2.1486664,6
112340,3.5956662,7
112364,3.1736665,11
112364,2.238,14
112392,35.554337,13
112396,13.068999,27
112416,26.425,5
112440,15.733001,19
112468,11.251001,13
112480,11.800666,22
112488,10.530666,12
112512,4.347,11
112516,27.159,7
112576,28.491007,53
112604,2.6356666,7
112604,22.463669,31
112616,12.298665,26
112660,27.624666,14
112664,13.175003,15
112680,-0.37500012,5
112700,16.64367,21
112704,6.8533325,10
112732,3.5110002,13
112764,25.479332,8
112772,5.725667,17
112792,16.754333,23
112800,48.377,71
112808,29.893,9
112840,32.760002,10
112848,41.560333,21
112884,16.231,23
112888,29.524,12
112888,31.7,10
112908,28.131666,5
112912,16.655336,26
112920,5.5963335,9
112928,3.3416667,5
112932,-1.8063333,11
112948,2.545,5
112968,3.139667,9
112972,3.4576669,13
112980,2.9660003,8
112992,-2.625,5
113008,18.044666,24
113032,6.877666,13
113036,7.6956673,17
113064,7.708001,14
113092,5.8689995,7
113096,3.025,15
113104,34.972668,18
113124,5.1156664,7
113152,5.298333,15
113168,3.1269996,11
113172,-1.4816668,5
113176,12.479334,18
113192,-0.5483333,5
113240,48.870663,62
113240,13.2439995,12
113272,43.74533,26
113308,15.357672,33
113320,41.323334,20
113324,10.927668,13
113356,2.8363328,9
113356,12.997334,12
113376,26.904999,5
113392,2.949667,9
113408,10.310334,21
113412,27.353,9
113428,25.498333,5
113432,0.3916664,5
113440,31.750666,12
113448,25.404999,5
113460,0.9450002,5
113468,28.479668,9
113492,-0.09466684,6
113492,2.6426663,8
113504,1.888,14
113512,60.155994,68
113552,8.891667,15
113624,16.474333,33
113636,4.647,21
113656,29.042667,8
113656,27.191666,5
113676,2.9650002,5
113720,52.850662,52
113748,34.68033,61
113760,16.142002,26
113768,4.9216666,5
113772,9.347668,13
113804,1.2463335,9
113812,31.177668,13
113832,6.7050004,15
113872,7.4166665,10
113888,46.451004,53
113892,11.864001,22
113908,3.2883337,5
113912,1.4766665,10
113916,3.1819997,26
113928,27.599667,9
113948,1.2963337,9
113968,11.281,13
113980,10.566,18
114004,30.932999,9
114028,39.18167,25
114040,32.05967,9
114040,8.5476675,23
114072,7.667001,11
114076,2.0596666,9
114136,3.7916663,15
114140,2.6156669,17
114148,60.024002,42
114164,0.8520001,6
114184,0.28499985,5
114192,29.307,11
114208,20.417332,42
114228,2.2350001,5
114248,1.0949998,5
114248,8.025333,16
114252,23.903002,29
114264,4.8426666,18
114284,31.493,9
114292,31.903666,11
114312,1.6316667,5
114356,5.2526665,18
114388,10.043,19
114404,34.184,12
114424,50.457664,43
114424,29.673,9
114428,-0.3679998,6
114444,26.545,5
114472,1.3423336,7
114476,32.684334,13
114484,26.448334,55
114492,10.478666,16
114504,3.1823332,7
114524,24.311666,5
114564,41.569336,18
114596,16.927,31
114616,33.024334,23
114624,6.9390006,7
114648,14.7436695,21
114652,2.6723337,7
114668,8.794334,13
114680,27.915667,7
114696,32.52767,53
114720,35.487667,13
114748,13.121001,13
114772,3.337667,13
114792,29.058666,36
114804,30.894667,14
114812,17.534338,33
114824,-0.07399988,8
114828,-0.46466672,6
114832,9.165001,15
114836,29.092,6
114856,5.1483335,5
114888,32.088333,15
114904,10.793335,20
114956,40.747,31
114960,3.0713336,14
114976,11.364,22
114984,2.7286668,6
115000,2.6620002,6
115020,11.820335,41
115020,12.889668,9
115028,6.8056664,7
115048,0.41566658,7
115076,19.81,30
115100,1.5919999,6
115124,5.612001,26
115136,12.270667,22
115156,3.944666,14
115212,6.144666,14
115236,19.098333,25
115248,15.418332,55
115256,-0.66499996,5
115260,3.6440005,12
115276,2.7716665,5
115296,6.166333,9
115332,21.18067,52
115360,36.773666,21
115404,10.619335,18
115408,44.322666,28
115420,11.898334,15
115440,29.145998,48
115448,-0.21766663,7
115460,25.391666,5
115492,18.884,22
115500,45.38433,23
115520,-0.37100005,7
115528,-0.57766664,7
115544,15.650336,21
115548,4.6816664,5
115556,4.9696665,9
115576,26.515667,7
115588,18.171663,35
115596,6.783333,10
115600,9.084667,14
115628,4.4500003,10
115632,6.986334,9
115636,3.3816664,15
115648,1.4306664,12
115656,4.1089997,7
115656,26.558334,5
115668,-1.8683333,5
115676,3.2683337,5
115676,2.9216666,5
115688,2.815,5
115696,5.375,5
115716,1.7216668,5
115732,11.235002,25
115788,5.0746665,14
115800,16.037,31
115808,15.754335,23
115856,20.367334,42
115876,26.265,5
115876,0.14899993,17
115896,3.855,5
115904,1.9856669,7
115908,11.9833355,30
115920,15.683336,30
115932,3.9523335,7
115936,-0.9543333,7
115952,13.241333,14
115968,28.064,12
116000,5.2973337,12
116032,11.622002,16
116040,4.1833334,10
116068,-0.15700006,9
116068,1.5756664,7
116092,3.5719995,6
116096,30.2,40
116112,49.521667,45
116128,8.569667,9
116144,2.4740005,12
116176,23.022333,27
116180,1.8363338,9
116204,32.276333,19
116240,6.1083336,15
116244,5.9933333,10
116244,1.4076662,33
116276,5.4563336,9
116304,37.058334,15
116324,28.058334,5
116344,33.875668,17
116352,29.215666,7
116372,39.234,32
116380,60.58033,51
116388,3.3596666,9
116424,7.249667,9
116424,4.1710005,13
116428,33.817333,12
116476,10.157333,12
116476,6.0476656,33
116504,5.1056666,7
116528,21.998669,26
116532,8.981334,14
116536,14.369332,28
116568,6.1030006,9
116584,13.926668,20
116584,4.157333,12
116588,24.904999,5
116596,16.772335,17
116612,0.2556667,7
116656,14.015666,17
116656,33.271667,15
116696,3.7066665,10
116712,29.690666,32
116716,16.488335,15
116724,18.56267,28
116732,3.9429998,9
116740,5.5090003,7
116776,3.3743334,13
116784,33.383667,11
116824,12.420667,12
116832,19.826336,29
116836,11.101997,26
116848,4.8253336,16
116856,28.125,5
116868,4.036333,9
116888,28.011665,5
116920,42.604668,24
116932,34.343002,19
116940,-0.60166645,5
116968,5.7200003,20
116972,47.506996,31
117000,28.196,8
117004,9.932001,16
117052,56.193336,30
117064,-0.56166637,15
117076,3.6586666,6
117084,13.716999,21
117088,26.532,6
117116,26.469,7
117132,37.274666,14
117132,5.6406665,12
117144,53.471,43
117200,36.245667,17
117228,10.872668,28
117228,10.587,21
117244,9.973667,11
117272,32.957,11
117316,10.886001,18
117344,0.97566664,7
117348,15.513001,19
117356,37.458668,56
117368,6.128333,5
117384,27.222332,7
117388,0.7136669,11
117420,7.974334,13
117444,8.025002,15
117488,30.420334,11
117504,40.116337,69
117512,32.976997,31
117524,7.969666,9
117536,22.966335,29
117556,0.691,13
117568,6.7760005,8
117584,5.885,15
117592,0.3686669,6
117628,25.606333,29
117628,8.733667,11
117648,2.751667,5
117648,27.325,5
117668,1.5916667,5
117740,36.086,18
117764,39.556335,29
117764,36.690998,43
117768,15.720999,53
117788,29.864,12
117792,26.685665,7
117800,3.2359998,8
117820,4.7926664,8
117840,2.5216668,5
117856,3.8379993,14
117888,12.976997,31
117896,18.325333,26
117900,1.0803335,11
117916,2.709,7
117928,28.742666,8
117936,30.926334,9
117936,2.1583333,5
117948,47.145668,27
117968,29.009335,8
117972,8.083667,11
117984,30.169666,9
118000,30.729332,8
118020,26.665,5
118068,10.784665,24
118168,45.789,37
118176,7.882335,27
118196,1.8223333,7
118276,54.301662,85
118288,7.7243342,23
118332,7.0536675,11
118340,28.833662,41
118384,32.141,13
118384,38.799,27
118404,29.418333,5
118428,7.0939984,22
118432,-0.10433334,7
118448,28.271667,5
118460,93.04299,119
118464,4.2693334,8
118480,0.37833327,5
118484,30.399666,9
118508,0.84566677,7
118544,13.631668,15
118564,2.888333,5
118580,45.966335,29
118584,25.498333,5
118584,7.6563334,19
118600,41.338005,54
118620,0.6716666,5
118636,2.8543332,13
118656,12.672666,18
118680,8.255,15
118692,7.039667,9
118696,5.608333,15
118712,25.818333,5
118716,-1.4136666,9
118744,1.624,12
118764,25.791666,5
118780,8.528999,17
118804,7.867333,22
118816,17.299667,59
118856,6.2976665,13
118868,14.627335,22
118888,9.306002,18
118932,41.607334,42
118932,2.090333,11
118944,14.810669,22
118960,4.839,7
118960,21.754335,23
118968,2.5396667,9
118988,29.055666,7
119036,19.867668,23
119040,12.846001,18
119044,8.606998,21
119064,0.9456668,7
119076,5.0993333,8
119084,12.754667,24
119092,28.562332,7
119104,3.5716665,5
119156,8.132,16
119192,28.819666,9
119192,13.603,29
119220,10.236332,29
119248,4.432333,7
119252,4.2383327,15
119252,56.52433,53
119268,38.039665,19
119272,2.2516665,5
119296,4.2089996,7
119300,4.1706667,12
119300,-0.551,7
119340,15.207668,23
119388,14.980665,22
119392,12.787667,13
119400,19.301668,25
119412,8.809667,29
119420,4.6416664,5
119424,-2.4369998,9
119428,29.573002,9
119440,26.838333,5
119448,31.393002,9
119468,1.7283334,5
119472,33.817333,12
119476,3.2096667,9
119488,9.745002,15
119496,7.481666,5
119504,26.216,8
119516,3.1323333,7
119520,33.417667,13
119536,4.5026665,8
119556,-0.42499995,5
119556,4.909666,9
119568,37.419334,18
119576,13.9416685,15
119580,27.538666,6
119600,1.2349998,5
119608,5.099333,8
119608,0.5733335,10
119632,0.27200007,6
119636,1.759,7
119652,11.454333,13
119664,0.24266672,8
119672,2.125,5
119680,7.1869993,11
119696,31.588327,35
119732,35.60167,15
119756,40.773003,19
119760,0.37566662,7
119792,9.797333,32
119796,5.943333,10
119828,3.0230007,9
119832,3.5759997,18
119852,2.1079996,14
119856,20.543339,40
119868,8.089999,10
119872,30.503334,10
119880,-4.751,7
119900,5.2326665,8
119916,2.5403333,11
119944,28.400333,11
119964,1.2473332,12
119964,-0.26166677,5
120000,47.033333,30
120008,7.277,11
120028,6.6889997,7
120036,0.2656666,7
120076,9.687334,12
120144,15.532333,27
120168,40.460335,51
120188,3.0169997,11
120200,29.642666,8
120244,52.377335,42
120256,-0.102,14
120276,-0.45833337,5
120276,2.0626664,8
120372,3.5713334,24
120392,-1.4216667,5
120404,22.964,32
120420,-0.56766677,7
120448,2.542334,7
120488,36.200333,21
120488,63.15834,75
120508,-0.12166679,5
120516,-0.6776666,7
120540,5.3026667,8
120552,22.415333,26
120576,26.833,9
120620,97.90034,191
120620,13.988665,26
120644,35.204334,23
120644,4.012,6
120680,28.603,9
120696,6.894334,13
120704,12.773668,21
120740,5.766333,9
120748,47.544334,43
120764,11.737,21
120776,1.7063332,9
120816,6.1766663,10
120832,6.365666,17
120836,25.325,5
120872,28.161337,44
120900,3.9523335,7
120908,3.473,19
120940,52.776,48
120944,2.9863334,9
120944,3.0603337,11
120952,18.409666,29
120964,0.16833329,5
120996,0.10366666,11
121008,6.853667,11
121016,28.351665,5
121040,36.93467,24
121076,7.471666,15
121108,40.128334,25
121148,16.219002,27
121176,37.425003,25
121176,8.699002,17
121184,4.729666,9
121196,2.6049998,5
121220,36.699997,70
121228,5.440334,11
121244,11.985668,17
121280,40.623665,21
121328,9.433666,21
121344,18.713,29
121348,37.97567,17
121352,14.647667,33
121372,0.6683334,5
121400,-1.5043334,7
121408,13.098332,15
121424,14.821333,24
121436,6.1596665,9
121452,17.605669,27
121468,29.007,11
121496,16.087336,22
121500,3.2293334,8
121504,37.322334,17
121548,2.6303334,11
121552,18.505,25
121588,37.847336,22
121592,5.527,11
121600,5.3953323,26
121608,2.6883335,5
121612,29.871666,15
121620,-1.6510001,7
121656,32.07467,14
121660,31.146667,10
121668,7.0446672,14
121684,15.526336,19
121696,5.1256666,7
121712,28.809,7
121720,6.935333,16
121740,4.0389996,7
121756,6.4350004,15
121764,2.6603327,11
121768,3.012333,7
121796,26.809,7
121836,30.606667,10
121836,6.916665,20
121840,2.2996662,19
121860,3.9553332,6
121864,28.498667,6
121868,38.357338,52
121888,3.8189998,7
121892,3.9756668,7
121908,31.533333,10
121916,5.149,7
121916,8.813332,20
121932,5.9319997,6
121936,25.418333,5
121940,3.9553332,6
121940,7.614,12
121960,1.6583332,5
122068,40.954666,34
122100,54.295,35
122116,56.444664,44
122128,3.2923331,7
122136,29.133331,50
122164,8.883,9
122172,23.452002,26
122180,10.72867,16
122184,27.445,5
122192,2.2616668,5
122204,2.6416664,5
122212,27.125,5
122268,7.7686677,16
122268,9.588001,14
122292,22.129667,39
122296,26.455666,7
122304,25.60367,31
122304,7.403,9
122320,3.2423334,7
122340,26.425,5
122360,2.1550002,5
122372,4.2390003,17
122376,2.816,18
122408,20.209335,28
122452,13.527667,23
122456,40.540337,21
122476,9.909,17
122516,27.118338,35
122520,12.369,17
122520,15.395335,16
122568,35.877335,12
122580,13.968668,26
122588,35.64267,18
122604,0.3796667,9
122660,22.945002,35
122676,7.9826665,18
122712,8.047667,13
122724,44.538666,36
122732,1.3416668,5
122744,26.471666,5
122768,15.861002,23
122780,3.093,9
122788,26.525,5
122808,6.9496665,19
122816,44.45233,57
122836,26.431667,5
122840,9.088334,15
122856,2.371667,5
122872,15.900334,21
122880,33.36933,18
122888,3.5873332,12
122904,0.8093331,8
122916,-1.8443333,7
122944,30.255667,7
122952,4.1306667,12
122976,-0.3746667,6
123008,29.229332,8
123020,5.3830004,19
123032,24.819336,38
123040,25.765,5
123076,6.029667,9
123080,5.642667,18
123096,5.7453327,16
123100,14.190338,61
123100,25.485,5
123112,6.213,9
123128,-0.39433336,7
123140,0.22899997,7
123160,1.8093336,8
123168,15.272334,17
123200,36.458336,15
123204,29.373667,11
123224,27.911667,5
123264,4.456666,10
123288,28.14,30
123288,27.42934,48
123296,1.3926666,8
123300,22.855001,25
123324,1.6623335,7
123348,2.8086665,6
123372,9.156,18
123392,13.30867,26
123432,23.265335,36
123472,16.411669,25
123480,43.324333,33
123512,4.869999,10
123516,27.010338,31
123536,3.5749998,5
123544,5.172,16
123556,25.978333,5
123588,26.252666,8
123592,17.980001,20
123608,1.3716666,5
123624,34.35,20
123632,5.395333,6
123668,29.899666,9
123684,15.748334,15
123696,1.5323334,7
123712,31.916664,70
123716,31.766998,31
123740,28.289,7
123752,6.6423326,17
123780,4.1056666,7
123788,44.66767,23
123800,35.488335,15
123824,2.1070004,11
123844,1.0036664,11
123864,5.1496673,19
123888,2.4269998,11
123900,48.432,46
123908,31.830334,11
123964,11.318666,16
123972,9.730333,21
123976,29.806,38
123984,14.663,19
123992,3.1956668,7
123992,-0.28499997,5
124004,1.0323334,7
124024,27.39,10
124068,5.0853333,16
124068,10.569668,19
124088,6.468667,16
124108,5.0833335,10
124112,42.856667,30
124132,2.5536666,11
124152,3.8116667,5
124172,26.718334,5
124172,7.7786665,16
124192,25.611668,5
124204,1.146,8
124204,2.584334,23
124236,14.167001,11
124252,36.112,46
124252,5.7973337,12
124256,26.278334,5
124272,26.558334,5
124276,2.3186667,6
124276,25.471666,5
124296,24.825,5
124296,3.5483334,5
124308,1.0063334,9
124328,3.6293335,8
124332,-0.0836668,9
124352,2.5503333,11
124352,27.511665,5
124372,1.5316665,5
124376,38.404324,43
124388,29.075,15
124396,27.258333,5
124408,25.939667,9
124416,-0.37833333,5
124456,4.367333,12
124460,17.929,27
124504,15.380668,22
124524,45.541336,34
124532,2.849,7
124544,13.634001,22
124604,40.693333,20
124624,8.616668,20
124640,53.088333,45
124648,4.0536666,11
124668,1.9203334,11
124676,21.318666,36
124680,2.062667,8
124680,25.333332,10
124696,3.5083332,5
124716,28.291668,5
124716,4.1206665,12
124748,33.119,17
124768,9.654001,22
124768,5.474334,13
124784,-0.4003333,9
124796,4.1156673,7
124796,5.0923333,7
124804,3.055,5
124824,2.7283332,5
124840,20.64367,31
124840,2.7436666,11
124844,1.9649999,5
124864,38.469,17
124880,1.1266665,10
124912,12.632666,18
124912,2.6359997,8
124932,17.164001,22
124932,4.2083335,5
124952,27.391666,5
124952,-0.49166667,5
124960,30.494,12
124972,2.1549997,5
124980,26.302334,7
124980,1.5483332,5
125008,1.8096666,9
125008,24.998665,36
125036,-0.801,7
125036,2.305667,7
125056,-0.4183333,5
125076,37.21467,24
125084,7.859,7
125084,0.7706666,12
125120,3.263,9
125152,42.565666,17
125152,7.476333,19
125180,27.782333,7
125188,3.5196662,9
125196,8.293001,19
125200,-1.3583333,5
125240,5.5269995,11
125272,1.3659999,8
125284,4.8079996,24
125288,53.40899,77
125288,7.460666,22
125320,27.736,8
125328,2.2536664,11
125340,14.947668,13
125348,3.122333,7
125352,11.03,20
125364,32.919666,9
125368,28.455666,7
125372,5.6653333,6
125392,0.71566653,7
125396,3.9423332,7
125412,3.6616669,5
125428,11.364668,14
125440,2.2303333,11
125468,0.25900006,7
125484,28.391335,14
125520,8.673,9
125536,35.765667,17
125552,21.506674,50
125572,21.149998,40
125572,27.556332,9
125592,4.9283333,5
125596,8.993667,11
125604,34.613667,21
125624,4.4656663,7
125644,3.7810001,13
125668,7.441332,24
125676,35.732666,18
125696,10.332669,18
125712,28.359667,9
125744,-0.3773334,8
125752,33.969,27
125756,41.770664,22
125772,6.159,7
125772,7.8963337,19
125792,-0.46366674,9
125804,13.997667,13
125812,1.9933332,10
125840,33.717335,12
125844,27.502666,8
125900,12.087999,24
125944,40.562,26
125948,29.564667,44
125984,7.1963325,9
126032,46.559002,47
126052,17.049,17
126080,22.274664,34
126080,0.87566674,7
126080,27.185003,45
126116,14.767002,21
126128,7.7206674,12
126152,16.772667,18
126172,7.838,14
126172,28.038334,5
126176,20.244669,24
126208,2.416,8
126236,0.14233327,7
126256,1.825,5
126264,16.681004,23
126264,41.514336,23
126300,27.523666,11
126300,3.3496664,9
126316,33.552334,47
126352,11.400669,22
126368,6.074333,13
126384,10.910334,21
126392,42.474335,23
126396,5.432333,7
126416,-1.525,5
126420,2.793,9
126424,12.7160015,18
126444,3.9276662,13
126448,1.2826664,8
126484,8.733333,10
126488,7.005667,17
126492,31.673668,11
126520,16.328001,24
126544,-0.4979999,6
126576,36.760334,21
126588,41.76867,26
126592,2.0906668,12
126612,25.185,5
126616,31.169,7
126636,25.724998,5
126636,-0.07466674,6
126672,1.1363332,9
126696,66.593994,52
126716,33.576668,20
126724,28.472332,7
126728,21.849333,38
126740,28.411999,6
126764,26.071999,6
126780,19.285666,27
126796,33.549,17
126824,-0.181,7
126864,13.241667,35
126880,9.143001,29
126888,9.472334,27
126904,39.94667,20
126916,8.334334,13
126920,6.6733327,10
126920,5.072666,8
126944,2.52,10
126960,10.160001,10
126960,3.9270005,11
127068,15.482331,37
127112,30.380333,11
127140,33.168335,45
127148,3.6963334,9
127176,22.807999,54
127212,39.156,18
127216,41.275997,68
127228,31.347666,13
127248,-0.46500015,5
127252,31.349998,10
127268,37.036667,30
127276,-0.7443333,7
127292,28.073334,10
127304,7.4396663,9
127324,-1.0550001,5
127340,11.292003,16
127364,59.932335,37
127368,-0.72633326,11
127384,0.97033346,11
127424,23.024334,33
127436,11.819001,17
127440,9.661334,14
127484,39.41,30
127504,2.0983334,5
127532,4.514333,23
127548,48.207,31
127576,6.083667,11
127580,5.6296673,19
127612,39.76466,44
127616,4.1163335,9
127636,-1.4516667,5
127644,14.952335,17
127652,38.298668,26
127680,7.228998,17
127712,13.265667,17
127716,38.98333,20
127716,36.312,16
127744,-0.52099997,7
127748,8.203,9
127752,29.026333,9
127776,0.25600028,8
127776,30.755667,7
127836,33.118332,15
127856,7.3486667,26
127856,27.60467,44
127860,26.112,6
127888,19.682667,28
127920,3.9253335,16
127924,12.005335,16
127936,13.913336,20
127944,5.6646667,14
127964,27.982334,7
127984,-1.0516666,5
127988,5.2103333,11
127992,14.792335,17
128012,2.311667,5
128020,3.7696667,9
128040,27.285,5
128064,10.658668,36
128080,9.354335,23
128080,6.4866667,10
128124,11.578333,15
128136,30.304665,14
128140,35.525,15
128144,5.395,5
128156,24.988668,36
128180,27.663334,10
128180,0.48300007,9
128216,4.1463337,9
128260,12.525334,26
128272,33.068,14
128288,-1.1776667,7
128300,51.88033,41
128308,0.85833323,5
128332,30.062662,38
128348,6.8329997,19
128368,1.8823329,17
128368,-0.5083333,5
128392,3.0086663,6
128412,13.262003,26
128428,28.699665,9
128440,5.935665,27
128448,1.9463334,9
128448,1.2316667,5
128452,9.670334,21
128468,2.2716668,5
128484,5.4536667,11
128496,-0.85966647,11
128500,32.40767,13
128528,4.0103335,11
128540,0.039333344,18
128580,34.553665,21
128604,4.625334,16
128624,-2.565,5
128636,18.932333,27
128652,39.209335,18
128672,-0.4716667,5
128684,31.551996,46
128692,36.408,14
128700,4.495666,7
128704,11.546668,20
128712,-0.8483333,5
128736,8.806001,8
128740,4.3233333,10
128740,1.452333,7
128752,31.565666,17
128760,25.978333,5
128784,1.5536667,11
128784,32.080666,12
128796,1.8403333,11
128804,-1.0350001,5
128804,0.45033348,11
128832,34.814,12
128860,3.1046667,14
128868,7.5896673,9
128872,10.139,17
128900,32.440002,10
128908,30.313,9
128964,9.464668,14
128964,35.605335,16
128988,43.702663,48
129000,2.983,9
129016,-0.24766648,7
129040,33.889668,19
129048,24.064999,45
129052,3.186333,9
129064,3.382,6
129076,2.0123332,7
129080,29.302334,7
129108,5.4023333,7
129112,-0.5503334,9
129136,0.77566683,7
129164,1.6076666,13
129188,3.655333,6
129212,9.413,19
129244,35.60367,61
129272,13.323667,21
129276,15.388668,16
129288,29.06867,56
129308,10.108666,16
129328,1.4513335,14
129336,5.2216673,15
129344,6.599667,9
129364,6.7996664,9
129364,37.686333,19
129364,1.1756668,7
129388,26.245333,6
129404,34.958336,15
129404,3.996667,10
129432,3.7756667,7
129436,9.017334,12
129460,2.5356667,7
129476,19.219334,28
129484,9.740001,20
129492,4.026,8
129496,26.791668,5
129520,6.567,21
129544,0.5516671,15
129568,9.969335,18
129592,4.6139994,12
129600,9.233334,20
129608,43.343002,29
129668,9.938334,25
129676,22.206333,19
129688,-3.0716667,5
129696,4.335,5
129724,2.4656665,7
129732,31.263666,11
129736,44.770664,32
129744,25.778332,5
129772,1.4956666,7
129772,6.136667,10
129780,47.725662,47
129800,5.392333,7
129824,7.7676682,13
129832,0.0026667118,8
129856,0.7993332,8
129856,9.623,19
129876,25.724998,5
129884,28.675667,7
129892,3.8216667,15
129904,-1.5916668,5
129908,7.6693335,8
129924,28.731667,5
129936,-2.123,11
129956,-1.0816667,5
129960,8.744333,13
129964,27.863333,10
129976,1.3950001,5
129996,2.299333,8
130028,25.962666,8
130036,36.538334,15
130056,3.289,7
130056,1.0749998,5
130072,45.666,28
130084,3.2489998,7
130092,-0.2236669,9
130100,1.4490001,7
130136,50.480003,100
130140,29.733334,10
130152,30.105,15
130160,1.8883336,5
130160,8.786336,19
130164,28.889,7
130180,-1.6209999,7
130192,3.3823338,7
130204,5.813667,11
130224,26.031666,5
130228,9.454,12
130264,28.433332,10
130296,1.3556666,17
130304,14.045336,36
130320,6.224666,14
130324,27.988998,7
130324,25.785,5
130360,11.224005,42
130360,6.0496674,9
130360,5.246333,9
130364,28.217,11
130380,24.931667,5
130388,29.582333,7
130408,5.040333,11
130408,0.8249998,5
130416,28.646332,9
130432,13.586001,18
130436,6.4389997,7
130456,6.830001,10
130472,3.22,10
130492,26.011665,5
130540,43.651,33
130560,0.745,5
130576,31.936663,30
130596,6.0196657,9
130616,18.568335,45
130632,4.819667,9
130640,55.429,37
130652,31.206333,9
130704,5.9693336,18
130712,36.631668,15
130716,16.945002,35
130716,39.352997,19
130736,26.771667,5
130752,2.6140003,12
130764,4.462333,7
130772,3.3913336,14
130772,0.72166663,5
130792,-0.69833326,5
130812,-0.79499996,5
130816,8.197667,13
130876,-0.15833378,15
130880,45.355667,27
130912,-0.47366667,9
130944,37.156002,58
130972,55.543335,40
130972,-0.9643333,7
130988,16.523003,19
131008,2.4996667,9
131028,37.818,14
131044,1.0896665,9
131088,9.288334,15
131100,21.862667,28
131128,31.180666,62
131168,11.043335,20
131172,24.050669,32
131180,40.303337,20
131188,8.0216675,5
131200,-1.4016666,5
131216,4.1556664,7
131220,43.20433,23
131224,24.365334,6
131236,33.812,16
131292,7.129334,18
131292,2.149,17
131308,-0.3189993,23
131312,0.0716666,5
131312,13.643003,19
131340,28.255665,7
131352,7.1433334,10
131380,46.087334,22
131396,-3.176,22
131400,0.2116667,5
131468,39.322998,29
131476,15.598002,34
131512,22.713,29
131512,3.1703339,11
131528,9.694334,13
131588,7.918334,15
131604,33.643673,51
131640,2.4330006,9
131640,23.420668,32
131644,36.388,14
131664,-1.2916666,5
131672,24.466671,40
131696,3.0526667,8
131716,14.419667,19
131732,4.196334,9
131740,16.928331,25
131740,13.385666,17
131744,-0.301,7
131764,3.1883333,5
131768,29.035667,7
131776,7.199667,9
131812,4.246333,9
131828,10.221333,24
131868,7.904997,25
131872,6.963667,11
131880,10.849001,17
131932,31.291666,15
131944,10.006335,19
131952,1.7083334,5
131960,64.23633,49
131964,1.4716668,5
131980,0.81499994,5
131984,2.8083332,5
131996,6.937,11
132000,27.465,5
132016,0.20500004,5
132016,20.987993,34
132052,29.928999,17
132056,6.9366655,10
132076,2.2549996,15
132116,33.475334,16
132148,13.32767,23
132156,47.669666,39
132200,20.047005,31
132200,30.890333,11
132228,8.592334,7
132240,9.477665,23
132244,6.9303336,11
132252,1.0086668,6
132260,24.058664,36
132260,2.9216666,5
132280,1.1863332,9
132284,2.5320003,6
132312,0.5343331,13
132324,10.123668,11
132328,8.543667,11
132344,1.2249999,5
132344,-0.47399998,8
132392,2.0019999,16
132404,7.024998,15
132432,4.47,10
132448,37.419666,49
132452,1.6083333,5
132476,49.887672,33
132512,39.015663,27
132516,4.38,10
132528,5.896667,20
132548,8.207999,24
132584,9.189335,18
132596,5.617333,12
132604,11.519668,19
132604,4.4849997,5
132616,3.1349998,5
132636,30.762669,8
132648,29.862667,8
132688,6.593333,10
132704,10.122335,17
132712,0.832,6
132716,23.773336,50
132724,26.045,5
132740,5.8056664,7
132744,26.425,5
132760,35.043003,39
132764,34.140667,12
132780,1.7083331,5
132800,34.447998,14
132804,7.57,10
132836,35.188004,14
132856,0.76499987,5
132876,33.453,19
132908,7.896,8
132924,10.262335,17
133008,43.35167,25
133052,45.340668,32
133072,0.5416666,5
133084,7.432999,19
133092,28.098333,5
133104,26.531666,5
133108,68.31734,92
133112,42.962334,77
133120,3.319,7
133124,25.871666,5
133140,-0.20500004,5
133148,-2.4936666,9
133164,9.948002,14
133176,4.764334,13
133192,2.7269998,11
133252,16.284002,22
133280,27.375668,7
133296,35.633,39
133328,28.015999,8
133332,28.446337,39
133352,17.196001,18
133356,35.773663,41
133368,6.1633334,10
133376,27.438334,5
133436,39.267002,21
133476,20.188334,25
133492,0.61800003,14
133492,8.343666,31
133508,3.0793338,8
133532,4.866667,10
133540,14.014002,52
133568,6.623,9
133608,46.963005,29
133628,18.473337,30
133664,31.138,14
133700,1.5363333,9
133720,26.798332,5
133744,20.63967,29
133760,26.686003,48
133776,49.509663,59
133788,26.555666,7
133796,-1.3816667,5
133832,17.616003,28
133860,38.409332,18
133868,3.6596665,9
133872,51.110664,32
133876,6.8833323,20
133896,-0.66166663,5
133920,32.888332,15
133928,5.4359994,8
133964,40.288002,24
133988,21.576334,29
134000,29.852665,18
134024,19.745333,26
134032,-0.34066677,8
134044,27.538334,5
134048,10.107,21
134052,3.6083333,5
134052,6.2319994,16
134064,-0.85166657,5
134080,6.2590003,7
134100,32.239666,9
134108,4.588001,14
134112,2.716,8
134120,0.5416665,5
134132,1.072,6
134144,1.1986668,6
134160,31.730667,12
134168,0.025333405,6
134176,17.944004,32
134192,32.082664,8
134244,2.0976667,13
134252,11.057003,21
134272,44.27833,35
134280,15.298668,26
134324,7.5436673,11
134344,35.731667,25
134356,37.917,21
134384,4.723333,10
134448,21.110998,23
134460,29.274664,34
134472,34.23833,55
134516,27.257,11
134536,34.352665,38
134548,37.997337,22
134568,13.774335,13
134576,5.4923334,7
134620,0.37433314,13
134628,4.3643336,13
134656,31.233002,9
134692,9.599668,9
134696,5.2856665,17
134708,20.510998,43
134712,1.0749999,5
134752,6.1070004,11
134752,58.358673,76
134788,28.216333,9
134812,13.849669,29
134840,38.20067,22
134892,31.735,45
134892,13.4886675,26
134932,47.753334,30
134936,9.698,24
134960,0.5319998,6
134984,5.6009994,13
134988,27.848999,7
135004,50.536003,28
135012,25.119,7
135016,9.307003,31
135016,29.675667,7
135024,27.858334,5
135048,32.966335,9
135068,-3.0016668,5
135096,-0.47100005,7
135104,21.010668,22
135116,17.880997,23
135120,41.272,26
135124,26.085,5
135128,1.6426669,8
135148,1.5386667,6
135164,3.6896665,9
135164,2.9236667,11
135188,2.6366668,10
135200,0.6029998,9
135212,19.864666,24
135216,35.131,13
135232,8.923667,11
135232,3.9393337,8
135276,28.547,11
135284,32.966,18
135328,37.061333,24
135328,14.409332,28
135348,26.771667,5
135368,6.906666,10
135388,-1.4983332,5
135388,16.349335,28
135408,2.9250002,5
135408,8.065001,15
135408,27.298332,5
135440,1.4293334,8
135460,1.3083333,5
135484,38.416336,19
135500,11.684335,23
135512,29.854334,13
135536,3.4876664,13
135544,38.958332,65
135548,4.2130003,9
135592,12.1640005,12
135592,17.241,23
135612,26.438334,5
135620,5.510333,21
135620,3.1856666,7
135644,27.149334,8
135648,15.518332,25
135648,27.342333,7
135676,0.93233323,7
135676,34.101334,14
135676,28.189,7
135696,-2.0483334,5
135696,4.5143332,13
135712,0.4763333,9
135716,1.1383333,5
135736,1.2083331,5
135736,28.77,10
135740,35.485332,16
135808,25.454668,24
135812,0.8629999,19
135832,-1.6780001,6
135844,10.289002,27
135860,9.527332,12
135868,1.5586666,6
135880,54.191666,35
135904,13.329334,18
135920,33.527664,13
135924,1.9170005,11
135944,5.1733327,10
135964,3.005,5
135976,4.6176667,13
135988,45.440666,32
136012,-3.148,6
136020,1.618,14
136032,-0.2816667,5
136052,33.572998,19
136052,-1.0083334,5
136068,60.502335,37
136096,6.5529995,19
136104,3.9976666,13
136104,7.049667,9
136120,36.45233,17
136128,6.578666,6
136140,5.116333,9
136172,4.5593333,8
136176,10.477333,12
136204,14.720336,21
136216,31.743668,11
136220,22.826996,31
136248,2.6223335,7
136292,31.600334,11
136328,2.9863334,9
136336,45.93667,30
136384,29.218328,45
136392,62.931328,54
136392,6.7319994,16
136436,31.287666,13
136460,28.699,17
136512,33.358006,44
136520,7.571667,15
136528,37.801003,23
136564,5.8663335,9
136596,12.783668,21
136604,6.47,10
136628,9.562332,27
136648,43.34466,64
136652,9.4173355,12
136676,2.7153332,6
136704,1.4523335,7
136756,30.661,13
136800,32.483665,11
136816,30.174006,42
136820,48.035995,48
136836,38.12667,60
136848,9.139001,7
136856,0.025000006,5
136876,10.576334,19
136880,-1.5873333,8
136888,5.942666,8
136916,14.725002,25
136944,6.522,16
136952,18.939669,19
136960,8.490334,11
137000,33.664665,14
137004,10.839668,29
137024,2.7383335,5
137032,10.856002,18
137036,0.7996669,9
137064,11.599335,28
137064,-2.0473332,8
137080,33.270332,11
137080,3.7913337,14
137096,-1.3740001,8
137108,30.622334,7
137116,-3.9223337,13
137124,3.9269996,11
137196,41.03,20
137252,15.830669,32
137252,19.842001,36
137272,0.4716668,5
137284,5.559333,8
137324,25.942335,57
137336,34.781,13
137344,27.244999,5
137364,26.731667,5
137400,5.8563337,9
137400,51.723663,51
137408,2.3859997,18
137424,3.792,6
137424,5.462,6
137444,-1.8916667,5
137468,3.6816664,15
137476,33.98366,51
137488,6.9686666,16
137492,25.125332,6
137496,2.2216668,5
137556,4.868333,15
137580,9.337334,22
137588,14.455334,36
137620,19.997667,33
137640,35.070335,21
137652,8.432001,16
137668,0.12233335,7
137680,10.235001,15
137688,3.6216664,5
137712,29.535,15
137712,27.978666,6
137744,26.887001,41
137748,5.5863333,9
137780,31.199665,9
137788,3.5099998,10
137792,31.77,20
137800,16.39667,30
137808,2.2756665,7
137816,4.2790003,7
137832,9.216001,8
137844,27.909,7
137848,30.098,14
137852,14.303667,11
137876,4.8989997,7
137880,1.379,7
137900,1.6413333,14
137960,8.373335,20
137964,8.261999,16
137988,20.896334,39
138008,2.4683328,5
138008,1.0073334,12
138024,22.47567,37
138028,26.825,5
138048,26.985,5
138060,31.379665,9
138080,15.819663,29
138092,4.303666,11
138116,40.129,27
138116,30.739666,9
138128,31.286333,9
138156,3.319,7
138184,26.285667,7
138204,38.994,22
138216,19.27633,39
138220,5.0196667,9
138240,5.169667,9
138248,28.775665,7
138252,28.153,9
138268,26.138332,5
138268,0.68566656,7
138288,9.366334,9
138300,3.6393335,8
138304,51.085663,47
138312,-0.649667,11
138336,0.58966625,9
138340,8.807668,13
138340,4.369,7
138364,37.71167,15
138384,1.783667,11
138412,7.5073347,12
138420,5.58,20
138436,35.861,13
138464,31.557,11
138496,4.0316668,15
138516,16.128666,26
138524,0.199,7
138524,8.111667,15
138560,70.168655,56
138600,2.05,10
138616,12.005,25
138636,13.086002,28
138644,0.63233316,7
138672,9.449334,18
138688,6.880999,13
138692,6.5006666,12
138712,0.5183333,5
138712,3.0019996,6
138716,20.276003,48
138732,4.5716662,5
138736,0.21833324,5
138748,2.4496667,9
138784,1.7396665,9
138804,41.774334,33
138824,3.3083336,5
138896,23.153667,41
138924,43.841667,35
138956,-1.3506665,8
138968,9.126001,18
138980,46.96633,39
138988,5.7759995,8
139008,28.409,7
139016,-1.4143333,7
139040,10.292668,18
139056,-0.32333326,10
139088,48.95599,88
139100,9.413668,11
139124,45.966335,29
139128,14.190668,22
139172,2.5003333,11
139176,10.840666,22
139240,9.802,16
139240,20.849667,29
139264,2.3086667,6
139272,53.510994,43
139308,5.253667,11
139340,33.385666,17
139344,22.414335,43
139376,28.519667,9
139384,24.458668,36
139420,29.153,9
139424,12.420001,20
139448,2.289,7
139468,12.727668,23
139480,3.056,8
139488,26.058334,5
139504,11.443334,20
139540,34.787666,13
139556,10.757666,13
139564,7.637,21
139576,2.8749995,5
139580,5.19,10
139600,4.721667,5
139612,29.532999,9
139616,2.947667,13
139628,29.193325,80
139648,25.378334,5
139648,27.266333,9
139664,4.5753336,16
139676,34.325,15
139684,3.1196666,9
139692,3.310333,11
139692,27.848999,7
139712,5.4856668,7
139732,0.12666655,10
139752,5.5483336,15
139752,10.433333,10
139752,1.3216667,5
139756,10.696667,20
139772,-1.3516667,5
139796,0.5003333,11
139796,5.773334,10
139808,5.903,9
139832,3.8396664,9
139840,7.0770006,11
139860,24.982334,7
139868,15.676335,29
139880,25.431667,5
139884,7.093,19
139896,9.994666,14
139912,2.0623333,7
139916,0.59633315,9
139960,12.907668,23
139980,31.055332,16
140000,2.5600002,10
140008,28.109,7
140020,24.787,31
140024,9.636002,28
140060,4.219667,9
140064,6.600334,11
140088,14.437335,22
140108,1.2983332,5
140116,12.462332,27
140144,28.059666,9
140144,27.165667,7
140160,43.258335,25
140164,12.618334,25
140176,1.8359998,8
140180,29.359667,9
140228,8.319,17
140240,37.336334,19
140248,1.928333,5
140256,12.873335,20
140264,27.458668,6
140268,16.867334,22
140276,4.575667,7
140296,-0.37166667,5
140296,-3.151,7
140316,2.9950001,5
140352,5.0913334,14
140364,16.992332,27
140372,25.338333,5
140404,8.004001,22
140428,-0.3213333,6
140460,7.1306663,22
140460,20.413,49
140472,1.6503336,11
140488,23.933668,31
140496,2.682,6
140508,31.120667,12
140528,28.906666,10
140528,27.045,5
140544,11.70367,21
140564,3.9483335,5
140568,7.3466663,10
140584,8.380668,22
140592,1.3986665,6
140592,3.1056666,7
140640,9.994667,14
140652,6.955,15
140660,54.541,33
140680,5.639,7
140704,7.102,16
140720,45.427334,32
140736,-0.7106668,8
140756,15.928001,24
140756,27.105,5
140760,9.846666,10
140772,16.814337,23
140780,-1.4250001,5
140796,-1.1346666,6
140808,26.402332,7
140836,3.0256665,7
140836,9.52,20
140880,2.4536667,31
140900,8.212,16
140924,1.8636668,11
140932,5.9746656,24
140968,25.021,43
140968,4.5836663,11
140984,36.233665,21
140992,7.3983326,15
141012,33.98367,11
141024,34.831333,14
141028,4.026334,9
141060,1.2363333,9
141064,31.881,13
141072,5.344,22
141100,40.289337,18
141132,9.332334,17
141140,13.555669,17
141156,2.3346667,14
141160,25.695667,7
141188,17.24734,32
141208,1.2650001,5
141248,11.904337,23
141268,34.801666,15
141312,7.900334,11
141336,36.849663,49
141340,49.60833,45
141356,4.015,5
141360,-1.915,5
141384,-1.558,6
141388,16.369667,19
141404,13.826334,39
141424,11.205669,17
141432,27.932333,7
141440,2.5343332,13
141524,15.51767,23
141528,37.354004,22
141552,0.20533335,6
141552,14.874,42
141560,32.399666,9
141600,26.337996,44
141604,2.3109996,13
141628,7.5589995,17
141628,28.069,7
141628,8.546334,19
141648,28.145,5
141648,25.858334,5
141668,1.1816665,5
141684,7.0246673,14
141688,25.325,5
141720,15.016002,18
141724,25.849667,9
141728,1.5203333,11
141732,37.494003,32
141772,29.190666,12
141784,33.614334,13
141796,6.7989993,17
141800,1.5156667,7
141812,10.917666,23
141828,29.769,7
141884,11.130668,22
141912,0.2956667,7
141924,11.308334,35
141960,5.6029997,9
141964,17.934671,34
141988,17.266335,19
141988,29.484667,44
142008,5.397,11
142008,1.2716668,5
142028,-1.9350001,5
142036,34.983,19
142048,29.633333,10
142052,36.112,16
142056,10.165667,7
142076,0.38233328,7
142080,30.263666,11
142108,4.2889996,7
142128,12.111001,13
142132,6.7720003,6
142160,37.565666,27
142176,5.8899994,30
142180,3.2350001,5
142192,6.3949995,15
142212,0.485,5
142216,5.0700006,10
142216,5.4063334,9
142232,37.351997,26
142260,5.472333,7
142276,2.925333,16
142292,13.179667,19
142296,0.81633353,9
142332,20.282999,29
142352,0.50833344,5
142360,6.2656665,17
142412,34.939663,29
142428,11.106333,19
142448,30.026333,9
142476,16.989672,29
142496,1.815,5
142524,11.869668,19
142536,14.584996,65
142544,-1.1316667,5
142548,3.3943334,13
142552,19.970337,31
142556,3.3483331,5
142572,4.191666,5
142576,2.009,7
142588,1.767,11
142644,10.592335,17
142656,13.0856695,17
142680,54.66033,31
142712,4.6659994,8
142752,52.56833,45
142756,30.937,11
142772,25.054003,32
142800,3.970333,11
142800,7.6673336,12
142804,16.75233,37
142820,27.278334,5
142824,0.8643329,13
142852,1.5756665,7
142856,5.359667,9
142860,10.394667,14
142880,13.590002,20
142908,2.9823332,7
142928,6.583,19
142944,3.8230002,9
142948,0.25166655,5
142960,13.198669,26
142976,1.7556666,7
142980,1.1096667,9
143012,24.032665,38
143020,3.3566666,10
143020,6.220333,11
143044,5.7293334,8
143064,8.646999,11
143088,34.569,17
143092,3.5406666,12
143104,59.101997,36
143108,-1.5983334,5
143128,0.9383333,5
143152,1.6053333,6
143160,32.268,14
143172,-0.9583334,5
143176,12.937002,21
143192,13.087335,32
143200,3.8466668,10
143224,28.464333,13
143244,3.2416666,5
143248,35.108,14
143264,1.9783332,5
143296,12.258001,24
143296,29.577333,12
143316,26.111666,5
143336,27.216665,40
143372,31.859667,9
143384,12.625669,17
143412,3.6133332,10
143428,3.9870002,11
143432,0.068333626,5
143440,30.588003,44
143468,27.889,7
143488,-0.54499996,5
143536,60.16333,60
143596,31.100332,41
143604,6.809001,17
143652,15.257004,41
143656,32.191666,15
143664,32.465,15
143716,6.9516664,15
143724,8.181667,15
143744,2.581667,5
143780,18.467333,32
143800,53.124332,93
143804,11.791666,15
143812,5.679333,8
143828,5.469,7
143844,-0.19066668,8
143856,0.2856667,7
143872,-0.0710001,7
143888,17.987001,21
143920,54.320335,51
143920,4.2053337,16
143976,6.118,14
143976,9.617999,14
144000,10.190668,32
144004,30.109,7
144012,29.846333,9
144040,2.1733336,10
144044,27.673332,10
144048,56.506668,40
144052,6.553333,10
144080,2.3563337,9
144100,5.6883335,5
144112,12.901669,15
144128,17.700003,20
144140,45.598335,25
144144,2.8869996,11
144148,25.938332,5
144180,6.379667,9
144184,30.219666,9
144196,6.5303326,21
144204,-1.5883334,5
144232,35.301,13
144280,6.207334,12
144324,17.313337,30
144344,22.897001,51
144352,18.686335,39
144352,4.6626663,18
144436,37.644333,23
144456,12.418668,26
144456,26.858334,5
144460,19.744669,34
144508,33.297665,13
144548,10.580668,22
144588,21.52633,59
144604,47.979,37
144608,24.351665,5
144612,20.728666,26
144636,7.4939995,22
144640,-0.29100013,7
144644,2.873333,10
144644,9.183002,9
144672,3.483,9
144680,1.1163335,9
144688,30.193666,11
144704,6.5486655,16
144716,9.497001,11
144724,30.626333,9
144752,4.0823336,7
144772,4.088333,5
144780,32.913002,19
144784,10.472,26
144792,3.8283334,5
144800,17.123669,21
144828,4.289666,9
144872,-1.9163334,11
144880,-0.5020001,24
144892,25.378334,5
144904,12.915333,26
144920,1.7690002,7
144940,17.429996,40
144968,28.869,7
144980,8.918331,25
144984,9.656668,20
145000,26.451668,5
145004,7.9736667,21
145036,5.679333,8
145040,5.232667,18
145064,-0.24099994,7
145068,3.035667,7
145096,4.8693333,8
145104,1.1230003,9
145108,10.817001,31
145132,0.25300026,9
145140,4.6726665,8
145176,33.108006,44
145220,12.323999,22
145220,43.219666,29
145240,8.892,16
145240,26.765,5
145256,2.0729997,9
145260,25.445,5
145260,14.879997,30
145276,29.453,9
145280,1.4249997,5
145308,9.440667,12
145328,8.022667,18
145344,8.948999,17
145360,5.8793335,8
145368,6.0373316,22
145388,0.5456667,7
145396,14.507334,22
145404,10.418335,15
145428,12.028334,15
145448,4.2769995,11
145476,4.260001,20
145480,2.0093331,8
145500,2.1653333,6
145500,28.211666,5
145524,41.308,34
145540,18.559334,28
145544,5.8036666,11
145584,40.613667,21
145644,15.046667,30
145648,32.61234,27
145668,0.23833323,5
145672,44.570667,32
145692,-0.4013332,6
145692,25.978333,5
145696,26.019331,28
145740,14.907999,24
145808,40.613003,29
145812,16.426666,30
145816,47.93667,30
145820,14.700002,20
145836,5.325667,7
145864,27.719,7
145880,9.865667,17
145904,3.2053332,6
145940,14.809668,19
145956,25.39833,35
145984,27.077,41
145992,5.4476666,13
145992,1.1429999,9
146000,7.5846667,24
146004,-0.2116667,5
146040,-3.1826665,12
146060,1.5350001,15
146068,10.925333,16
146068,2.5889997,7
146088,-1.0649999,5
146100,39.419,27
146136,5.5563326,9
146136,7.1056657,17
146172,4.1096663,9
146180,27.593666,11
146184,40.18467,24
146204,13.775336,36
146220,5.546333,9
146224,-4.485,5
146236,9.435335,16
146240,25.925,5
146244,-2.3516667,5
146328,44.74433,23
146348,19.132,26
146388,6.1866665,10
146404,15.089667,19
146420,53.613335,60
146428,3.5086665,6
146476,4.5340004,12
146488,5.112333,17
146492,34.057663,63
146508,2.2849998,5
146532,23.785334,36
146544,0.62300014,9
146556,6.8720007,16
146564,26.064999,5
146588,31.788,14
146616,2.8476672,13
146644,52.830666,42
146664,12.669001,27
146664,39.88967,19
146680,36.945335,16
146688,3.4420002,6
146708,6.813668,11
146712,-0.07466662,6
146740,8.184999,15
146748,5.616333,9
146764,6.3046665,14
146788,34.930664,12
146792,32.430336,11
146804,1.6999999,10
146840,57.052994,49
146848,9.218334,15
146856,10.975337,16
146868,-0.72166663,5
146880,9.999666,19
146888,6.956,8
146896,8.121334,14
146920,-1.7473333,8
146928,30.029333,8
146940,31.615002,15
146948,4.5766664,20
146968,0.18900013,7
146996,6.7706666,12
147004,37.399666,19
147020,43.725,25
147032,27.375668,7
147048,0.23566675,7
147060,36.101997,16
147060,27.389,7
147072,0.032000065,6
147084,-0.63133323,6
147112,2.6776667,13
147132,19.86033,41
147136,11.527668,13
147140,38.929,17
147152,1.1983333,5
147196,13.253668,21
147216,15.186336,19
147220,4.3523335,17
147228,2.5693336,8
147240,-0.2983333,5
147244,0.70566654,7
147244,14.662332,27
147256,29.335667,7
147272,27.289,7
147284,2.3556666,7
147288,29.930332,11
147356,15.976003,18
147360,10.949335,18
147376,21.954666,34
147392,8.5963335,9
147404,0.34233326,7
147424,5.7093334,8
147452,9.764001,12
147504,53.145332,36
147508,67.189674,59
147524,3.7050002,5
147568,41.698666,36
147584,15.497671,33
147592,26.598667,6
147608,14.271669,25
147628,8.603668,11
147652,52.00733,32
147656,30.988998,7
147676,6.9519997,6
147684,8.54967,19
147716,9.798334,15
147724,7.089999,10
147728,24.94467,34
147744,9.715667,17
147744,2.7156668,7
147760,3.5463333,9
147768,26.158667,6
147776,2.6173327,12
147780,26.798332,5
147792,28.072,6
147820,1.8923335,7
147848,38.93933,18
147852,-0.9406667,8
147864,13.057001,21
147868,1.9450002,5
147892,41.105663,37
147896,36.366997,11
147912,5.114,12
147912,5.7416663,5
147920,7.977667,13
147932,5.421666,5
147964,35.194336,13
147968,8.649667,9
148020,32.037666,13
148040,27.991667,5
148096,41.241333,44
148100,22.951332,34
148100,13.345001,15
148168,13.642334,17
148176,29.93,70
148196,6.1723332,7
148216,26.971666,5
148220,34.127,11
148248,2.489,7
148248,38.929337,38
148252,0.60633326,9
148276,65.497986,44
148276,-0.16766691,7
148324,32.440666,12
148344,9.244333,23
148380,24.821001,33
148388,-0.26966655,11
148400,0.6816666,5
148408,11.127,21
148432,1.0693332,8
148436,28.595665,7
148456,14.625668,17
148460,31.322334,7
148476,2.2416668,5
148484,35.943993,52
148496,29.946333,9
148508,13.212669,18
148520,29.926334,9
148520,4.228667,6
148544,30.663,9
148568,17.671,23
148572,-1.5743334,7
148572,0.14433336,13
148592,0.59166664,5
148600,24.376,8
148612,26.885,5
148620,-0.34500003,5
148648,5.4456663,7
148668,1.4183332,5
148696,2.8156664,7
148700,33.755005,45
148724,3.0589998,7
148760,27.404999,15
148768,5.3603334,11
148768,17.019667,49
148788,4.981667,5
148792,27.954996,45
148808,25.325,5
148836,8.432334,17
148836,28.522333,7
148856,27.178333,5
148856,14.098002,24
148864,0.9656668,7
148876,25.738333,5
148876,25.078333,5
148896,1.6783338,5
148896,5.3483334,5
148908,19.989666,29
148924,27.982334,7
148928,6.702,16
148948,1.1416667,5
148956,7.324999,15
148988,32.736664,20
148992,5.779,17
149036,9.323667,11
149044,9.897335,22
149048,44.715004,25
149108,36.592003,16
149108,13.179999,30
149116,5.329,17
149176,12.528334,15
149184,14.709667,19
149196,19.960005,40
149204,38.064667,24
149204,0.6023333,7
149224,1.9233334,10
149224,1.6583333,5
149244,3.3633327,10
149276,3.531,13
149316,15.840003,30
149320,19.514668,24
149340,3.0083332,5
149416,43.215004,25
149428,57.662003,46
149432,47.373,39
149444,20.588669,26
149456,5.1133327,10
149472,11.407001,11
149476,5.942666,8
149496,28.271667,5
149508,6.669667,9
149536,14.11867,26
149540,8.157001,11
149556,5.4506664,12
149560,26.571667,5
149560,14.775337,26
149588,1.1256666,7
149616,13.278002,14
149624,1.2196665,9
149636,27.925,5
149688,10.102665,38
149712,16.394,22
149720,10.967001,21
149728,0.7166666,10
149728,32.38434,43
149752,2.9386663,6
149760,1.7193332,8
149764,9.163668,11
149772,31.961666,15
149784,4.5550003,5
149796,29.973,9
149812,5.305,15
149812,2.7566667,10
149816,2.5726664,8
149824,-0.301,7
149876,8.925002,15
149884,16.316002,18
149908,39.944664,24
149936,32.828335,15
149956,4.4016666,5
149960,19.334665,34
149972,12.133999,22
149980,27.338667,6
149988,6.126667,20
149996,5.095333,6
150000,27.391666,5
150024,16.115334,16
150032,29.193666,11
150044,-2.7849998,5
150052,1.1349999,5
150072,-0.365,5
150080,1.2830002,9
150100,13.078335,25
150100,1.895,5
150108,24.015999,28
150120,26.818333,5
150132,35.318333,15
150136,3.735667,7
150140,1.0783336,5
150140,2.92,10
150152,3.9583335,5
150168,-0.8176666,7
150176,3.5496666,9
150200,7.3186665,6
150208,2.4626665,18
150220,0.73166656,5
150224,5.0946665,14
150236,26.839,7
150244,-0.23833328,5
150264,-2.7876668,7
150264,11.959335,28
150272,3.4156666,7
150292,28.869,7
150316,9.627666,13
150320,5.4473333,12
150324,-1.0006666,8
150348,4.0926666,8
150360,29.826666,10
150360,51.445,35
150400,33.484333,13
150408,5.6973333,12
150424,35.885334,16
150436,23.342665,28
150452,0.14566666,7
150472,2.8863332,9
150484,16.787003,21
150504,-1.4483335,5
150512,7.168334,15
150524,5.8276677,13
150532,28.105,5
150584,35.54,20
150612,-0.41766644,7
150612,8.106667,20
150620,32.00766,53
150648,27.786333,9
150660,13.401332,34
150660,30.944,12
150672,6.1586666,6
150680,2.4916668,15
150688,1.9590001,7
150688,4.459,7
150700,25.431667,5
150728,9.516667,10
150736,-0.71033335,9
150748,9.021667,15
150768,2.6183336,5
150788,0.54166675,5
150800,11.792669,18
150808,-0.72499996,5
150832,39.57467,24
150860,3.1009994,13
150860,0.57900006,7
150896,40.898003,24
150916,26.085,5
150964,40.002,26
150976,7.6150002,15
150992,26.145666,7
150996,26.128002,34
151016,0.11833334,5
151044,1.7823333,7
151064,65.372665,98
151072,22.394669,24
151084,1.2083333,5
151084,2.4666674,10
151112,1.2123334,7
151120,4.0273333,12
151140,0.5083332,5
151148,29.529667,9
151168,1.029,7
151168,11.2003355,21
151192,37.30668,50
151212,2.9836664,11
151216,12.485668,17
151252,9.321667,15
151260,8.250333,11
151316,15.948998,37
151332,45.646667,30
151356,32.513336,10
151376,43.743004,29
151400,49.425667,37
151416,33.243668,21
151432,-2.6306667,8
151444,8.900667,22
151472,3.7466664,10
151472,32.488,14
151500,0.13899982,7
151516,21.228334,35
151536,6.905333,16
151556,13.129335,28
151556,-0.89833343,5
151568,3.5310006,13
151576,41.926334,19
151596,2.266667,10
151608,4.564334,13
151640,9.598668,16
151644,34.349667,19
151664,3.3783333,5
151676,9.2490015,17
151684,0.18166673,5
151696,-0.83499986,5
151704,18.428997,27
151708,35.845665,17
151720,4.4163327,9
151736,5.199333,8
151744,27.203,9
151760,2.325333,6
151772,6.366334,19
151788,30.650333,11
151792,8.456001,18
151804,3.5760002,8
151812,1.4416667,5
151824,27.936333,9
151832,1.8526664,18
151844,1.7283332,5
151864,2.1683335,5
151868,13.295336,16
151884,9.807669,13
151888,3.2619996,6
151896,18.120337,21
151908,4.008333,5
151916,1.3149998,5
151916,4.3126664,8
151936,25.365,5
151968,36.251667,15
151972,0.26300013,9
151980,35.265335,16
151988,27.651667,5
152008,-1.9483334,5
152008,27.073,9
152036,48.784004,42
152040,6.2383337,15
152064,8.6380005,14
152064,7.3513327,14
152100,1.0496669,9
152100,4.2063336,9
152104,35.01867,16
152140,17.915333,26
152152,7.287667,13
152172,26.491667,5
152188,9.537334,12
152220,3.9173334,12
152228,20.087337,32
152240,-2.2716668,5
152276,37.264,22
152300,5.4283323,15
152308,34.43667,20
152328,0.26566672,7
152352,8.193666,11
152372,30.723667,11
152392,1.135,5
152412,58.759003,77
152416,35.452,16
152444,10.501001,13
152504,3.111666,15
152512,17.211666,25
152520,23.328665,26
152540,1.8756666,7
152540,-0.5916667,5
152544,30.98,10
152548,62.976,68
152560,25.951668,5
152580,4.719667,9
152600,27.798332,5
152608,6.958999,17
152624,8.453,19
152660,36.81167,15
152664,12.854668,14
152676,3.3076665,13
152676,37.509666,29
152680,2.3216667,5
152696,1.4283336,5
152700,1.892,6
152740,0.92333364,10
152740,9.486334,19
152760,24.671667,5
152764,39.289,17
152776,43.288002,24
152780,1.6816669,5
152784,10.860334,11
152792,1.8390002,7
152828,2.3736668,11
152836,9.301332,14
152840,37.69867,16
152868,2.1856666,7
152876,20.563667,21
152880,4.4043326,13
152888,1.9116666,5
152892,15.784669,14
152900,1.4649999,5
152908,25.445,5
152932,27.905333,6
152936,28.807,11
152948,10.062667,18
152968,-1.115,5
152984,32.177666,13
152988,1.2783334,5
152988,38.503998,22
153024,3.3496668,9
153044,8.701666,15
153044,3.2216668,5
153152,27.206999,41
153164,26.665665,57
153180,21.814667,34
153192,2.069,7
153200,3.6306667,12
153232,7.045999,8
153240,7.460667,12
153264,5.2359996,8
153276,45.50133,24
153284,5.9370003,11
153312,9.507335,12
153316,37.87933,68
153328,5.213666,11
153348,5.5296664,9
153380,27.742666,8
153424,11.398,24
153464,0.0033335686,10
153480,31.350334,51
153492,15.2560005,28
153508,4.897,11
153528,32.684,12
153548,1.8513333,14
153572,51.16466,64
153596,16.717333,22
153600,27.904333,13
153640,5.497,11
153644,5.673667,11
153656,33.717,21
153740,16.874998,25
153752,14.029001,27
153760,20.679329,58
153764,46.595665,27
153768,-0.031000137,7
153788,27.698334,5
153792,2.2193332,8
153828,34.222,16
153828,2.9596665,9
153832,11.103333,20
153848,26.691666,5
153872,4.302,6
153888,32.075,15
153900,5.1523333,7
153912,49.46366,31
153936,-0.92700005,9
153964,11.444338,33
153988,33.321,13
153996,27.422667,8
154008,26.505001,5
154032,2.8886669,6
154048,52.159996,40
154056,4.7853336,6
154076,2.7383332,5
154104,4.2646666,14
154120,39.013996,52
154140,20.85867,36
154168,48.254333,23
154172,5.869,17
154192,8.001001,13
154192,-0.035000086,5
154200,41.440002,20
154212,-0.06833327,5
154212,13.007001,11
154236,2.1486669,6
154240,3.827333,12
154260,7.984999,15
154280,30.643665,11
154280,11.012333,17
154292,8.134333,13
154300,3.0383334,5
154300,26.385,5
154316,4.9153333,6
154340,5.15,10
154348,4.1426663,8
154380,3.0926669,8
154384,4.433666,21
154400,8.491667,15
154400,25.991665,5
154404,3.605,5
154444,31.733334,10
154460,8.568335,15
154468,-0.36100006,17
154496,27.929,7
154524,31.028662,66
154528,2.3026667,8
154556,29.535667,7
154592,8.205666,17
154604,53.851997,36
154628,55.465332,46
154648,30.380333,11
154676,2.629,7
154688,11.124668,24
154720,3.3626666,8
154740,4.1349998,5
154768,11.950998,53
154776,39.955,25
154800,32.821667,15
154800,54.787666,43
154828,28.022331,7
154856,11.566668,20
154864,10.769668,9
154868,19.208336,25
154892,1.4323332,7
154908,31.571,13
154912,7.8736672,11
154912,3.481667,5
154928,-1.8983333,5
154932,2.045,5
154964,5.2630005,9
154972,1.4183332,15
154984,13.117667,13
155004,5.061667,5
155112,98.20268,78
155128,25.100334,31
155144,41.55834,45
155148,52.37133,44
155164,26.971666,5
155176,0.8223332,7
155184,1.5350001,5
155196,28.845001,5
155212,2.1870003,21
155272,10.801666,15
155304,11.635666,27
155308,8.169666,9
155308,18.26367,31
155324,-0.048333168,5
155348,25.47967,59
155352,9.567,11
155364,2.4199998,10
155372,2.7883334,5
155388,14.536668,20
155396,25.938667,6
155416,-1.5676666,7
155420,18.302666,18
155436,1.3033334,10
155436,15.806001,18
155440,26.865334,6
155460,24.825,5
155464,8.306999,11
155480,5.0336666,11
155484,7.077333,12
155512,0.8289999,7
155536,2.5986667,6
155556,20.864332,23
155556,25.378334,5
155576,14.843001,29
155584,26.809,7
155612,33.267998,14
155612,30.666332,9
155628,6.0236664,11
155640,4.0290003,7
155648,4.6616664,5
155660,25.404999,5
155668,26.031666,5
155688,25.485,5
155708,39.26899,57
155712,32.38767,13
155716,21.212,26
155724,30.946333,9
155736,24.958332,5
155740,27.742332,7
155760,4.4596667,9
155768,27.452333,7
155772,28.666332,9
155796,1.8823333,7
155800,0.9956668,7
155816,-0.29833338,5
155816,10.708001,14
155840,1.5553334,6
155844,4.4703336,11
155860,0.33833337,5
155872,34.854668,14
155872,27.022333,7
155892,2.8816667,5
155892,29.938334,5
155904,5.263666,11
155956,7.6376667,13
155960,36.932335,17
155968,41.059666,19
155976,4.575,5
155980,38.965992,68
155988,2.4156668,7
156008,3.6099997,10
156012,28.039665,9
156020,5.17,10
156128,12.836335,29
156164,44.404667,44
156168,24.82233,37
156180,3.1610007,13
156184,-3.8883333,5
156204,2.6753333,6
156212,4.177,11
156228,3.4103332,11
156240,0.3323332,7
156272,9.432334,17
156276,54.795666,67
156300,26.035667,7
156312,11.107002,21
156320,7.8003335,11
156344,7.2203336,11
156352,2.4493332,8
156380,10.462335,17
156388,7.023,9
156460,5.5666666,20
156472,19.034002,32
156496,25.857998,64
156532,11.912665,18
156560,29.655666,7
156560,18.924002,22
156600,4.3333335,10
156604,21.777998,54
156620,10.685001,15
156620,13.073666,31
156624,2.1516666,5
156628,2.9556665,7
156668,3.150334,11
156676,33.127335,12
156680,8.701666,15
156732,8.7560005,28
156752,41.167,21
156772,4.5699997,10
156788,10.845667,27
156792,5.9683337,5
156808,0.89166665,5
156824,43.779,37
156840,-1.0226667,12
156860,2.4063334,9
156876,5.6623335,17
156884,10.497666,33
156924,4.138667,16
156940,4.885334,16
156960,12.016334,19
156964,3.2233334,10
156992,4.2676663,13
157064,27.902,56
157072,14.599335,28
157084,25.038334,5
157092,1.7216669,5
157092,24.140665,32
157108,13.446333,29
157128,5.665,5
157132,10.967335,12
157180,8.743999,22
157188,4.8613334,14
157196,8.649002,17
157208,29.095665,7
157212,12.243337,30
157244,2.5493333,8
157256,11.175666,17
157272,13.539667,19
157288,0.72699976,11
157292,24.391666,5
157296,8.433333,10
157316,0.31233323,7
157332,40.57367,31
157348,33.708,14
157372,10.649668,19
157388,11.743335,10
157388,7.4380007,14
157432,2.6903334,11
157440,5.635667,17
157456,4.6289997,17
157476,54.603333,40
157492,33.69967,9
157512,12.653332,20
157548,3.1546664,14
157556,46.149662,29
157556,35.210335,11
157576,2.705667,7
157576,-2.855,5
157640,59.12033,41
157668,3.2956662,7
157684,16.272337,27
157700,6.346,8
157712,29.195667,7
157748,55.526,48
157760,43.465332,46
157800,10.571668,25
157808,8.708334,15
157884,34.996334,19
157908,42.282333,27
157928,32.037,11
157948,-1.0550001,5
157960,30.933332,50
157996,9.550667,12
158004,78.27433,73
158024,-0.84766686,7
158080,12.753,19
158116,31.199667,9
158132,34.878662,56
158184,5.9089994,17
158192,15.008337,15
158228,5.500334,11
158236,69.41967,69
158244,9.264334,13
158296,31.828335,15
158296,35.482334,17
158332,62.415672,77
158340,14.151335,24
158348,37.361,13
158356,6.5216665,15
158360,25.751667,5
158400,33.227665,13
158432,3.069333,8
158444,18.879335,28
158472,16.879335,28
158516,28.060333,11
158524,14.414333,23
158544,35.585663,47
158564,3.0000002,10
158564,27.071667,5
158568,12.363666,31
158584,27.625,5
158592,-0.29766655,7
158600,41.547,21
158604,-1.4749999,5
158620,0.834333,13
158632,4.405667,7
158632,3.8833337,10
158640,-3.4850001,5
158668,30.435665,7
158684,9.091001,13
158704,6.3893332,18
158744,33.765,15
158772,41.472,26
158780,35.032997,19
158792,1.3216667,5
158820,4.006666,10
158828,33.76567,57
158840,-0.4316666,5
158864,23.820004,30
158884,5.0869994,11
158892,15.522002,16
158948,8.773668,21
159000,5.2576666,13
159020,32.79234,57
159048,30.112333,7
159048,18.179665,39
159076,36.01967,19
159084,25.590002,50
159096,27.797333,12
159104,30.729,7
159120,11.526334,9
159128,7.360001,20
159148,-0.08833337,5
159152,10.777334,12
159168,11.562668,18
159192,-1.8679999,6
159200,5.840667,12
159204,15.044668,14
159244,6.327,11
159256,9.572,16
159264,28.305,5
159280,21.623001,19
159292,35.43434,43
159300,1.5203334,11
159312,2.5183334,5
159344,31.977001,11
159360,7.837333,12
159364,-0.975,5
159364,44.290337,21
159384,21.993334,30
159404,9.66,10
159440,0.5330001,9
159444,37.593338,20
159468,12.057001,21
159472,2.952333,7
159476,4.549667,9
159516,31.913666,11
159520,18.820004,40
159524,31.677334,12
159524,7.241334,14
159544,1.6190002,7
159560,27.389668,9
159564,6.973667,11
159568,1.5536667,11
159596,7.1109996,13
159616,4.768334,5
159624,38.095,15
159628,12.101667,15
159648,3.2783337,5
159664,15.455337,26
159668,25.458332,5
159676,9.747666,13
159688,4.142,6
159708,3.3316665,5
159720,11.868667,26
159728,31.191,13
159732,-1.0513334,6
159752,-0.735,5
159756,1.5790002,7
159772,12.755334,26
159776,25.011665,5
159780,37.271667,15
159796,1.6253334,6
159812,5.073,9
159824,3.6323335,7
159836,5.087002,21
159864,1.1343336,13
159884,0.9173336,12
159888,13.285334,16
159916,3.819333,8
159928,26.248999,37
159948,2.3926673,8
159952,19.450666,22
159968,3.2116666,5
159976,4.4673343,12
159996,7.977,11
160016,2.2050002,5
160032,10.751999,36
160048,10.409333,8
160060,16.457668,23
160060,13.523668,21
160080,0.36166668,5
160100,35.127666,13
160112,0.4093336,8
160132,21.695,25
160148,30.293,9
160172,0.56999993,10
160176,28.115665,7
160188,8.617334,32
160200,4.779,7
160212,23.259335,28
160216,28.275665,7
160236,1.0829998,9
160244,28.549,7
160264,26.998333,5
160264,12.347336,22
160304,9.269,17
160304,7.484334,23
160308,5.4903336,11
160312,4.997333,12
160324,25.698334,5
160332,3.2286665,6
160340,2.5956664,7
160344,4.1566668,10
160376,4.944333,13
160380,5.7363334,9
160392,35.47167,15
160396,3.725,5
160412,0.38166666,5
160424,6.000333,21
160436,33.713333,10
160448,3.5863333,9
160468,4.4793334,8
160488,1.2449999,5
160504,20.263666,31
160508,14.005,15
160528,2.6053333,6
160568,7.79,10
160584,12.501335,24
160592,4.382,6
160692,42.545,25
160724,27.568333,35
160744,46.22334,80
160748,34.608,14
160752,28.582333,7
160804,10.308,14
160808,9.521335,14
160812,81.39199,76
160816,5.382667,18
160828,0.28833342,5
160848,27.907,11
160848,1.8026667,8
160856,6.9336667,11
160920,11.816,18
160924,15.286333,19
160944,11.237334,22
160948,4.0256667,7
160992,6.649,17
161000,7.144334,13
161012,0.35166645,5
161032,30.096,8
161052,30.66,10
161060,5.645667,7
161076,38.967323,62
161104,32.35333,40
161124,5.428666,16
161148,11.632666,18
161188,39.100334,21
161200,4.2609997,13
161208,46.049667,39
161216,-3.8876667,7
161216,4.664333,23
161260,3.2010002,13
161260,32.360332,11
161284,39.139,17
161304,29.733667,11
161320,8.391665,15
161328,9.740334,11
161380,40.733,19
161416,33.998,54
161424,8.988001,24
161436,8.516335,29
161436,27.918333,5
161444,9.442,16
161464,28.272333,7
161472,-0.45700037,9
161484,-3.4616666,5
161488,1.9369998,11
161516,29.702667,8
161536,-1.9683332,5
161540,30.507668,13
161564,15.434335,23
161572,17.062334,37
161592,5.5723333,7
161608,2.0230002,9
161616,39.076668,20
161628,6.7929997,9
161636,1.0816665,5
161648,0.62833333,5
161648,19.942333,27
161684,1.6806664,12
161684,32.429665,19
161744,38.841335,24
161748,9.6883335,25
161760,10.176332,19
161788,32.457,11
161800,32.597664,13
161820,26.005,5
161824,27.519665,9
161844,0.37833333,5
161844,31.823332,40
161864,0.31500006,5
161864,20.43867,26
161896,36.13433,13
161916,0.044999838,5
161940,15.42667,30
161980,15.659669,29
161988,32.390667,12
161988,19.983665,31
162008,-0.8883333,5
162036,2.079,7
162056,27.538334,5
162068,33.515995,38
162084,10.574667,24
162084,3.4190001,7
162088,26.505001,5
162112,1.195667,7
162116,39.314667,34
162148,28.816334,9
162168,3.1776662,13
162168,16.090002,20
162172,12.857334,22
162180,3.8993335,8
162204,3.6396666,9
162216,4.793,9
162224,8.231001,13
162228,8.401667,15
162252,1.2420002,6
162256,0.13933325,8
162272,3.7783332,5
162292,1.7463334,9
162292,34.899666,19
162324,2.9726667,8
162348,6.5680003,14
162368,14.917003,41
162376,16.35867,26
162404,6.5299993,20
162416,3.894,12
162432,34.314667,14
162436,3.0749998,5
162448,2.807,11
162464,27.915667,7
162468,-4.255,5
162492,50.038666,36
162508,28.606667,10
162536,10.008667,26
162544,10.597668,13
162544,13.74,20
162596,5.217666,13
162656,21.126665,30
162664,15.243338,30
162688,42.677666,23
162704,23.922998,49
162712,10.878001,14
162736,4.9906664,12
162784,36.886665,20
162796,19.191004,33
162804,0.67499995,5
162840,14.015333,26
162852,29.241333,14
162864,47.292664,38
162868,4.089,7
162888,29.946335,9
162892,3.9356666,7
162896,4.5823336,7
162916,2.4486666,6
162944,3.1889997,7
162952,33.845333,16
162980,3.319,7
162996,30.761,13
163020,-0.4733336,10
163024,4.269,7
163024,10.307331,32
163032,40.999,57
163044,26.291666,5
163044,4.6083336,5
163048,-0.66433334,7
163064,0.33833337,5
163112,10.255335,16
163116,39.342667,18
163116,10.923668,21
163136,25.951666,5
163140,6.2720003,6
163192,1.7346668,14
163196,39.740334,21
163220,6.2056665,7
163224,56.376663,40
163248,2.9610004,13
163316,11.097997,24
163324,13.961668,25
163380,40.836666,60
163384,47.638,34
163408,16.051,23
163412,5.6456666,7
163416,3.2530003,9
163436,-0.4716668,5
163448,33.54,10
163456,25.985,5
163456,14.6743355,33
163476,36.572002,16
163500,7.5343347,13
163508,5.8710003,13
163536,-0.6099999,20
163564,6.697999,14
163584,3.905,5
163588,37.639336,28
163612,2.2089996,7
163612,39.366333,19
163636,15.761333,34
163656,2.463666,11
163692,17.462,26
163708,46.681335,24
163760,6.2276664,13
163772,44.474663,34
163780,0.16166666,5
163788,13.127998,24
163804,24.085669,37
163808,8.352334,7
163824,6.011,13
163828,4.6699996,10
163832,29.875666,7
163844,4.221667,5
163864,1.355,5
163924,43.726334,29
163928,10.018334,25
163972,0.34033322,11
163976,11.457666,13
164016,30.297,11
164064,8.804001,12
164116,7.5243335,13
164120,20.64866,36
164148,37.783665,71
164192,8.656332,19
164196,73.38033,91
164236,17.673,29
164248,13.655003,25
164260,13.658667,16
164280,15.8203335,11
164280,2.725,5
164304,28.072668,28
164340,29.092999,9
164368,16.994001,22
164400,45.133335,30
164412,59.307007,41
164424,32.171333,14
164432,25.251667,5
164436,15.528,24
164452,-1.0976667,7
164472,1.6096668,9
164480,9.690001,20
164496,8.658667,16
164508,3.2790003,7
164552,5.3113346,14
164564,14.521002,23
164568,11.905002,15
164600,1.9860001,8
164628,3.3756666,7
164636,6.876997,21
164656,0.7449999,5
164664,30.819666,9
164692,3.683,9
164720,34.666336,39
164736,7.949333,18
164740,-0.8583333,5
164756,0.81499994,5
164784,32.497673,83
164788,30.520668,12
164808,18.066336,29
164812,9.838002,14
164816,1.2559999,8
164836,1.5423334,7
164844,5.385999,8
164876,-0.5406668,8
164884,9.750667,12
164892,11.836335,19
164896,13.992334,27
164920,32.333,9
164920,1.8123332,7
164928,3.6243331,13
164944,2.7619996,6
164948,2.3856668,7
164948,4.5750003,5
164964,0.125,5
164968,-1.3983334,5
164984,29.786333,9
164988,4.515,5
164988,3.6819997,6
165008,3.5550003,5
165016,2.3023336,7
165036,-0.3383335,5
165064,6.8323336,7
165072,19.321333,44
165092,10.837001,21
165112,11.104001,32
165172,13.742335,27
165192,5.4900007,20
165196,0.8786665,6
165196,19.195333,26
165216,26.418333,5
165260,52.229004,47
165272,10.533001,19
165276,8.296999,21
165292,3.586,8
165312,39.02133,24
165328,5.784333,13
165408,15.096336,29
165448,5.576667,10
165464,52.989326,38
165484,0.10833323,5
165488,6.6513343,54
165504,31.668,14
165508,26.918333,5
165512,4.7956667,7
165524,64.133,49
165532,-1.2549999,5
165564,0.9326668,8
165576,6.4509997,13
165588,5.4100013,20
165596,18.067667,23
165612,28.352001,6
165616,3.6043332,13
165648,6.1129994,9
165672,5.4663334,19
165688,10.23267,18
165704,33.974667,14
165716,3.8023336,7
165728,3.1086667,6
165728,28.729334,38
165812,12.060333,21
165904,36.838993,47
165936,26.377333,52
165960,18.578999,37
165964,9.341666,15
165968,68.241325,74
165984,1.1753334,6
166016,0.59733343,12
166024,6.5166664,10
166036,-3.3449998,5
166040,38.233,19
166124,16.560669,22
166144,3.2083335,5
166160,16.893332,30
166164,3.2616668,5
166176,34.07666,60
166180,25.378334,5
166192,0.39233327,7
166220,29.469662,49
166228,6.307667,13
166232,34.567665,13
166248,28.162333,7
166256,6.092,6
166280,1.8653333,6
166284,17.944336,23
166292,10.692,16
166304,9.534665,14
166320,25.275665,7
166332,10.534,12
166340,24.931667,5
166388,37.304,12
166400,11.762334,17
166476,39.034,22
166476,17.569666,49
166484,57.315002,45
166496,-0.32166648,5
166500,13.764999,25
166516,5.555,5
166524,3.0386667,6
166524,6.6266665,10
166568,4.527,11
166592,14.249668,19
166596,7.952667,18
166612,15.871334,34
166624,7.9013333,14
166636,2.893333,10
166648,6.496333,9
166684,8.056334,9
166692,11.001335,14
166720,18.540665,32
166720,3.1456666,7
166740,20.899668,29
166748,26.649,7
166768,6.4350004,5
166776,36.391,23
166792,11.147667,13
166796,26.011665,5
166812,4.561667,5
166844,36.197334,12
166844,14.763,19
166872,19.162664,38
166884,3.8166664,10
166892,6.703336,20
166896,0.9253335,6
166912,0.10233331,7
166932,0.10500002,5
166936,4.5136666,11
166964,1.3656665,7
166972,5.0596666,19
166980,17.337996,34
167020,21.154001,22
167032,34.668335,15
167032,10.869001,17
167052,35.929337,18
167052,0.6650001,5
167056,29.666332,9
167096,5.0636673,11
167100,5.679,17
167156,16.651999,26
167160,8.712,16
167184,15.137335,32
167188,3.8823328,7
167220,2.101999,16
167232,21.344332,33
167256,0.09866667,6
167256,12.139001,17
167284,-1.9276667,7
167304,6.0539994,12
167360,16.141329,44
167392,30.749332,8
167444,35.93667,40
167468,24.470331,41
167468,37.387333,62
167468,20.57967,19
167472,2.6823325,7
167496,0.08866662,6
167496,4.792333,7
167496,5.335667,7
167524,2.8823338,7
167540,9.122667,18
167560,-0.8003334,9
167560,-1.4113332,16
167580,16.147003,21
167596,30.066334,9
167600,27.611666,5
167616,5.703,19
167660,7.0103335,11
167668,40.236,18
167684,20.180336,31
167688,25.885,5
167728,9.16,10
167736,7.973001,19
167736,3.0943336,13
167772,34.530334,11
167780,28.768333,45
167796,9.058334,15
167852,7.701334,14
167860,1.7206666,22
167880,-0.5216665,5
167900,24.607002,41
167904,19.107,31
167932,28.655666,7
167932,2.726,8
167936,33.943665,21
167940,10.948334,15
167956,25.351665,5
167960,1.5023333,7
167960,-1.855,5
167976,8.443668,11
167996,5.4329996,9
167996,3.7649999,5
168084,18.724,32
168092,-5.8823338,33
168108,27.378666,6
168148,3.078,14
168168,4.5883336,5
168188,26.085,5
168188,34.973335,20
168220,24.738665,56
168224,-0.28366673,9
168248,1.3223332,7
168252,28.675667,7
168256,45.80834,65
168264,13.206336,19
168268,3.6316664,5
168292,2.0089998,7
168292,0.60533345,6
168312,1.4846671,14
168320,1.4723333,7
168336,14.130334,21
168352,7.136,8
168364,32.664333,13
168376,1.4719999,6
168384,5.3676662,23
168456,17.17,30
168484,39.364998,25
168512,4.8789997,7
168552,13.474668,44
168580,45.501335,54
168596,35.373665,21
168616,27.678333,5
168640,8.490668,22
168660,5.9799995,20
168668,2.7556667,7
168672,31.904667,14
168680,2.9950001,5
168724,35.208,14
168756,8.980335,21
168772,30.197334,12
168792,56.33799,84
168796,24.906332,29
168812,30.384666,14
168840,7.147001,11
168852,28.695,15
168856,39.94034,21
168860,-3.8516665,5
168912,4.955,25
168924,39.00567,17
168924,11.015333,16
168992,38.242332,17
169012,25.485,5
169052,39.909992,50
169064,21.738333,35
169088,40.56967,19
169088,32.426334,9
169112,26.783337,50
169112,3.5306668,12
169120,27.216,8
169172,29.261,13
169180,12.284333,23
169204,9.314333,23
169224,-1.1983334,5
169264,27.153332,10
169284,14.700999,43
169308,1.463667,11
169308,51.681335,34
169324,53.961998,36
169336,26.895666,7
169344,27.138332,5
169356,32.904,12
169400,6.103666,11
169416,40.577667,33
169460,39.656998,31
169468,32.242332,17
169472,36.318,14
169500,5.0456667,7
169516,6.2846665,14
169560,18.83767,23
169568,39.532333,17
169580,17.322002,16
169580,35.14299,59
169592,1.1286666,6
169608,-0.09433341,7
169636,3.196334,19
169660,34.535667,17
169664,2.8623338,7
169684,28.005333,6
169692,7.4203334,21
169700,21.846666,30
169716,1.5560004,8
169760,34.690334,11
169760,5.9816666,15
169772,18.235666,27
169792,1.1526667,8
169800,-0.29766667,7
169816,3.202,6
169816,15.0703335,31
169828,3.2656667,7
169848,27.936,8
169880,41.246666,30
169912,36.233665,21
169932,3.075,5
169940,6.728334,15
169952,1.425,5
169968,15.333336,30
169972,6.976,8
169980,-1.7310002,7
169980,51.597,41
170016,4.823666,11
170016,5.216333,9
170056,15.616336,19
170068,5.9509993,13
170112,20.898668,36
170124,48.00566,27
170164,5.9799995,10
170172,14.076336,29
170172,43.325333,26
170176,4.7786655,16
170184,0.008333445,5
170208,-0.8336668,9
170228,5.581333,14
170304,37.579666,19
170332,27.275665,7
170336,20.07267,38
170336,8.634001,32
170356,-1.0216666,5
170360,29.242332,7
170376,56.61,50
170380,0.36833334,5
170392,10.181334,14
170412,-0.25166678,5
170412,4.716333,9
170468,11.898001,14
170468,5.4746666,14
170492,27.498003,34
170516,28.837334,12
170548,35.39067,42
170552,9.287001,21
170560,37.715668,17
170568,-0.385,5
170584,29.582666,8
170588,0.20499992,5
170592,41.602997,19
170608,31.697334,12
170612,-0.3983333,5
170612,1.3323331,7
170624,30.156334,9
170660,2.9140005,12
170704,10.556664,20
170704,8.184334,23
170712,23.765337,26
170720,10.981668,15
170740,27.165,5
170740,8.249667,9
170760,26.958332,5
170788,14.726334,19
170792,8.556,8
170832,6.9333334,10
170844,8.202,26
170856,2.575333,6
170872,1.1590002,7
170876,3.6716666,5
170888,25.211996,46
170948,39.069336,18
170952,8.18,20
170956,28.857334,42
171012,51.58367,31
171012,29.241333,14
171044,21.811,23
171048,32.779667,9
171048,5.6550007,25
171072,1.5519999,6
171072,35.321667,15
171076,28.355667,7
171080,2.5996666,9
171108,3.033,9
171128,8.987333,12
171132,7.6713343,14
171144,33.909332,18
171144,28.966331,9
171172,-0.20766664,7
171172,31.040333,11
171224,5.6109996,13
171240,13.838002,24
171248,2.366333,29
171260,37.930668,22
171276,4.663,9
171276,2.685667,7
171284,35.071667,15
171304,2.9223335,7
171304,25.431667,5
171324,8.055334,16
171324,2.4850001,5
171332,2.5089998,7
171404,42.506668,20
171436,17.749332,28
171476,63.510002,50
171480,13.268999,37
171488,9.474333,13
171508,1.2256668,7
171524,9.53,30
171548,40.729332,18
171552,2.4953332,16
171600,47.54767,23
171604,3.411,13
171620,-2.3783336,5
171672,21.738998,37
171712,9.243334,10
171744,25.818338,35
171784,11.479336,18
171788,6.7670007,11
171804,-1.1316667,5
171808,25.831667,5
171824,4.4616666,5
171832,66.39767,53
171840,27.644333,73
171852,0.96566653,7
171860,28.655666,7
171864,0.5386667,6
171888,16.763332,20
171888,4.699667,9
171896,2.3226666,8
171924,0.8956666,7
171940,5.1676674,13
171944,0.64166665,5
171948,4.9183326,15
171952,38.350998,23
171972,26.031666,5
171976,9.443001,9
172012,15.629003,17
172028,9.554335,13
172040,7.479,7
172040,9.372335,17
172044,24.864668,24
172060,-0.10833359,5
172076,4.139667,9
172080,28.006332,9
172080,2.3983335,5
172084,4.0113335,14
172108,4.969,7
172164,11.260002,20
172168,11.957666,23
172184,42.922005,26
172196,0.15900004,7
172216,2.4016664,5
172240,11.283003,19
172256,22.462334,37
172260,6.910334,11
172296,38.359337,28
172316,2.5683334,5
172332,8.982667,18
172348,17.151001,23
172408,42.88066,42
172428,11.0526705,28
172452,13.482003,26
172456,1.7623334,7
172480,-1.1176667,7
172492,1.5763333,9
172524,-1.4696665,11
172584,65.11767,63
172612,1.4923333,7
172624,23.927668,33
172640,29.095667,7
172644,2.2783337,5
172648,61.103333,60
172656,47.194336,33
172676,31.253,9
172696,1.1316667,5
172712,5.448666,16
172716,14.669333,18
172720,-0.5846667,6
172740,27.991667,5
172768,1.789,7
172804,1.7796669,9
172812,18.055002,25
172828,4.0953336,6
172836,46.138332,45
172868,30.904667,14
172872,35.590332,11
172876,49.243332,40
172896,5.185667,7
172904,7.1490006,17
172912,8.226334,9
172924,1.9723334,7
172948,1.447,11
172976,4.1009994,13
173004,2.6756668,7
173028,23.173,39
173056,3.195666,7
173056,34.095337,36
173064,13.913001,29
173084,1.9456666,7
173092,5.089667,9
173104,-0.17833328,5
173104,12.361671,25
173124,25.818333,5
173140,1.1073332,12
173152,8.943999,22
173160,27.645,5
173172,7.490667,12
173192,7.736666,10
173200,30.909,7
173208,8.740667,12
173220,2.3183331,5
173260,18.069664,39
173268,4.090667,12
173296,1.5530001,9
173300,14.551001,23
173308,48.126335,29
173316,32.890667,12
173328,25.658333,5
173328,28.022333,7
173348,-2.3049998,5
173356,29.715668,7
173368,36.78267,18
173376,3.0156665,7
173400,5.7726665,8
173428,5.105667,7
173452,20.68133,34
173460,-0.06400001,8
173496,16.011667,35
173508,9.260668,12
173524,-0.6043334,7
173560,26.993,9
173580,21.877337,32
173580,75.027,51
173644,42.007,21
173644,9.112001,16
173652,9.079333,18
173692,4.7799997,10
173712,69.797,51
173736,13.787669,23
173736,2.6470003,11
173748,1.383,9
173764,26.782333,7
173776,7.073334,10
173804,51.38,40
173808,10.031667,15
173812,3.8839998,12
173836,2.6749997,15
173856,3.3736663,11
173860,8.841333,14
173864,1.4856668,7
173884,7.128334,5
173924,34.848667,16
173928,44.993332,30
173960,4.269667,19
173980,0.7850001,5
173992,16.72133,34
174012,6.7870016,21
174040,-0.011000037,7
174040,7.740667,12
174052,25.644003,32
174060,0.7316669,5
174076,11.906334,9
174084,11.775333,26
174096,4.500333,11
174116,25.404999,5
174120,8.037001,11
174152,2.4926667,8
174156,12.324667,24
174180,8.872,16
174188,4.5193334,8
174200,33.247334,12
174228,1.4656669,7
174244,4.2613335,14
174260,29.354662,44
174264,7.909667,9
174320,48.454998,35
174336,8.689333,18
174344,3.1486664,6
174348,13.388667,26
174380,10.970002,30
174380,4.8860006,8
174396,6.7676663,13
174452,8.649333,18
174468,5.346,18
174488,2.2663336,9
174496,3.639,7
174524,59.95233,47
174540,34.120003,40
174540,5.037667,13
174552,37.908,14
174576,5.588666,6
174584,5.7536664,11
174604,26.729,7
174620,46.281334,24
174648,12.802336,27
174668,11.338667,16
174712,6.535333,16
174748,18.203997,32
174752,25.610674,42
174768,2.1583333,5
174772,4.325,15
174788,22.553333,30
174800,2.8223333,7
174816,27.215668,7
174820,3.071,13
174840,-1.6183335,5
174864,20.825998,28
174872,1.2326663,8
174876,36.916336,19
174876,7.9583335,15
174888,3.1220002,6
174928,3.33,10
174932,7.7613335,14
174952,3.325333,6
174972,-0.9383333,5
175000,2.2190003,7
175004,14.804337,33
175048,21.713,29
175048,4.193667,11
175052,7.3776665,13
175060,26.372002,46
175076,5.0323334,7
175112,10.175334,16
175116,4.906666,10
175144,5.469,7
175156,18.19867,26
175192,40.506664,20
175204,7.244,12
175216,11.352668,18
175228,4.498667,6
175236,53.494667,44
175256,6.3683333,5
175264,31.603,9
175284,-1.5549998,5
175300,19.705666,27
175304,-0.93266654,22
175316,2.4050002,15
175332,29.902666,8
175336,5.3643327,13
175356,-1.5550001,5
175356,4.481,13
175376,4.098333,15
175408,28.941002,13
175412,0.80299973,9
175436,19.065334,26
175452,32.013332,10
175472,32.359665,9
175492,36.733665,21
175492,-1.0383333,5
175496,41.04167,35
175528,29.739666,9
175540,27.463667,11
175548,10.024666,24
175560,37.48567,17
175600,32.084335,13
175616,37.543,19
175624,21.088,24
175660,-1.757,9
175668,7.594333,13
175672,3.216,18
175704,24.138668,36
175728,15.405001,15
175736,32.692,16
175748,3.777334,22
175756,7.657667,13
175772,2.3663332,9
175804,6.7163334,19
175824,15.132999,19
175832,15.883001,19
175832,24.589,7
175844,26.585,5
175860,27.629,7
175884,14.122669,28
175904,3.946,18
175920,13.575001,15
175948,1.319,7
175952,9.0823345,17
175976,25.472,6
176004,10.361333,14
176024,28.925,5
176028,65.905334,46
176052,45.203,19
176060,5.4963336,9
176072,8.727001,11
176080,19.841331,44
176100,1.8583333,5
176104,4.8770003,11
176140,9.576668,10
176140,-0.7303334,9
176172,22.025003,25
176192,9.081001,13
176228,10.327334,22
176236,32.797,11
176236,14.195334,16
176256,3.2023335,7
176288,28.536,8
176288,20.506332,59
176316,28.235666,7
176328,14.051001,23
176344,17.362335,27
176364,27.772999,9
176408,10.5443325,23
176440,14.909668,19
176484,30.866333,19
176488,45.971996,36
176496,6.204666,14
176524,23.913004,59
176524,1.5756669,7
176544,37.931667,15
176552,0.6290002,7
176552,3.0156665,7
176580,3.0129995,9
176600,2.367333,12
176616,2.712,16
176676,47.141335,24
176688,7.429333,18
176696,29.00733,52
176712,19.109335,28
176744,30.609333,8
176760,15.183666,21
176780,46.800995,23
176816,5.8599997,30
176820,13.765001,15
176824,13.156668,20
176836,27.485,5
176856,27.491667,5
176864,5.167,11
176876,0.26766658,13
176900,19.326666,30
176908,3.3736663,11
176912,34.02133,14
176912,30.733,9
176920,3.2616668,5
176940,4.5290003,7
176948,28.175667,7
176968,4.5083337,5
176968,4.1023335,7
176972,10.915002,15
176992,6.385334,6
177040,30.520996,33
177040,40.632668,18
177060,2.4116664,5
177080,27.105,5
177108,1.1790001,7
177136,33.640327,41
177160,51.163338,30
177176,19.195333,46
177192,20.537,21
177252,4.5416665,15
177264,20.165337,26
177272,13.978003,24
177272,0.28499985,5
177300,1.162333,7
177304,17.86067,42
177328,37.485332,16
177332,0.55233335,7
177356,4.794667,14
177356,5.1920004,6
177372,9.411667,25
177392,5.5596666,9
177436,32.147,11
177452,10.903669,31
177464,-0.15433323,7
177504,7.227667,13
177508,47.611336,34
177516,19.160002,40
177516,8.354334,13
177544,26.173,9
177548,4.116,8
177564,26.938334,5
177584,26.411667,5
177608,11.634334,23
177660,9.689332,28
177680,21.068,44
177680,16.696001,18
177688,6.568667,26
177700,1.3983333,5
177708,0.37833333,5
177736,26.962334,7
177740,11.975002,15
177744,8.270333,11
177788,3.327333,12
177788,6.8009996,13
177804,13.821666,15
177824,4.6549997,5
177844,6.2483335,5
177856,10.345666,17
177880,56.605003,55
177908,5.9990005,7
177912,4.923667,31
177928,40.029335,18
177952,4.058666,6
177964,5.1976666,13
177984,13.598336,35
178012,14.845336,26
178032,38.770004,20
178032,29.165,5
178052,37.184,22
178080,12.734667,24
178084,6.294334,13
178140,36.724,22
178188,2.3839998,12
178208,6.221666,5
178216,26.672,46
178248,25.757334,42
178280,10.452667,18
178300,24.891666,5
178304,41.984,22
178316,33.479336,58
178340,25.432,6
178348,3.1706667,12
178352,7.9940004,12
178372,-0.08833325,5
178376,0.23633349,9
178392,4.013667,11
178412,1.1029999,9
178464,6.5810018,13
178500,21.050667,32
178512,20.095339,66
178524,12.348332,15
178536,27.669666,9
178544,-1.5649999,5
178564,50.081,43
178584,29.890667,12
178588,4.4153333,6
178604,39.247665,23
178628,7.636667,10
178632,4.040666,12
178656,29.489,7
178668,2.5929997,9
178676,27.018333,5
178680,21.357996,34
178684,39.343334,20
178708,3.1066666,10
178720,33.403667,11
178728,1.5283339,5
178756,2.3063328,9
178764,3.049666,9
178776,25.265,5
178820,31.550335,11
178828,14.7056675,37
178844,29.336666,40
178852,26.569332,8
178872,1.4849999,5
178876,2.3359995,8
178876,7.9993343,28
178888,7.088333,15
178896,4.8086667,6
178908,-0.14166665,5
178920,1.737,11
178956,9.698334,15
178972,33.027668,13
178976,-0.86833346,5
179004,42.427334,32
179008,5.5363336,9
179044,6.689,17
179044,28.316334,9
179052,-1.326,12
179072,3.1956666,7
179088,-2.5436668,9
179092,1.525,5
179140,32.837334,12
179140,6.8646665,24
179148,37.89667,60
179156,11.732334,17
179160,26.191666,5
179180,24.811666,5
179184,-2.2703333,9
179184,30.875668,7
179244,6.0153337,16
179248,4.4153333,16
179252,9.869335,28
179264,3.9883335,5
179276,22.764336,23
179284,26.011665,5
179304,3.2556667,7
179324,3.7416666,5
179328,32.093666,11
179348,28.112,6
179376,26.569,7
179388,-0.43500006,15
179392,17.80533,36
179412,25.132,6
179420,25.37733,42
179428,4.226333,9
179464,31.770332,11
179468,10.751334,14
179484,-1.075,5
179520,3.4976673,13
179532,24.05967,39
179552,2.9883332,5
179604,14.633335,30
179616,38.19901,47
179632,31.109001,7
179644,1.0090001,7
179644,20.773666,31
179672,23.836666,30
179708,3.5896673,19
179712,34.889,17
179724,10.303335,20
179728,-2.2649999,5
179796,35.549,17
179800,42.033005,19
179812,43.381668,25
179824,3.4520001,6
179832,47.90667,40
179836,1.0099998,10
179844,28.724998,5
179864,3.0276666,13
179888,6.6243334,13
179916,29.642334,7
179936,-0.1116668,5
179944,18.616001,28
179964,17.468334,25
179964,26.011665,5
180020,3.1113338,14
180020,11.627001,21
180024,7.6416664,15
180040,27.151667,5
180044,-0.5250001,5
180060,3.088333,5
180076,32.854668,14
180104,11.708334,15
180112,27.219666,9
180120,37.878334,15
180132,26.249,7
180148,52.652004,76
180172,37.915,15
180184,8.0130005,9
180192,26.365,5
180204,38.036003,18
180204,-0.8816668,5
180232,12.259335,28
180236,2.3993335,8
180244,6.1733327,10
180252,0.8416667,5
180264,2.1249995,5
180284,9.514334,23
180284,1.5526665,8
180288,33.151,13
180292,5.359,7
180312,0.9089998,7
180316,1.3056666,7
180320,28.182333,7
180364,2.9103332,11
180372,33.398335,15
180384,5.624999,25
180396,3.9753332,6
180400,3.9496667,9
180420,4.2263336,9
180420,3.0353332,6
180456,1.7163332,9
180468,35.672333,17
180484,25.897337,42
180504,1.2516668,5
180508,4.5299997,10
180548,19.684004,32
180548,4.710333,11
180552,14.721334,24
180556,31.234,12
180568,1.9050002,5
180604,33.881332,14
180616,34.085335,16
180620,4.3409996,13
180656,12.485002,25
180656,5.0896673,9
180656,6.9033337,10
180676,37.876,18
180708,5.4560003,8
180760,40.578667,26
180764,9.082332,27
180772,15.745334,16
180780,25.271667,5
180804,4.732667,8
180808,16.342669,38
180808,6.4503336,11
180828,24.391666,5
180828,4.3749995,5
180832,4.2489996,7
180840,10.528335,15
180864,1.0893333,8
180880,9.547668,13
180880,6.186667,10
180892,3.8286662,16
180900,29.486332,9
180916,5.569667,9
180936,25.378334,5
180956,32.51967,19
180964,0.569,7
180976,1.8683333,5
180980,14.050001,20
180988,10.958001,24
181004,-3.2566667,10
181008,0.70899963,7
181016,29.455667,7
181048,6.076,18
181056,3.0299997,10
181068,29.638332,15
181076,1.0756667,7
181096,1.599,7
181108,6.611,13
181128,10.454334,13
181148,-2.4850001,5
181152,57.485664,37
181160,3.3143334,13
181168,24.878334,5
181192,27.605333,6
181212,10.123001,29
181216,33.194668,14
181216,7.978667,16
181244,34.86767,13
181272,7.474667,14
181292,1.8039999,12
181312,15.254667,24
181328,9.104668,14
181328,3.1829998,9
181340,4.642333,7
181360,2.876,8
181372,0.8036667,11
181376,43.260334,41
181392,26.665,5
181464,17.000666,22
181476,22.004671,34
181484,37.414337,23
181496,2.9650002,5
181520,33.861336,14
181540,57.74833,45
181572,12.120667,22
181592,-0.21500015,5
181596,30.874664,14
181624,42.864,32
181628,5.219667,9
181648,23.457335,32
181652,1.5886664,6
181656,28.116001,8
181684,17.640667,22
181692,6.4999995,10
181728,2.313667,11
181740,11.167669,23
181740,5.664,12
181776,3.2896671,9
181784,14.097334,32
181828,3.8176658,13
181840,7.774667,14
181844,37.055332,26
181876,0.9663336,9
181880,32.331,13
181884,18.55967,39
181916,30.089333,8
181936,1.6583333,5
181952,11.156002,18
181972,6.319666,9
181996,48.513336,30
182016,-0.6116667,5
182044,21.472668,18
182048,33.193657,51
182088,32.706665,10
182112,11.131333,24
182128,28.506666,10
182172,38.905003,55
182188,7.578333,15
182192,2.2316668,5
182216,27.162333,7
182220,1.9890001,7
182224,45.68933,28
182236,4.3816667,5
182268,2.8870006,11
182272,69.54566,57
182288,26.411667,5
182296,9.546332,19
182324,1.1923335,7
182324,15.757336,22
182352,2.899,7
182368,14.824669,24
182372,-1.3383332,5
182392,25.404999,5
182396,-5.9143333,7
182408,6.7466664,30
182412,2.4650002,5
182436,27.389,7
182452,40.854,32
182480,41.107002,21
182500,0.7583332,5
182504,12.559002,17
182516,10.822,16
182520,26.211666,5
182564,7.690334,11
182600,8.196333,9
182600,30.94567,47
182620,12.559665,29
182624,19.865667,27
182644,1.8583331,5
182656,29.493,9
182680,0.5400002,20
182692,3.0263333,9
182716,12.563,29
182716,6.422,6
182728,14.393667,21
182732,5.6743326,13
182748,7.8226666,8
182752,35.866333,9
182784,3.8576665,13
182788,9.445002,15
182804,2.841667,5
182816,2.6323328,7
182820,10.242334,17
182832,29.369,7
182840,12.6743355,23
182864,6.2893333,8
182892,10.259333,18
182904,31.833334,10
182924,-0.004999876,5
182952,2.5456667,7
182964,18.225672,37
182992,35.42833,25
183008,29.937334,42
183028,2.9730003,9
183028,-3.0236666,19
183032,12.789,17
183072,4.613666,11
183076,3.2703335,11
183088,9.345001,15
183120,49.719337,28
183128,2.1310003,13
183132,8.348334,15
183172,42.897003,21
183184,19.138668,16
183200,14.476003,18
183204,28.918333,5
183240,6.1429996,9
183248,37.88967,19
183260,9.291666,15
183276,1.509,7
183288,-0.8759999,12
183288,23.279663,39
183300,0.8466666,10
183320,-2.145,5
183348,34.158333,15
183352,12.682003,16
183364,38.817333,22
183368,2.2406669,12
183400,5.7926664,8
183416,3.6419997,16
183420,3.135,5
183424,40.97167,15
183464,30.266666,10
183476,24.727335,32
183476,12.824667,14
183512,3.954,12
183528,4.3476667,13
183528,12.896004,28
183532,3.4850001,5
183548,2.3449996,5
183560,27.842333,7
183576,30.935667,7
183580,24.351665,5
183604,9.756333,19
183620,0.8770002,11
183624,5.3569994,11
183640,-1.5916666,5
183660,0.58500016,5
183680,14.633001,19
183684,-2.508,6
183700,1.085,5
183708,6.0536647,21
183720,53.270332,61
183724,2.9819999,6
183728,7.650333,11
183752,3.1160002,8
183776,10.037666,13
183784,7.5396676,19
183792,11.672001,16
183812,8.409668,9
183832,8.98,20
183844,35.011665,15
183844,9.737669,13
183844,3.419333,8
183860,-0.11433324,7
183864,-0.5216665,5
183868,-3.3346667,6
183872,1.4623332,7
183880,-0.6483334,5
183884,-1.1983334,5
183888,24.338333,5
183900,28.871666,5
183908,5.7283335,5
183932,4.738667,6
183936,32.919666,9
183936,8.414333,13
183952,28.865,5
183972,3.766333,9
184004,3.3576665,33
184008,32.32467,14
184032,4.145334,6
184048,17.82267,28
184052,28.194,12
184068,18.578003,24
184072,0.38833332,5
184076,2.7556667,7
184096,-1.6243333,7
184128,28.169333,8
184132,10.081333,14
184152,19.363333,20
184184,35.027664,13
184200,56.947334,42
184212,5.1916666,15
184240,5.5423336,7
184272,7.1126666,8
184284,45.680332,21
184296,21.726002,28
184320,1.2973332,12
184324,32.209667,49
184328,7.093667,11
184332,5.1530004,9
184356,29.422333,7
184376,34.741,13
184436,19.391998,26
184456,25.765,5
184464,18.237331,22
184464,18.475332,36
184488,1.0893335,8
184492,44.257996,34
184520,7.119,7
184536,8.600666,12
184548,38.44033,21
184576,3.6656668,7
184576,18.822668,28
184580,31.036999,11
184596,26.398333,5
184596,28.671667,5
184628,35.197334,12
184640,5.100333,11
184648,2.6116664,5
184668,27.805,5
184672,18.52933,38
184692,46.34133,24
184700,12.045002,15
184720,0.83833337,5
184724,3.408,14
184740,8.972334,17
184760,1.8363335,9
184788,4.345667,7
184792,33.384335,13
184808,5.5550003,5
184812,18.990002,30
184840,6.9773345,12
184844,0.096333265,9
184872,23.329332,38
184896,4.6676664,13
184916,25.391666,5
184948,8.738,34
184956,33.620003,10
184960,22.437332,22
184976,1.8356668,7
184980,0.862,6
184996,31.942999,39
184996,27.133,9
185008,2.8523335,7
185032,33.108,14
185044,6.0239997,12
185064,6.1026664,8
185064,26.998333,5
185108,18.43167,25
185128,26.571003,33
185148,8.900333,21
185156,2.685667,7
185164,-2.7049997,25
185208,33.328335,15
185216,7.9576674,13
185272,43.013,29
185276,1.7349994,15
185284,4.796333,19
185292,2.2350001,5
185296,46.709003,47
185304,29.629,7
185316,26.318333,5
185324,5.0016665,5
185332,5.4066663,10
185340,6.1379995,14
185344,1.982333,7
185360,0.59233344,7
185360,4.163,9
185364,25.825,5
185380,26.425,5
185388,26.035667,7
185428,41.510666,22
185436,2.7306664,12
185452,0.08533335,6
185468,26.542665,8
185472,19.871002,23
185476,12.76267,28
185504,6.1559997,8
185508,25.942667,8
185508,11.618,14
185532,3.782,6
185568,9.765,25
185604,-1.057,9
185616,12.555667,27
185616,11.819334,28
185616,4.717,21
185632,6.2656665,7
185636,0.9416666,5
185648,6.846,8
185664,5.854,12
185684,7.751001,13
185692,8.125668,7
185712,7.222333,7
185720,2.5636666,21
185736,0.98199993,6
185752,6.2949996,15
185764,3.0489998,7
185768,40.596664,30
185772,25.938334,5
185792,-1.601,7
185796,1.2323334,7
185800,4.9323335,7
185812,0.4583334,5
185828,28.949,7
185852,16.371002,33
185864,36.671,13
185868,10.819334,18
185884,3.272666,8
185892,3.0656667,7
185936,8.247668,13
185960,7.0023336,17
185972,27.932999,9
185976,23.155664,27
185996,57.724,42
185996,1.5996668,9
186048,34.737667,13
186048,38.306335,19
186056,6.0949993,15
186076,2.409,7
186104,0.35566664,7
186136,17.810665,22
186152,6.337333,12
186160,9.0720005,26
186160,58.612,46
186208,5.064,12
186208,37.581337,14
186228,6.015,5
186228,4.3023334,17
186244,1.9830003,9
186244,-3.1476674,27
186268,30.946667,10
186284,1.6966668,10
186300,30.022667,8
186304,1.2649997,5
186328,-0.404333,7
186344,6.475001,25
186376,28.155666,37
186384,-0.36666667,10
186408,1.9493333,8
186428,28.350334,11
186432,35.048668,26
186452,4.3083334,5
186460,29.169334,8
186468,11.118336,15
186488,24.878334,5
186492,11.446668,10
186540,13.65667,20
186556,19.387667,63
186560,-1.5016665,5
186580,2.4216669,5
186584,0.14233327,7
186644,4.298333,15
186660,27.470665,42
186708,11.077335,32
186740,26.117668,63
186744,27.246334,9
186752,35.405666,27
186760,11.818335,25
186812,13.064334,13
186820,8.043333,20
186848,29.168999,7
186868,15.647001,31
186900,14.697335,22
186948,27.98633,49
186952,29.210999,13
187044,32.876335,49
187052,20.335001,25
187064,26.891666,5
187116,43.16734,62
187124,11.849336,18
187144,4.2616663,5
187168,32.661003,13
187196,53.30433,33
187212,9.842334,17
187232,23.696999,71
187252,5.26,10
187260,36.318665,16
187268,6.314999,25
187284,-4.6223335,13
187288,3.5556667,7
187296,2.9456663,7
187316,27.318333,5
187320,12.565668,17
187340,10.381334,14
187376,8.091667,15
187400,19.296001,28
187408,8.877335,22
187412,9.369666,9
187448,32.044,12
187468,12.874667,14
187492,33.223667,11
187540,4.9810004,33
187552,13.735002,15
187584,47.229668,29
187612,4.5683336,15
187616,38.736336,19
187640,2.492,6
187668,12.147001,21
187688,1.6573333,12
187712,7.753667,11
187724,16.766,28
187740,6.9609995,13
187756,33.997,11
187792,4.397667,13
187792,44.38767,113
187800,39.672997,19
187836,6.633667,11
187864,41.026,18
187872,23.573004,29
187880,0.5336666,11
187892,1.5756669,7
187916,1.9863331,9
187936,19.421331,34
187936,-0.8183334,5
187944,7.7293324,18
187964,30.582333,7
187976,27.256,8
187988,0.71866655,6
187988,15.577999,24
187996,12.155001,15
188032,2.361333,14
188048,5.514333,13
188060,40.996002,18
188076,8.267,11
188080,0.45499992,5
188120,12.699334,18
188124,5.9136667,11
188128,29.614996,35
188144,26.011665,5
188180,1.3543338,13
188204,5.248333,15
188232,5.7276664,13
188252,0.7016666,5
188296,9.440334,11
188300,27.208334,45
188300,11.151334,24
188320,26.985,5
188320,2.185,5
188344,2.5819998,6
188356,11.465,15
188384,30.322332,7
188392,11.742667,18
188416,1.7486669,6
188420,61.102005,86
188432,17.737333,22
188456,5.463333,10
188476,-0.50166667,5
188492,7.1123333,27
188500,4.0486665,6
188528,30.462334,7
188528,2.393,9
188556,11.583666,31
188576,26.691666,5
188576,3.7306678,12
188592,7.2153335,16
188596,-1.8216666,5
188628,2.0809996,13
188648,6.5676675,13
188648,63.965668,57
188668,6.2966666,10
188700,21.225664,27
188712,0.935333,16
188724,5.9453335,6
188744,-0.7473333,8
188744,27.691666,5
188796,4.777667,13
188796,48.724,32
188816,0.81500006,5
188840,9.583666,11
188860,10.746333,29
188860,25.985,5
188880,1.1316667,5
188912,8.726001,8
188920,6.9383326,15
188940,27.564999,5
188956,6.3303323,11
188960,68.23599,78
188976,27.898335,5
188992,31.667667,13
189012,7.3296666,9
189032,37.129333,18
189052,33.413334,10
189076,39.037,21
189076,1.4703336,11
189096,12.153667,11
189108,1.3726664,8
189132,4.1663327,9
189136,5.6783338,15
189232,22.078001,24
189244,8.84133,34
189288,88.342674,118
189312,23.831663,45
189340,19.141333,24
189356,37.199,17
189368,-2.171,7
189372,2.2683334,15
189372,52.39833,35
189392,-3.5149999,5
189412,2.9916668,5
189412,7.4913325,14
189416,11.1136675,11
189452,4.0966663,10
189452,2.35,10
189496,2.0903335,11
189524,5.979333,18
189524,-1.061,7
189536,35.844,42
189556,29.189333,8
189556,26.045,5
189576,1.095,5
189624,8.267334,52
189636,35.641666,15
189652,48.674004,32
189652,-2.701,7
189656,-0.48166656,5
189664,14.712334,27
189672,0.2916665,5
189688,28.699665,9
189712,8.864666,14
189736,12.442,16
189740,8.832999,19
189760,7.766001,18
189784,24.745333,6
189812,32.68933,18
189828,-0.1396668,11
189836,-1.0846666,6
189856,26.242332,7
189864,2.5723333,7
189892,4.2596664,9
189908,16.673,49
189944,7.1996675,9
189964,51.399002,57
189988,37.568,24
190016,8.744333,13
190028,22.053665,41
190028,0.22666669,10
190068,3.0,10
190104,12.383001,19
190120,25.554663,44
190120,10.641001,13
190132,23.876331,29
190152,25.645,5
190172,1.9783334,5
190196,6.5663333,19
190232,7.339667,9
190264,-1.9273334,8
190296,17.380339,31
190300,61.318336,45
190304,28.820002,50
190320,-0.17166674,5
190320,9.854667,14
190324,-0.2750001,5
190340,2.1683333,5
190348,26.352333,7
190360,29.066334,9
190376,5.926667,20
190376,28.875666,7
190380,6.5199995,10
190408,9.767334,12
190452,11.272998,19
190456,13.436335,19
190472,3.0446658,24
190480,-2.0776668,7
190484,8.339666,19
190492,5.699666,9
190536,7.787,11
190600,13.453003,29
190604,32.365665,17
190608,17.217333,32
190612,14.708333,35
190632,2.7883334,5
190648,4.3903327,11
190716,38.290337,21
190728,7.803334,30
190744,6.5656667,7
190748,41.81167,25
190752,48.87933,38
190796,14.212335,17
190796,33.333668,11
190852,9.888,14
190860,46.976,28
190888,0.6123333,7
190908,32.947998,14
190920,18.71367,31
190940,2.3676662,13
190956,28.156334,9
190960,2.5116668,5
190964,22.13834,55
190976,2.6183329,5
190988,0.38566685,7
190992,44.563667,21
191012,3.735333,6
191036,10.225,15
191036,26.138666,6
191088,9.527668,13
191104,14.68267,28
191104,20.374998,35
191108,15.419334,18
191124,26.005001,5
191140,31.653,9
191144,14.3913355,14
191156,27.689333,8
191168,2.8183334,15
191180,2.1553333,6
191196,4.0489993,7
191196,27.337666,13
191228,5.7106667,12
191252,8.354668,14
191260,23.456667,30
191264,8.482333,17
191280,6.567667,13
191288,27.442333,7
191312,2.9086668,6
191336,26.352,6
191336,7.846,18
191356,18.845335,26
191372,8.347666,23
191380,6.6320004,6
191388,32.97767,13
191400,3.5949998,5
191428,2.2423334,7
191448,11.711668,15
191448,17.572666,28
191516,33.469,17
191520,42.532665,18
191524,10.131333,24
191536,4.351667,5
191552,4.7593336,8
191564,-0.76333344,10
191572,4.0516667,5
191584,25.831667,5
191600,6.8086667,16
191652,71.62,70
191668,-7.3476667,17
191672,26.911667,5
191672,17.001667,25
191700,-0.66433334,7
191700,-3.631,7
191720,3.2483335,5
191728,26.142334,7
191752,28.089333,8
191764,7.9830003,9
191764,31.151667,45
191768,15.518335,25
191784,-2.745,5
191784,0.27166653,5
191808,0.59000003,10
191808,3.2053332,6
191828,36.74633,19
191840,0.009333253,8
191856,4.035667,7
191888,11.586667,20
191892,4.847667,13
191912,2.9283335,5
191916,2.4616666,15
191936,1.8983333,5
191940,29.122997,39
191956,4.390333,11
191964,-1.2409998,7
191984,2.2316668,5
191984,-1.8409998,7
191988,4.588333,25
192080,37.071335,24
192100,4.018333,5
192104,23.596998,41
192136,16.599,37
192156,2.7683334,5
192156,10.134668,14
192180,12.153,19
192196,29.213333,10
192200,3.177,11
192220,4.6749997,5
192232,38.15066,62
192240,31.157001,11
192252,2.4326665,8
192260,1.0916668,5
192272,13.614336,23
192312,33.885002,15
192320,15.437336,22
192344,12.627001,21
192368,3.9506667,12
192372,17.851665,25
192392,35.684,12
192404,7.746335,9
192448,5.481333,14
192448,5.8003335,11
192484,5.1330004,9
192484,2.843,9
192500,24.145666,47
192512,20.388336,35
192512,28.569,7
192512,3.4589996,7
192532,26.438334,5
192540,1.3223332,7
192552,0.8116666,5
192568,11.369001,17
192580,0.9089997,7
192592,31.567667,13
192596,0.54566693,7
192600,24.878334,5
192612,39.195,25
192620,29.949,7
192628,1.3056669,7
192636,-0.6846666,6
192648,26.451666,5
192668,31.617332,12
192692,32.57033,11
192700,9.712,26
192724,2.4420002,6
192740,5.486,18
192744,2.3709998,13
192764,27.018333,5
192776,15.56834,35
192780,4.839999,10
192796,-1.0283334,5
192800,-2.9216666,5
192820,27.018665,6
192820,1.2416667,5
192848,29.435667,7
192884,3.9063332,9
192904,51.89833,35
192904,29.335003,45
192924,0.71833324,5
192928,41.715668,27
192988,37.212,26
193016,-1.6443332,7
193036,15.316002,28
193056,14.984001,32
193100,4.9736667,11
193112,35.447327,52
193112,15.339669,19
193156,5.6369996,11
193196,40.770332,21
193216,7.101667,15
193232,65.39466,54
193240,29.843666,11
193252,26.085,5
193272,9.036,8
193288,5.286333,9
193304,40.833664,51
193356,15.889004,17
193368,19.492666,38
193380,14.448998,27
193384,8.526669,20
193412,3.8656669,7
193424,6.9736676,11
193432,9.829667,19
193460,37.114334,23
193480,10.117333,12
193480,33.36567,17
193496,16.542667,18
193524,4.265666,7
193556,10.751333,24
193584,1.2423335,7
193592,6.0826664,28
193604,26.138332,5
193604,11.24033,31
193624,27.238333,5
193636,6.1703334,11
193668,2.9836664,11
193672,33.973,9
193680,14.57967,19
193700,4.6926665,8
193720,0.3516668,5
193748,28.442333,7
193752,26.769003,57
193772,9.945,25
193796,5.5369997,11
193808,29.206333,9
193816,20.911333,34
193820,35.106,18
193844,30.186333,9
193876,4.169333,8
193880,12.208335,15
193900,-1.5983334,5
193924,23.675667,27
193936,30.799667,9
193984,11.089002,27
193996,29.698334,15
194012,5.405667,7
194016,22.847664,23
194104,41.682335,27
194112,16.45833,25
194128,49.804337,83
194144,4.6533337,10
194152,51.354668,34
194180,3.182333,7
194196,7.042334,17
194228,3.776998,21
194232,10.501,13
194256,17.012001,36
194256,3.9523332,7
194300,1.947,11
194320,46.23033,31
194320,39.74067,22
194320,4.4283333,5
194328,7.8826666,18
194340,25.878334,5
194348,9.305666,7
194368,2.953333,10
194388,0.26166666,5
194408,26.518333,5
194432,0.35533345,6
194444,16.910336,31
194472,3.1390002,7
194488,7.2646666,14
194500,1.8589995,7
194520,34.077667,43
194540,26.958332,5
194556,15.069001,17
194584,5.5336666,11
194628,39.752666,18
194644,24.152002,36
194664,-0.19833326,5
194668,89.41732,82
194684,4.828,14
194696,50.159332,28
194728,7.2883334,15
194732,35.379,17
194744,33.081665,15
194760,-0.9676664,7
194764,25.351665,5
194776,2.504,12
194796,3.0293336,8
194804,27.995667,7
194812,25.909668,29
194820,0.8716669,15
194832,26.785,5
194848,3.5423338,7
194860,8.708,14
194888,4.2323337,7
194912,2.3386664,6
194936,12.2073345,22
194960,3.3606668,12
194960,27.200335,41
195004,11.842335,17
195012,18.208336,45
195012,8.301,13
195024,-0.9983334,5
195032,1.1750002,5
195044,27.431667,5
195068,-0.08133328,6
195068,19.375666,27
195080,12.682333,17
195088,-3.5883334,5
195108,39.436333,19
195116,4.162334,7
195128,8.988334,15
195144,7.996333,9
195164,11.717002,21
195172,1.1956667,7
195204,8.233998,22
195208,31.753668,11
195236,1.949,7
195236,8.118668,16
195252,10.117335,12
195256,-2.3016667,5
195296,34.368336,15
195300,21.644335,43
195324,1.6223332,17
195324,-0.5410001,7
195356,36.407997,14
195404,8.293334,20
195440,10.116333,29
195448,40.751,23
195456,29.371,13
195468,1.3956667,7
195480,27.612,6
195484,-0.82366663,9
195520,4.016666,10
195524,54.249332,68
195544,9.271665,15
195560,31.013,9
195580,3.803,9
195596,5.1163325,9
195628,4.9793334,8
195648,25.618332,5
195664,4.7169995,21
195684,7.743,9
195700,52.095,45
195700,57.496002,58
195704,-0.6716666,5
195716,3.5743332,13
195744,26.159,7
195756,30.734667,14
195756,8.354668,14
195780,12.229669,19
195788,28.882666,8
195800,26.385,5
195832,7.4693336,8
195840,9.191333,24
195852,25.825,5
195856,8.504998,25
195868,35.963333,20
195892,5.0763335,9
195892,0.5453334,6
195920,12.345667,17
195928,30.066334,9
195944,6.1743326,13
195964,1.095,5
195988,7.0423336,17
196008,0.47500014,5
196028,26.865,5
196056,28.542332,7
196060,11.0980015,24
196100,23.391003,43
196104,24.278667,66
196124,11.449,17
196132,33.439335,18
196136,10.353001,9
196152,32.43567,7
196164,3.5489993,7
196172,36.062332,17
196172,2.0900002,10
196184,24.811666,5
196208,29.766333,9
196208,33.701332,14
196224,6.257666,13
196228,-0.6116667,5
196244,8.685001,15
196268,8.621667,15
196268,6.257,11
196288,-0.8916669,5
196304,34.46633,19
196320,-4.062333,13
196324,1.7929997,9
196356,27.769333,8
196360,33.408,14
196376,27.018333,5
196388,29.749,7
196404,37.180336,21
196404,18.156666,40
196408,-0.0149998665,5
196440,27.086334,9
196460,0.8116665,5
196516,39.339005,27
196524,15.536669,30
196568,14.379,27
196584,9.752333,17
196608,7.6166673,10
196616,11.877665,23
196616,8.406001,8
196636,-2.1076665,7
196640,20.002005,66
196660,26.198334,5
196708,9.354001,12
196740,22.685333,26
196772,54.78633,39
196788,8.586668,20
196792,31.564333,13
196796,61.548332,45
196824,29.249,7
196836,2.974,12
196860,12.307333,22
196872,2.403,9
196896,0.5796666,9
196896,30.042665,18
196900,7.6189995,7
196912,18.583336,30
196932,-0.34833336,5
196956,8.588334,15
196960,35.898666,16
196968,5.183,9
196972,41.186,18
197024,6.228667,16
197028,16.138334,15
197040,14.493669,21
197052,3.3723335,7
197092,20.716671,30
197104,31.857666,13
197128,4.633,9
197132,26.065334,26
197156,4.4723334,7
197212,7.0146675,14
197220,15.926332,29
197248,25.529667,9
197252,33.583336,30
197268,-2.6416667,5
197292,32.34,10
197336,6.363668,11
197356,14.3913355,34
197368,43.298332,25
197400,39.749992,90
197404,11.725668,17
197404,4.7996664,9
197420,26.585,5
197424,27.091667,5
197428,6.272667,18
197448,1.8316668,5
197464,30.533667,11
197468,2.0103333,11
197476,17.246,18
197488,5.2683334,5
197508,4.835,15
197520,6.862667,8
197524,3.3173335,12
197576,7.749001,17
197580,34.10167,15
197612,3.586,8
197620,7.3403335,11
197640,21.369669,29
197648,9.249667,9
197660,3.0966668,10
197660,5.6283336,5
197688,1.9156668,7
197732,4.0969996,11
197744,9.091334,24
197764,2.9060001,8
197764,26.331667,5
197792,64.48067,82
197800,-1.5336666,9
197816,2.5843334,13
197840,42.815,45
197844,9.521002,13
197860,5.081667,5
197864,-1.2316667,5
197868,3.6943333,13
197880,-0.54833335,5
197888,8.538667,6
197900,0.5083332,5
197908,1.6316669,5
197912,45.68933,28
197920,25.418333,5
197944,1.6796668,9
197960,34.704334,23
197960,1.4300001,10
198012,34.881668,25
198028,9.4556675,17
198040,27.369,7
198052,39.544334,23
198100,2.3073332,12
198104,14.406335,19
198124,11.417,21
198128,30.129,7
198128,0.8186667,6
198144,0.08500004,5
198148,1.2450001,5
198164,5.526333,9
198172,47.612335,57
198192,27.469,7
198208,35.685333,16
198236,16.257336,22
198272,9.568666,16
198296,15.163671,31
198320,-0.044666648,6
198332,42.048,24
198340,25.471666,5
198352,-0.30166662,5
198368,28.061335,44
198372,26.858334,5
198400,22.810667,32
198408,5.6056666,17
198420,7.4340005,12
198448,4.0206666,12
198508,4.5683336,15
198512,24.138666,36
198548,29.289665,9
198560,28.534332,13
198600,12.971669,45
198632,41.80534,56
198636,4.073,9
198656,-1.625,5
198656,10.374668,24
198668,8.826668,30
198704,4.9506664,12
198736,28.479332,8
198752,6.1336665,21
198760,6.772002,26
198780,6.5303326,11
198784,18.266003,38
198800,5.930666,12
198812,-1.961,7
198828,27.062332,7
198836,14.719667,19
198876,7.872001,16
198904,9.939,17
198932,11.388,14
198956,11.864333,13
198964,23.044666,34
198984,24.851665,5
199044,8.448334,15
199072,0.8723333,7
199072,18.547663,73
199128,9.424665,14
199148,62.512665,48
199196,40.335667,17
199232,13.063669,21
199232,32.039665,9
199248,34.95799,44
199260,-0.08766651,7
199260,45.02733,82
199268,0.37633324,9
199268,25.498333,5
199280,3.6350002,5
199320,37.651,13
199332,11.1153345,16
199340,1.4883335,5
199360,17.756668,20
199376,21.243002,29
199380,4.224,12
199388,2.1890001,7
199388,31.854,12
199408,1.7489997,7
199412,3.8486662,6
199432,25.958332,5
199452,25.831667,5
199456,7.940667,12
199460,12.627003,21
199464,13.493002,19
199472,2.045,5
199480,-0.7016667,5
199496,2.18,10
199504,2.232667,8
199524,29.563667,11
199524,-1.6583333,5
199524,5.601667,15
199608,17.327,21
199628,25.378334,5
199632,16.319004,27
199640,20.278666,36
199656,51.037663,33
199660,3.9889998,7
199676,32.644,12
199700,27.343334,10
199720,39.906666,20
199736,6.136333,9
199740,-9.094667,16
199756,-1.605,5
199760,28.031666,5
199784,2.3656669,7
199792,35.569332,18
199796,4.099666,9
199824,6.6056666,7
199856,27.362667,8
199884,40.701,23
199892,2.2063336,9
199912,-1.0383334,5
199920,3.7396665,9
199940,31.002998,39
199944,6.9360003,8
199976,2.183,9
199984,63.440666,82
199984,2.6833334,10
199996,4.375,5
200004,6.141667,5
200020,3.858667,6
200028,4.0836663,11
200028,7.6589994,27
200048,25.965,5
200060,2.496,8
200088,11.329001,17
200104,29.421333,14
200128,6.5989995,17
200136,8.164001,12
200152,22.492334,37
200160,2.882,6
200164,4.553,9
200212,4.5839996,12
200212,6.7543325,13
200236,2.9436662,21
200244,4.6026664,8
200264,4.5423336,7
200264,33.453335,40
200268,7.518,14
200272,2.049,7
200292,6.0989995,7
200328,7.398333,15
200352,10.760001,20
200352,7.381667,15
200364,2.1996667,9
200372,3.9283338,5
200392,25.765,5
200412,-0.20166671,5
200412,43.342327,37
200440,25.409,7
200472,8.998333,15
200480,2.3566666,10
200532,3.994333,13
200560,2.572333,7
200588,27.729,7
200616,-2.791,7
200628,30.473,69
200660,25.535671,47
200696,1.7199997,20
200724,0.065666676,7
200756,27.509333,8
200780,27.322666,38
200792,9.620996,33
200820,32.972,16
200844,35.515335,16
200848,78.333664,121
200864,12.120333,11
200888,2.7103329,11
200892,16.945004,25
200952,36.927338,22
200960,37.046,18
201008,16.870003,40
201028,27.098333,5
201028,12.319666,19
201048,4.855,5
201068,10.972334,27
201076,28.142334,7
201104,-3.0609999,7
201116,44.940666,22
201140,23.487333,62
201144,8.983,19
201160,4.1516666,5
201180,26.218334,5
201184,47.159996,20
201200,1.3883334,5
201208,45.97767,23
201212,-0.24433327,7
201236,12.651001,23
201248,5.3166666,10
201256,0.49166667,5
201300,14.384001,22
201312,12.952001,16
201328,29.449,7
201348,11.857667,23
201376,35.892,16
201400,1.275333,6
201412,46.366997,21
201432,14.533668,21
201436,25.636335,59
201460,3.5156667,7
201480,31.397,11
201488,31.395666,7
201504,3.2753332,6
201532,8.047001,11
201560,9.934667,14
201564,16.606,38
201596,-1.4403334,9
201604,11.379333,18
201628,6.5020003,16
201664,9.495668,17
201672,2.2870004,11
201684,-1.8883333,5
201712,1.9823332,7
201712,12.622334,27
201716,6.1470013,11
201732,3.7616668,5
201752,25.038334,5
201764,9.920666,12
201800,12.110667,22
201800,31.754002,12
201808,90.63066,102
201832,8.935665,17
201844,2.2563334,9
201860,0.85566676,7
201880,3.3883333,5
201900,15.391668,25
201900,24.958332,5
201908,37.77233,27
201928,2.4989998,7
201936,38.324333,23
201952,34.561,13
201968,-1.3939998,8
201980,7.964334,13
202064,41.593666,21
202116,13.124335,13
202148,29.141665,45
202152,3.8730001,9
202172,-0.33499998,5
202220,6.946,18
202232,41.767,81
202260,32.86233,77
202296,39.005333,16
202300,37.393333,20
202320,53.13233,37
202344,7.5006666,12
202356,2.5963335,9
202372,3.8423328,7
202392,36.107666,23
202404,23.098667,36
202408,2.7129998,9
202412,28.231667,5
202436,0.57899976,7
202472,4.3116665,15
202496,8.301667,15
202496,21.307667,23
202548,16.739666,19
202568,35.332664,18
202612,1.2836668,11
202612,40.428,64
202636,23.568335,35
202660,6.7240005,12
202664,3.5210004,13
202708,9.200334,11
202724,54.258003,44
202724,12.550669,22
202728,26.878334,5
202768,33.610332,11
202772,34.210335,11
202804,37.392006,36
202804,37.95333,20
202812,5.3803334,11
202832,11.598333,15
202840,0.90633345,9
202868,1.7946665,14
202872,32.65567,17
202900,4.6423335,17
202912,31.863667,11
202928,10.608001,14
202944,4.883667,11
202948,5.2763333,9
202972,32.170334,11
202984,5.663,9
203048,10.282,16
203124,16.545,45
203132,12.943669,21
203184,2.3349996,15
203204,2.165,5
203216,70.82135,94
203232,12.355001,25
203260,26.942333,7
203300,34.780334,21
203348,22.080666,22
203364,15.232,16
203372,0.2420001,6
203392,29.795666,7
203416,81.87702,111
203436,1.6569997,11
203456,26.118334,5
203472,33.454666,14
203484,3.7689993,7
203500,56.038,74
203596,22.268,24
203608,12.541335,34
203608,15.337002,31
203624,2.1156666,7
203636,4.0790005,7
203700,5.832,16
203704,59.03767,83
203732,2.122333,7
203736,1.7729999,9
203740,18.707666,33
203768,8.786334,9
203780,33.597,11
203788,4.9606667,12
203792,24.403997,42
203796,31.042332,7
203816,1.5883332,5
203820,29.875668,7
203836,34.210667,12
203856,-0.11366665,9
203860,10.060001,20
203876,0.9850001,5
203880,5.530333,11
203900,31.193333,10
203916,3.81,10
203916,0.52966666,9
203920,1.8583331,5
203944,-1.2710001,7
203952,18.99133,34
203972,3.0783334,5
203984,32.292336,17
204008,41.850666,22
204008,5.0386667,6
204016,13.882668,18
204028,25.791666,5
204044,32.032997,9
204056,4.9023333,7
204068,8.037666,13
204072,1.9123333,7
204096,0.9523337,7
204100,4.270334,11
204104,29.156,8
204120,0.32166648,5
204132,23.119997,40
204156,5.987666,13
204168,3.6906667,12
204176,30.220333,11
204192,9.067999,24
204220,1.7176667,13
204232,13.549668,19
204236,38.49167,15
204248,9.824668,14
204256,5.0629997,9
204272,6.2063336,9
204300,3.1709998,13
204300,12.082336,17
204320,34.952003,16
204320,25.378334,5
204336,-0.06466675,16
204352,26.175999,8
204360,6.8653336,6
204384,6.0353327,16
204396,10.837998,24
204436,3.6543329,13
204448,6.914666,24
204464,19.138668,26
204484,43.050667,22
204492,6.987,11
204496,8.209332,8
204512,25.828999,7
204512,13.633002,19
204560,4.600666,12
204584,17.151003,23
204588,6.114333,23
204636,5.8809996,13
204648,9.351667,15
204664,5.485333,26
204684,1.2296666,9
204692,-1.1276667,7
204712,61.12333,50
204716,33.943333,20
204744,26.142334,7
204748,34.748665,16
204764,3.0283332,5
204768,0.15166664,5
204796,18.108667,26
204804,10.696334,9
204804,6.3676677,23
204824,28.031666,5
204868,31.243668,11
204876,14.653335,20
204876,21.819334,28
204896,6.7083335,5
204896,-2.3516665,5
204940,6.637,11
204944,52.235,35
204960,11.045333,16
204980,25.258333,5
204984,18.036333,29
205008,8.955666,17
205028,28.696999,11
205028,3.3506675,12
205040,13.094666,24
205048,27.511665,5
205052,2.3470001,11
205088,31.133335,10
205096,11.067,11
205124,24.213667,21
205140,34.054333,13
205160,27.986332,9
205180,-3.0866666,10
205204,28.457996,44
205208,46.872665,28
205228,0.21833324,5
205232,0.41900015,7
205256,26.488998,7
205284,37.650337,31
205300,37.96,30
205320,3.3616667,5
205324,10.599001,17
205360,19.860662,32
205392,4.449333,18
205400,39.319664,29
205436,1.9470003,11
205444,12.593335,30
205456,2.7516668,5
205456,8.211335,14
205496,22.374666,34
205512,5.5113335,14
205524,13.4400015,20
205540,28.742332,7
205544,2.8816667,5
205552,3.4813333,14
205564,16.859001,27
205596,29.344334,13
205628,34.638668,16
205632,1.9463338,9
205652,5.741667,5
205676,5.447333,12
205704,1.0823333,7
205704,25.330336,41
205708,57.899673,39
205728,4.268333,5
205732,3.8723333,7
205760,27.462334,7
205776,22.887003,31
205800,4.8313336,24
205812,9.287667,13
205856,30.196999,11
205868,13.954334,23
205876,5.408334,5
205884,32.549667,39
205892,7.231,23
205904,31.766333,9
205904,28.311666,5
205920,2.8823333,7
205920,28.130333,11
205924,5.721667,5
205924,2.8283334,5
205952,6.4356675,7
205976,8.8880005,14
205984,10.825001,15
205996,1.1096667,19
206016,31.353333,10
206016,-0.64166665,5
206032,6.7973332,12
206036,-0.62833333,5
206060,9.390335,11
206096,4.2383337,15
206108,5.037334,12
206112,17.423336,40
206120,10.617335,22
206124,-0.6443335,7
206140,3.4149997,5
206140,1.8490002,7
206148,28.783333,10
206156,28.229332,8
206256,40.712997,29
206268,12.540003,30
206280,21.458338,35
206292,25.161335,34
206300,10.269334,8
206324,2.6093335,8
206328,4.7056675,7
206344,3.0016668,5
206352,16.157999,24
206368,24.432,6
206380,29.765667,7
206380,11.6310005,13
206400,26.109333,8
206420,4.8816667,5
206432,8.394334,13
206432,10.521002,13
206452,1.6216667,5
206464,75.112,46
206472,31.907665,13
206472,-0.014999986,5
206492,36.411667,15
206528,29.173,9
206572,41.519005,27
206592,2.2350001,5
206612,25.315002,35
206612,7.7650013,35
206612,4.048333,5
206616,13.150666,22
206640,-2.4810002,7
206652,2.0563333,9
206652,28.656666,10
206672,0.82266665,8
206672,26.251667,5
206680,28.595665,7
206696,-0.63466656,6
206712,30.116001,8
206732,30.259666,9
206744,15.1326685,18
206760,29.542334,37
206760,2.909,7
206780,0.4716668,5
206808,-0.5843333,7
206840,52.184,32
206860,11.795001,25
206860,6.4483333,5
206900,64.55967,39
206948,7.283998,22
206976,6.1596665,19
206996,27.921335,34
207004,3.8813338,14
207004,1.6723331,7
207032,67.91867,56
207060,7.0980015,14
207100,4.86,10
207120,19.003,29
207128,37.671333,24
207144,2.5353332,6
207156,40.01333,40
207164,0.9150001,5
207196,33.615997,8
207208,7.0099993,20
207228,3.539333,8
207248,53.692337,37
207256,4.320667,12
207256,1.2356666,7
207284,28.882332,7
207300,35.90867,36
207312,0.29466677,14
207336,3.3263328,9
207340,37.771,23
207396,43.166,28
207416,9.426666,20
207420,25.845333,6
207428,19.636335,29
207436,26.165,5
207444,24.195333,26
207456,6.1996665,9
207468,31.196,8
207488,6.8650002,15
207488,5.9826665,8
207500,5.052667,8
207524,2.262,6
207568,34.173332,20
207572,41.703667,21
207632,35.53167,15
207692,45.54033,31
207696,46.977657,63
207720,26.348999,7
207748,-0.32766664,7
207756,23.027,31
207772,3.0286665,6
207796,31.886,68
207796,15.501666,25
207816,-1.5683334,5
207852,0.38633335,9
207860,19.287336,22
207880,27.418333,5
207900,10.277334,12
207908,26.559336,38
207912,1.2993333,8
207924,15.137333,32
207944,4.1926665,8
207964,26.478333,5
207980,11.263334,20
208008,6.919,7
208008,17.154999,25
208056,32.210667,12
208084,11.746335,19
208096,30.261,33
208112,0.47233343,7
208116,26.776001,48
208124,7.7756667,17
208148,37.684334,13
208168,1.9650002,5
208168,7.2609997,13
208176,32.031,13
208204,6.109,7
208208,10.77,10
208268,33.418667,16
208288,17.907995,44
208292,9.433668,21
208316,8.674001,12
208320,26.862333,7
208324,1.3696663,9
208352,28.555666,7
208376,1.0686666,6
208416,29.046665,10
208452,30.148,34
208464,1.3106663,12
208464,28.235332,36
208484,88.18298,79
208484,2.9816666,5
208500,4.736334,9
208512,29.421665,15
208524,6.833333,10
208544,-1.3383334,5
208548,36.985336,16
208584,10.763668,21
208596,32.357002,21
208600,7.5243335,13
208620,5.273,19
208620,1.9786663,6
208632,29.382668,8
208632,8.074,12
208668,1.909667,9
208688,38.262337,17
208716,0.48900002,7
208732,17.845997,28
208740,13.889336,18
208752,1.1730001,9
208764,28.382668,8
208768,28.895666,7
208792,60.543335,40
208820,10.305668,17
208836,4.223667,11
208840,18.473001,19
208856,3.235,5
208864,7.583667,11
208892,6.799667,9
208900,34.085,15
208900,9.716333,9
208928,2.062333,7
208960,6.844999,15
208996,-0.38366675,9
209004,48.312668,28
209016,1.0583335,5
209024,50.174656,64
209052,6.413,9
209064,20.701334,34
209076,25.952,6
209124,10.467335,12
209192,8.745667,17
209192,45.39733,32
209212,6.935,5
209212,27.991665,5
209216,30.685997,48
209224,53.80165,55
209232,24.904999,5
209284,12.016001,18
209288,6.5546665,14
209304,10.280001,20
209328,0.45200014,6
209332,3.5039997,12
209340,10.431001,13
209360,-0.5083333,5
209392,10.622002,16
209392,16.854668,44
209404,8.622668,18
209424,9.175335,16
209452,3.3923335,7
209480,8.986332,19
209488,33.354668,24
209520,9.652333,17
209532,35.563667,11
209532,37.100998,13
209564,33.891,43
209584,24.878334,5
209600,39.089005,17
209608,37.567337,22
209612,27.713337,20
209624,29.3,10
209628,-1.3543333,7
209628,1.4016668,5
209648,29.179667,9
209648,4.1553335,6
209668,5.9699993,10
209708,27.373333,10
209728,13.168334,25
209744,6.9396667,9
209764,24.516335,29
209792,4.002,16
209796,19.158997,37
209808,2.7170005,11
209808,11.332001,16
209836,7.432334,7
209860,5.184333,13
209872,31.399666,9
209876,39.013668,21
209888,-1.1176667,7
209904,3.7589998,7
209916,9.403667,11
209932,2.373667,11
209944,0.94233334,7
209988,16.233667,21
209996,34.882,16
210052,4.9979997,14
210052,43.82567,27
210076,17.147333,22
210088,33.159668,9
210112,50.789658,79
210128,3.6576667,13
210132,24.564999,5
210140,39.294,22
210156,4.628666,6
210160,-2.3383334,5
210188,40.605003,25
210196,28.56,10
210208,37.550003,20
210224,5.905334,16
210232,0.7296666,9
210248,4.078333,15
210260,-0.709,13
210272,9.344002,12
210272,3.7066667,10
210280,30.445,5
210300,34.254333,13
210308,29.673,9
210320,0.71500003,5
210324,4.7143326,13
210388,6.403333,20
210404,21.77033,31
210408,13.207,21
210436,26.349333,8
210456,6.370667,12
210472,30.509329,38
210488,37.161667,25
210524,0.65966666,9
210544,10.069332,18
210600,6.884666,14
210600,25.823666,41
210628,26.255667,7
210640,3.9700007,10
210648,20.977001,31
210668,26.722332,7
210672,3.4036665,11
210688,26.851665,5
210696,52.35333,60
210748,33.988335,25
210752,30.875332,16
210760,20.724,22
210768,0.20833337,5
210772,3.325,5
210792,0.6253333,6
210808,4.0996666,9
210828,6.306333,9
210828,5.512333,17
210848,24.549334,38
210856,1.599,7
210868,26.838333,5
210872,5.6903334,11
210876,6.8290005,17
210892,2.232,6
210900,4.449,7
210928,6.2096663,9
210932,2.8713331,14
210952,11.434333,13
210960,2.1593337,8
210972,25.431667,5
211004,6.737,11
211008,30.409668,9
211024,27.071667,5
211048,28.293333,10
211068,3.2536664,11
211080,22.24567,37
211092,2.727,11
211120,28.664333,13
211132,-3.329,13
211140,1.8450001,5
211152,-0.17166662,5
211160,0.65166664,5
211164,49.519,77
211240,40.17,20
211244,9.753332,20
211260,0.8516667,5
211268,49.827995,44
211272,14.446668,30
211284,32.68667,10
211304,-0.041666508,5
211308,30.953,9
211328,3.8583343,15
211356,4.1923337,7
211408,12.738669,26
211412,2.4680002,14
211416,14.845668,27
211432,2.2083335,5
211460,2.3523333,7
211476,3.294667,54
211504,29.615665,7
211508,7.667334,12
211528,16.7,30
211548,6.6803327,11
211552,6.757998,34
211644,13.928,34
211656,41.12567,27
211668,26.762999,29
211720,5.6376657,13
211724,13.202334,17
211728,44.929993,50
211748,1.7223334,7
211780,29.370998,13
211816,27.861004,43
211828,17.782001,26
211848,25.271667,5
211864,13.257336,12
211876,23.170664,32
211928,30.852333,37
211944,15.602333,17
211960,43.122673,28
211984,8.008001,14
212012,7.4256663,17
212076,12.428667,16
212080,64.358,54
212092,43.514336,33
212124,5.430666,12
212124,3.972667,8
212152,5.6456666,7
212188,27.370333,51
212220,3.899333,8
212248,1.5090001,7
212252,16.677336,32
212272,3.0916667,5
212288,24.610668,52
212300,57.82567,37
212300,30.255667,7
212308,8.115001,15
212320,4.689333,8
212340,34.04667,10
212380,14.110002,20
212380,39.801666,15
212384,4.837,11
212392,14.197001,21
212400,0.7783334,5
212412,4.102667,8
212412,4.545667,7
212432,1.1116669,5
212452,29.584333,13
212468,30.466331,9
212480,2.3756666,7
212484,43.964333,23
212500,27.158333,5
212520,-1.9316669,5
212536,48.703667,31
212548,14.343336,20
212548,2.1690001,7
212556,4.308333,5
212584,0.7396662,9
212600,6.447666,13
212656,17.435003,25
212668,15.945331,46
212672,17.554003,22
212676,14.349668,19
212728,8.194334,13
212732,13.935001,15
212744,10.133001,19
212752,1.7916667,5
212764,15.172333,27
212784,33.094666,14
212792,3.5089998,7
212792,1.9499998,10
212836,1.1070002,11
212856,46.022667,28
212860,31.259,17
212892,3.8013332,14
212904,30.803999,12
212904,17.986671,30
212912,-0.23566651,13
212928,30.846333,9
212932,-0.67833334,5
212936,3.209333,8
212936,31.262669,8
212956,4.575333,6
212976,2.9933333,10
212976,-1.13,10
212996,-0.62833333,5
213024,1.0189998,7
213044,-1.105,5
213068,16.105001,35
213072,40.256332,29
213084,55.198997,27
213088,1.7249999,5
213092,0.65166664,5
213108,6.1186666,6
213116,5.712333,7
213124,41.123337,20
213136,3.0256672,7
213168,6.250334,11
213180,1.2003331,11
213208,4.733333,10
213212,26.249332,8
213224,51.811,33
213228,4.5683336,5
213232,41.676334,29
213236,0.91866654,6
213260,2.8156662,7
213276,34.937668,13
213280,8.141001,13
213288,25.988998,7
213308,8.085666,7
213312,0.16966677,9
213328,21.354336,23
213356,-1.1859999,12
213400,11.200666,22
213416,5.011667,15
213436,28.165,5
213440,20.119333,38
213444,1.6503334,11
213464,-0.29833335,5
213488,6.4609995,13
213508,25.271667,45
213520,5.0766664,20
213540,27.889334,8
213540,6.8043327,13
213560,0.058333397,5
213560,9.161335,24
213580,0.6016667,5
213588,7.194,12
213588,12.249001,17
213600,-0.06499982,5
213616,4.379,7
213616,26.632332,7
213632,38.302666,18
213640,1.4933335,10
213644,2.1589997,7
213656,-1.6999998,10
213668,0.07866669,6
213676,6.670333,11
213684,1.8923333,7
213696,2.309,7
213696,28.765,5
213732,7.0943336,23
213752,4.784667,14
213776,2.7203336,11
213792,11.569001,27
213804,1.9589999,7
213816,10.383335,30
213836,-0.4050001,5
213844,4.8666663,10
213856,10.588669,26
213860,12.149,17
213880,2.6049998,5
213880,3.9436667,11
213884,6.075667,7
213888,8.337,11
213908,2.2616665,5
213912,3.6256669,7
213944,5.8153334,16
213952,5.6033335,10
213960,3.9976664,13
213972,2.4756668,7
213972,-0.48833323,5
214008,4.7263336,9
214044,11.062668,18
214104,37.445,15
214124,19.969666,29
214132,50.404335,43
214140,42.531673,65
214160,-3.141,7
214176,2.8130002,9
214188,15.260333,21
214188,-0.06099987,7
214204,10.646666,20
214224,9.323,9
214248,14.352668,18
214252,13.085335,16
214256,3.4810002,13
214316,35.232334,17
214356,30.32,10
214364,23.095999,28
214376,43.07267,38
214396,18.998331,35
214404,1.3356667,7
214448,31.447666,13
214464,17.168337,25
214468,3.145,5
214480,21.800335,31
214488,2.5316672,5
214492,28.229,7
214512,3.082,6
214528,16.810331,31
214560,8.716667,20
214568,3.1096666,19
214572,4.131666,15
214612,34.037,11
214632,5.2450004,15
214652,-0.7983333,5
214668,21.428997,27
214692,23.733665,41
214696,1.4856665,7
214720,17.785666,27
214728,16.283,19
214740,25.411667,5
214756,2.8456664,7
214764,7.9856663,17
214772,11.950002,20
214776,5.463,9
214792,26.848999,7
214828,4.0230002,9
214832,10.273002,19
214844,15.295667,17
214868,26.705334,6
214876,34.457,11
214892,10.335335,16
214904,4.416333,9
214932,1.5623336,7
214944,27.267668,43
214948,9.384666,14
214972,27.685667,7
214976,42.215004,25
215000,36.329002,17
215036,35.005,15
215036,2.8296664,9
215040,11.782333,17
215072,48.180336,31
215104,3.1626666,8
215128,7.6776667,23
215152,2.4253335,6
215160,43.583336,30
215192,-0.0559991,22
215204,19.524,42
215224,15.388667,16
215224,-0.35833335,5
215236,7.0236664,21
215244,-1.3983333,5
215280,9.241334,14
215292,7.034,12
215316,2.3353333,6
215316,11.076666,20
215360,51.164,42
215376,-2.4786665,24
215388,38.016,18
215424,9.076334,9
215424,9.495333,16
215448,48.08433,33
215468,1.0383334,5
215504,16.893333,20
215508,4.83,10
215508,20.627666,33
215524,3.425,5
215528,48.075333,26
215540,27.702667,8
215544,2.7496667,9
215552,5.382,6
215592,28.081001,13
215596,33.581,13
215604,32.04767,13
215612,1.6550001,5
215620,41.951332,24
215632,1.8449998,5
215644,-0.4546666,6
215664,25.791666,5
215680,6.0296655,19
215708,32.323666,11
215740,1.9826667,8
215740,21.385328,36
215748,17.546333,29
215812,46.66433,33
215848,47.378998,27
215884,18.538002,34
215884,18.055334,36
215884,17.359335,18
215892,5.4903326,11
215904,28.258333,5
215932,26.949,7
215960,6.3190007,7
215960,33.90567,17
215964,19.26,20
216020,14.325001,15
216052,10.984335,23
216060,16.614668,24
216064,1.920333,11
216072,34.429,47
216080,4.0423336,7
216100,28.423,9
216100,3.3256662,7
216164,15.722,16
216168,14.1623335,27
216180,9.193334,20
216188,5.355,5
216188,40.152332,27
216200,4.499667,9
216208,2.802333,7
216216,26.695667,7
216224,2.943,9
216228,29.715668,7
216252,7.436333,9
216252,29.660334,11
216260,29.425999,8
216280,-1.5283334,5
216296,4.763666,11
216328,9.489333,8
216356,14.805332,26
216388,26.500336,41
216388,5.8283334,15
216420,29.851665,35
216436,32.46733,12
216440,2.0349998,5
216460,3.9620004,6
216464,22.442331,27
216540,30.915995,38
216544,5.5099998,20
216556,43.711334,24
216568,25.911999,6
216596,1.0423332,7
216596,31.314667,14
216616,9.031668,15
216624,21.60867,46
216672,5.263,19
216680,15.443668,21
216692,8.935669,17
216752,7.9266667,20
216772,7.2700005,20
216820,34.656998,51
216852,43.141666,25
216856,23.011333,44
216864,2.3536673,11
216884,4.455,5
216912,1.4890001,7
216924,4.8993335,18
216928,39.07267,18
216948,26.638332,5
216956,18.671999,46
216960,5.604001,12
216968,1.4850001,5
216988,4.3123336,7
216988,39.295334,16
217004,2.4096668,9
217036,6.7606664,12
217040,-0.6103333,9
217056,28.485,5
217076,-2.4236667,9
217096,7.440001,10
217116,21.104,32
217124,-0.89433336,7
217132,18.94467,44
217156,-3.014,8
217196,3.9233332,10
217196,7.895334,16
217232,5.3063335,9
217236,21.89333,40
217248,39.08767,13
217260,0.732,6
217280,1.0706669,12
217288,28.795666,7
217316,28.022333,7
217320,33.307,51
217336,27.998333,5
217364,32.85367,21
217384,32.330666,12
217396,10.356333,19
217448,7.6270003,21
217448,32.311,13
217508,6.861666,15
217516,8.502334,17
217520,54.50933,68
217528,26.958332,5
217548,25.845,5
217556,4.8500004,10
217560,35.22466,44
217588,29.33,10
217608,29.704,12
217624,28.139668,9
217640,39.163338,30
217688,3.4873338,12
217724,25.220669,42
217724,46.83967,29
217752,27.335667,7
217756,44.91767,33
217784,2.2289999,7
217788,2.8596668,9
217792,20.45867,26
217808,4.7216663,5
217828,2.5516665,5
217860,19.248001,34
217892,15.721669,25
217904,3.3763337,19
217904,1.8969997,11
217912,26.465,5
217928,41.818665,36
217944,5.599333,8
217948,31.380333,11
217976,5.2456665,7
218008,33.308666,26
218012,10.542331,17
218020,4.0603333,11
218028,-3.4216666,5
218032,5.3349996,5
218040,-1.3483334,5
218064,2.6260002,8
218064,17.397999,34
218068,6.9590006,7
218096,5.5159993,8
218112,6.560666,12
218116,17.044,22
218136,25.538334,5
218136,1.1166668,10
218152,17.610334,21
218156,2.307,11
218164,26.769001,7
218192,33.35633,9
218196,5.5236664,11
218204,5.589,17
218224,25.311666,5
218232,6.509666,9
218232,13.992335,17
218248,1.8953332,6
218260,-1.3809999,7
218308,4.050666,12
218308,2.2983334,15
218332,2.0586667,6
218336,-2.151,7
218364,-0.22433332,7
218368,26.178003,44
218388,25.078667,6
218432,5.403666,11
218452,9.426667,30
218504,47.851334,34
218544,84.01934,78
218544,44.011,23
218564,-1.1183333,5
218568,4.798667,6
218584,-0.41500008,5
218588,3.2549999,5
218604,15.598333,25
218608,1.9816668,5
218636,6.032333,7
218640,-0.04699993,9
218640,34.051334,14
218668,0.63899994,7
218676,29.456667,10
218676,31.443,9
218708,42.896343,69
218712,3.7296667,9
218772,15.871332,24
218780,17.669336,28
218812,17.062002,26
218816,22.435335,26
218816,1.043,9
218832,0.69166684,5
218844,-2.4543333,7
218844,28.485666,7
218864,28.171665,5
218900,36.84133,14
218904,15.012667,18
218924,8.485001,15
218924,6.1953335,6
218948,1.2653334,6
218964,7.473334,10
218976,20.587,51
218980,26.342667,8
218984,3.9999995,20
218984,27.338333,5
219020,4.416667,10
219036,11.615,15
219072,8.967667,13
219080,4.417,11
219096,36.54933,28
219112,7.636,8
219120,2.048667,6
219124,11.367667,13
219128,12.185337,36
219148,2.7523332,7
219160,2.4173336,12
219164,-1.1003335,9
219176,27.915667,7
219216,4.8866663,10
219224,11.641668,15
219264,9.407333,12
219276,6.4110007,13
219304,10.116667,10
219328,26.660337,51
219344,49.148666,46
219364,4.461667,5
219368,5.5453324,16
219372,29.257,11
219392,26.795666,7
219408,4.453,9
219444,34.866333,19
219464,37.112328,47
219480,4.246333,9
219492,12.178334,25
219500,6.1963334,9
219516,29.196333,9
219536,7.267,11
219540,24.445333,6
219556,0.73833334,5
219568,23.136667,40
219572,0.41600013,8
219584,26.962334,7
219600,27.645666,7
219604,3.6916666,5
219624,26.545334,6
219628,42.430664,32
219664,3.0663333,9
219672,2.0040002,12
219676,12.775666,27
219708,8.366999,11
219720,4.873667,11
219728,0.031666636,5
219740,1.1150001,5
219756,28.462334,7
219776,20.472,26
219800,1.8620001,6
219804,31.883999,12
219828,30.582333,7
219840,33.03633,59
219852,6.8173337,12
219864,12.360333,31
219868,28.329,7
219872,30.083666,11
219888,2.479667,9
219900,2.8863332,9
219908,2.8816667,5
219928,-0.68499994,5
219928,9.01167,15
219944,32.182667,18
219948,8.767334,12
219960,-0.23400009,8
219964,27.086334,9
219988,29.75,10
220008,1.5583332,5
220012,8.282334,17
220060,10.787667,13
220064,7.4416676,25
220064,9.807668,13
220080,0.29500008,5
220108,4.6036673,11
220116,2.4743333,13
220120,8.326666,10
220120,49.45333,40
220140,1.0316666,5
220140,27.911667,5
220152,8.149667,9
220168,30.042334,7
220168,34.568333,15
220212,11.978334,15
220248,37.989998,20
220284,8.659667,9
220376,13.924335,23
220384,20.183664,61
220396,43.145336,46
220396,63.398994,57
220412,5.4789996,7
220424,2.8923333,7
220444,4.7950006,5
220464,2.8116665,5
220488,3.492,6
220516,55.01834,35
220556,11.099001,17
220560,44.875664,37
220576,26.731667,5
220592,4.612667,8
220604,41.744003,52
220616,23.948334,25
220620,30.062332,7
220620,4.9203334,11
220624,4.6683335,5
220640,26.758333,5
220660,4.513666,11
220664,-0.5146667,6
220668,31.890333,11
220720,3.547667,13
220736,12.152668,18
220736,17.526335,29
220756,4.6483335,5
220756,25.331665,5
220756,3.8430002,9
220800,20.438334,35
220808,2.6476667,13
220852,41.994667,24
220868,39.589333,28
220884,28.276001,8
220896,14.787335,22
220920,2.9463334,9
220920,30.581,13
220924,28.815666,7
220944,4.121667,5
220960,11.130001,10
220992,7.540667,12
221004,25.38033,51
221028,28.686333,9
221056,30.295666,7
221068,37.192337,27
221072,11.925668,17
221092,7.036333,9
221096,50.66133,44
221112,32.263668,11
221124,5.2876663,13
221124,3.072333,7
221144,-1.2716668,5
221168,40.326332,19
221172,3.4406664,12
221184,12.992666,18
221204,26.111668,5
221212,10.063667,11
221224,31.374332,13
221264,9.926666,30
221276,36.53933,18
221292,5.8090005,7
221308,6.906,8
221312,13.27733,22
221336,-0.561,7
221352,32.448334,15
221364,38.536,38
221380,10.005669,17
221384,2.5483332,5
221408,35.076,18
221408,5.4389997,7
221412,28.249,7
221432,1.705,5
221436,19.960335,21
221452,6.2770004,11
221456,2.1086667,6
221464,7.304667,14
221472,5.315,5
221496,0.9486667,6
221508,3.1009998,13
221528,27.118334,5
221552,12.719667,29
221600,16.818668,26
221616,25.67933,38
221640,28.576,28
221668,12.414333,13
221704,9.812002,26
221712,38.086,18
221744,4.946667,10
221756,21.257332,22
221792,13.700002,20
221856,11.458335,25
221880,45.354664,34
221884,8.684334,23
221884,-1.7310001,7
221904,25.871666,5
221912,3.9290001,7
221912,57.17,90
221924,26.011665,5
221944,10.612001,16
221952,-0.3776667,7
221972,28.351665,5
221972,9.861668,15
221972,2.7156665,7
221984,10.726001,18
222008,0.45633334,9
222032,6.9806666,12
222048,5.2933326,10
222052,4.5216665,5
222084,-0.62066686,8
222104,-0.64833343,5
222124,0.605,5
222132,13.06,40
222140,17.160664,42
222168,3.8389997,7
222192,16.365335,36
222196,2.6623337,7
222208,10.649668,19
222236,6.586666,10
222248,3.4533334,10
222268,-0.40166676,5
222272,23.705667,37
222296,0.66166663,15
222312,6.863666,11
222356,33.010334,11
222376,27.438332,5
222388,14.097667,23
222404,2.4390001,7
222408,1.8950001,5
222432,3.5923333,7
222452,4.877,11
222460,56.432335,47
222508,2.8980005,14
222528,-0.08499992,5
222544,13.167002,21
222548,2.1483335,5
222572,2.9589999,7
222580,72.48232,97
222596,-0.23800004,6
222600,0.13833332,5
222628,2.5159996,8
222628,3.0356667,7
222632,55.33667,50
222656,1.5756669,7
222684,2.3623335,7
222684,7.9246664,14
222684,7.3243337,13
222688,30.225004,35
222704,27.691666,5
222724,5.979666,9
222728,6.8036675,11
222740,0.6863333,9
222756,30.376,8
222760,27.091667,5
222780,16.328001,24
222780,4.4950004,5
222796,7.0890007,17
222808,3.1290002,7
222868,40.500668,22
222884,13.420669,22
222908,16.278334,25
222916,33.857334,12
222944,4.4649997,15
222964,35.134666,14
222984,4.646666,10
222984,2.378333,5
223008,66.991,63
223012,6.4723334,7
223028,7.377,11
223044,28.067331,32
223048,1.9116666,5
223072,36.638336,15
223072,27.655666,7
223092,25.911667,5
223092,-0.22499996,5
223120,2.6723328,7
223124,15.163004,19
223124,17.48633,29
223140,-0.2650001,5
223160,11.399002,17
223164,7.3966665,10
223176,5.394333,13
223188,30.270666,12
223196,6.6896667,9
223216,12.087667,13
223224,1.0330001,9
223228,4.366,8
223240,7.275333,16
223252,29.955666,7
223260,34.983665,11
223280,4.6243343,13
223288,3.093,9
223288,7.227334,12
223324,3.6970003,11
223336,5.057333,12
223348,19.257334,22
223352,32.042,16
223388,26.226334,9
223408,35.358334,15
223452,2.6970012,11
223468,21.854332,33
223472,0.3916667,5
223500,5.0893335,8
223504,1.5959998,8
223528,0.15233314,7
223576,57.819,47
223604,85.86668,70
223616,5.283334,10
223616,20.056,28
223636,24.851665,5
223660,8.201,33
223664,1.8223333,7
223668,7.625333,16
223676,4.9383335,15
223684,5.748333,5
223704,30.786333,9
223712,-1.0376668,7
223728,4.292,6
223732,7.3079996,14
223756,13.571335,24
223760,28.148998,7
223792,29.666332,9
223820,2.1456666,7
223828,17.246334,29
223848,10.127334,22
223852,50.153664,31
223868,29.107334,12
223872,0.9386668,6
223896,8.230335,11
223900,28.615665,7
223908,4.216666,10
223920,9.111002,23
223924,5.8056664,7
223928,-1.9883335,5
223944,4.7603335,11
223956,25.115665,7
223968,31.286999,11
223980,34.231667,15
223996,6.3966665,10
224024,2.797,11
224036,10.009001,17
224040,44.048,24
224044,2.3516667,5
224064,27.185,5
224080,4.063333,10
224088,2.4943335,13
224092,2.3423333,7
224124,29.126331,9
224144,1.5910001,13
224176,59.745003,45
224180,6.844667,14
224180,2.9829998,9
224204,1.7820003,6
224208,13.320665,32
224244,29.886333,9
224264,5.0916667,15
224276,13.048334,25
224324,45.77533,36
224344,0.33833313,5
224364,39.158333,25
224376,15.904336,33
224396,18.630001,30
224412,38.91567,17
224432,1.1183333,5
224460,10.043667,21
224472,0.9433329,10
224476,17.916668,20
224476,47.932663,28
224500,7.1720004,6
224500,26.715668,7
224504,29.289,7
224536,11.636333,19
224604,47.25867,26
224612,43.735664,27
224624,27.078333,5
224648,29.259666,9
224664,60.756996,41
224680,48.695335,36
224704,0.6033331,10
224716,34.401,23
224736,1.6783335,5
224764,3.7556667,7
224780,12.351668,25
224800,2.8883333,5
224816,52.484,42
224828,29.015667,7
224836,15.247665,33
224848,19.143665,21
224860,5.892,6
224884,10.498001,14
224896,1.5773332,12
224896,14.933334,20
224916,2.9416666,5
224920,14.708335,15
224936,28.894333,13
224936,29.5,10
224948,4.4223332,7
224956,4.6566663,10
224956,-2.5816667,5
224964,27.729,7
224996,28.06,10
225016,-0.12833333,5
225016,35.819,17
225028,7.5886664,16
225056,27.615665,7
225056,17.498337,25
225088,33.599335,18
225088,7.512666,8
225104,3.9339998,12
225116,-0.06099987,7
225124,11.035667,27
225148,4.8816657,15
225168,4.6850004,5
225192,42.82067,22
225212,30.163666,11
225220,18.678001,24
225284,41.234337,23
225308,61.256004,48
225336,3.2456665,7
225336,13.309666,29
225356,8.339334,18
225400,30.770332,11
225416,25.867,51
225516,44.58833,45
225516,17.905,25
225528,46.154003,32
225548,26.011665,5
225568,12.551001,13
225588,25.818333,5
225596,14.539999,20
225616,38.789,17
225624,4.6990004,7
225652,19.758667,16
225700,90.130325,91
225708,6.7046666,14
225712,33.64733,22
225728,7.142666,28
225752,4.5399995,10
225764,5.9213333,14
225776,27.218666,6
225816,9.097335,22
225828,3.488666,16
225848,-0.16166663,5
225852,7.069666,9
225932,42.992996,39
225952,61.614334,63
225976,15.080334,31
225992,4.6183333,15
226012,2.2716665,5
226016,0.90333325,10
226032,3.3616667,5
226036,25.658333,5
226052,-0.3316666,5
226072,26.445,5
226104,61.519333,38
226104,10.682333,17
226112,3.203333,10
226148,31.693,9
226148,31.160334,11
226156,24.469,77
226176,2.519,7
226184,1.4456666,7
226212,1.4430001,9
226212,31.209,7
226240,28.094671,34
226256,27.993668,11
226256,17.585667,27
226260,2.0083332,5
226276,3.4816663,5
226288,2.1189997,7
226296,-0.054999948,5
226324,4.468999,17
226352,26.125,35
226376,5.4043326,13
226404,14.925668,27
226432,7.0133324,20
226440,28.202667,38
226468,12.141,23
226472,4.7966666,10
226488,36.33033,21
226496,32.094666,14
226512,1.1086668,6
226524,4.9609995,13
226568,3.2803333,11
226608,7.5333333,10
226628,15.006335,29
226632,58.22367,41
226636,-0.7243333,7
226656,1.0223333,7
226688,28.87933,48
226688,5.2313337,14
226720,10.290334,21
226732,0.43700004,11
226744,38.81067,22
226756,34.449,17
226768,0.92633307,9
226772,-0.08566654,13
226776,-1.225,5
226800,28.442333,7
226804,1.589,7
226836,39.86767,23
226836,29.402666,8
226844,4.5036674,11
226856,-0.021666646,5
226868,2.526,8
226884,42.496334,29
226888,3.615,5
226892,4.1596665,9
226920,6.576333,9
226920,4.6926665,8
226944,11.644999,25
226948,0.2856667,7
226972,1.8623338,7
226976,30.511333,14
226992,9.483667,11
227080,14.199001,27
227100,25.978333,5
227104,10.1693325,28
227108,31.928,54
227140,6.196667,10
227160,32.734333,13
227180,33.293667,51
227204,4.797,11
227232,6.7456665,7
227260,28.735666,7
227268,9.847334,22
227288,5.145666,7
227296,25.049,7
227308,54.174004,42
227324,29.086332,9
227348,31.534332,13
227420,34.609657,79
227424,16.308332,25
227448,2.9953334,6
227460,29.646667,10
227516,32.120674,52
227528,22.384998,45
227532,16.453667,21
227548,26.165,5
227568,5.0683336,5
227572,18.956,28
227600,0.6023333,7
227600,4.872667,8
227612,5.3066664,20
227628,27.442333,7
227640,29.793333,10
227668,3.3090005,7
227684,10.894668,14
227704,2.1796668,9
227712,47.893,49
227800,38.97067,22
227836,14.351002,33
227872,52.385666,47
227892,33.148003,14
227896,15.441336,24
227916,26.945,5
227936,72.01699,81
227968,5.081,13
227976,17.992,26
227996,1.1556666,7
227996,39.455338,26
228004,3.5056665,17
228004,28.668999,7
228016,1.6683336,5
228024,2.1283336,5
228056,1.2360001,8
228100,12.760332,21
228104,33.770668,12
228104,19.188335,25
228128,6.1619997,6
228136,10.058332,35
228196,35.679,17
228216,16.872665,28
228232,29.340998,33
228252,3.323,9
228268,1.7430001,9
228288,30.839666,9
228308,6.2633333,10
228312,12.686334,29
228348,10.975001,15
228392,33.20667,20
228392,20.177,21
228416,46.449997,70
228420,2.2689998,7
228424,6.946334,19
228436,1.0016668,5
228444,25.511665,5
228456,25.851665,5
228524,8.669001,17
228564,26.894333,43
228564,2.6666665,10
228572,26.789333,38
228592,28.189,7
228616,8.064333,13
228620,3.775667,7
228656,3.4363332,9
228672,5.1679997,14
228676,-0.21166658,5
228720,31.057,11
228724,11.289333,38
228744,2.3086667,6
228748,11.396335,19
228812,82.17733,92
228816,8.781,23
228832,3.641667,5
228848,2.8993335,8
228852,19.495667,27
228912,33.386997,41
228916,5.6119995,16
228964,46.156334,29
228984,3.6816669,5
229012,5.1346674,24
229024,43.316,48
229068,7.7613335,14
229068,33.563667,21
229084,21.290998,43
229084,5.841666,15
229088,-0.16166675,5
229104,3.2516668,5
229104,-0.18166685,5
229136,2.8260002,8
229164,11.078001,24
229168,36.42667,20
229180,13.289669,19
229192,27.975666,7
229216,32.626663,20
229228,6.593001,9
229236,13.962334,17
229264,4.7663336,9
229284,15.082002,26
229284,3.065,5
229296,3.5383334,15
229312,1.1456668,7
229320,6.271998,26
229344,1.0793335,8
229360,5.6433325,10
229372,28.635666,7
229408,4.9606667,12
229408,23.460331,31
229436,26.222332,7
229456,6.227,21
229460,6.6109996,13
229464,27.035667,7
229476,-1.0749999,5
229488,-0.008000016,6
229508,25.478333,5
229508,30.941004,53
229520,33.504997,15
229528,-0.5949998,5
229528,3.115,5
229548,1.5916667,5
229560,14.490336,21
229564,0.697,11
229568,31.37,10
229584,0.9386666,6
229584,26.291666,5
229596,28.260666,12
229604,5.7630005,9
229604,0.28833342,5
229616,-0.6550001,5
229624,8.460001,10
229632,1.089,7
229652,4.6289997,7
229652,7.159667,9
229684,4.0176663,13
229704,0.7950001,5
229724,9.062668,18
229728,17.086998,31
229744,0.09833336,5
229748,5.867,11
229780,7.921001,13
229820,7.75,10
229820,13.262667,18
229840,13.704666,24
229852,31.996668,50
229856,7.929667,9
229860,27.831667,5
229860,2.606667,10
229892,1.9526666,8
229912,13.4713335,14
229920,10.059,17
229948,7.915666,7
229952,15.247667,23
229988,1.3896666,9
230028,50.971336,34
230052,1.4753332,6
230068,12.496668,30
230080,26.742332,7
230088,1.3216665,5
230108,0.525,5
230128,23.555002,35
230148,11.922335,17
230160,57.724,62
230172,6.0453334,16
230176,5.6723332,7
230196,39.425667,17
230260,8.590334,21
230272,20.479668,19
230292,0.09833336,5
230304,0.100332975,11
230316,56.10533,36
230332,28.402332,7
230360,8.879001,7
230372,7.2033315,20
230388,9.062668,18
230408,3.148333,5
230444,48.97367,71
230464,21.097668,23
230472,27.622334,7
230484,-1.5616667,5
230488,11.134001,32
230492,3.695,5
230504,36.681335,24
230524,25.411667,5
230552,3.1116667,15
230572,14.480336,21
230604,36.920002,20
230624,13.965002,35
230648,9.393,19
230648,1.7470002,11
230660,2.003,9
230672,3.6219997,6
230700,-1.2643331,7
230708,6.6416674,15
230708,28.232996,39
230720,1.1116668,5
230736,-0.85766673,7
230744,4.805333,6
230748,17.947334,22
230776,5.7393336,8
230788,41.58,20
230792,34.983665,11
230792,33.281334,14
230820,32.570335,11
230828,28.469666,9
230840,5.5076666,13
230852,7.645001,15
230860,3.4166667,10
230860,1.6783333,5
230872,25.431667,5
230888,4.9389997,7
230892,39.172,16
230916,6.671332,14
230936,5.1573334,12
230936,29.064999,5
230964,30.129,7
230968,12.933001,19
230988,25.099667,29
230992,12.521335,14
231008,-0.77499986,5
231044,5.6896677,19
231060,2.7376661,13
231072,36.516666,20
231104,29.583666,11
231116,51.632668,38
231120,15.456335,19
231124,32.857666,13
231140,27.971666,5
231144,1.0116665,5
231184,31.529999,20
231200,7.9480014,14
231212,4.012333,7
231232,2.4060001,8
231232,13.696334,29
231252,26.238333,5
231260,19.916668,30
231260,29.215668,7
231296,31.313,9
231316,1.4216666,5
231348,18.381334,24
231408,41.236324,49
231428,44.279335,28
231432,47.327667,43
231476,31.053665,11
231484,32.758,14
231496,31.507334,22
231516,0.0016666651,5
231556,34.510677,52
231572,9.537999,14
231576,16.805004,25
231600,20.713001,29
231604,1.7989998,7
231620,7.7040005,12
231648,9.457666,23
231676,28.668999,7
231680,5.923333,20
231700,-1.1883333,5
231720,2.245,5
231720,19.153,29
231768,14.287334,12
231780,34.905,15
231780,60.536667,40
231808,29.735666,7
231840,3.7983327,15
231868,30.556007,48
231876,20.119,27
231920,31.934334,13
231924,11.607,21
231944,-1.3416667,5
231964,2.6983333,5
231972,8.054334,13
231988,17.401667,45
231992,44.479668,29
231992,27.271667,5
232012,-0.35166645,5
232016,10.147669,13
232032,-0.22166657,5
232036,2.2516665,5
232040,6.614,12
232064,39.979668,19
232084,-0.8016665,5
232100,7.5720015,16
232104,26.851665,5
232120,1.0483333,5
232152,5.349333,8
232236,18.78433,33
232268,33.339653,59
232292,-3.4846668,6
232304,38.479004,17
232336,7.6403346,11
232352,72.666664,50
232368,10.988668,16
232396,2.369,7
232404,12.521,13
232408,82.250656,92
232416,13.160001,20
232448,3.7326663,8
232448,15.627666,13
232484,10.289665,19
232496,28.390667,12
232504,4.061667,5
232516,25.805,5
232552,29.233,9
232588,13.041666,35
232616,34.720993,53
232636,25.845,5
232648,46.362,36
232676,22.774,22
232684,3.4406667,12
232688,18.418003,34
232696,0.054999948,5
232696,30.204,12
232708,-1.2416667,5
232724,3.1056666,7
232736,1.4110005,13
232756,29.902668,8
232764,9.738,14
232772,30.112999,9
232772,16.836336,19
232808,29.513,9
232832,8.379665,19
232860,40.07467,24
232860,41.890667,22
232880,10.564002,12
232920,20.229334,28
232928,10.022334,17
232972,9.601001,13
232980,12.037666,13
233004,18.991999,36
233004,14.917,31
233012,2.3600004,10
233024,25.858334,5
233028,4.5286665,6
233052,6.862666,18
233076,11.111001,13
233104,36.45967,19
233108,1.669333,8
233140,4.0763335,9
233164,12.856001,28
233184,50.277664,43
233196,-0.74066675,8
233212,6.4126673,18
233228,31.310333,11
233236,1.176667,10
233248,26.175,35
233256,30.328999,7
233268,2.4793339,8
233276,3.721667,5
233320,2.3069997,11
233320,7.162665,18
233328,41.71633,29
233356,16.040667,22
233356,3.6829996,9
233380,6.2016673,15
233400,41.719334,18
233400,28.677,11
233404,1.472,6
233428,-0.8540001,18
233444,-2.9629998,11
233456,11.268,14
233480,5.4963336,9
233496,8.719,17
233500,19.428,24
233528,2.6006665,12
233536,3.2063334,9
233540,29.797,11
233568,47.246,28
233568,6.29,10
233588,7.1376677,13
233588,0.6516669,5
233588,2.291667,5
233612,17.609333,18
233632,30.510334,11
233640,28.575666,7
233680,9.214,12
233688,5.304,12
233692,44.875328,26
233748,45.706665,40
233768,4.523333,20
233792,4.5269995,11
233816,40.703667,31
233844,2.7223334,7
233848,41.816666,20
233876,10.027002,21
233884,11.450331,51
233896,10.731001,13
233916,8.940001,10
233924,28.153332,10
233936,24.851665,5
233972,43.136997,31
233992,0.16166675,5
234016,5.6466665,20
234032,24.042334,27
234044,12.3410015,13
234052,22.626331,39
234056,9.746668,10
234060,28.909,7
234092,4.620666,12
234100,10.910667,12
234120,2.438333,5
234124,1.5426666,8
234148,10.553999,22
234168,-2.065,5
234180,6.251667,15
234180,14.491335,14
234184,14.884,32
234188,27.038334,5
234204,3.475,5
234208,0.08233321,7
234224,-1.3416667,5
234252,3.837,11
234268,10.793669,11
234272,13.140999,23
234272,1.325,5
234292,5.2016664,5
234296,4.642333,7
234300,39.53267,28
234312,24.931667,5
234320,28.210667,12
234324,1.1323333,7
234332,25.351665,5
234340,26.871666,5
234348,1.802,6
234356,3.054666,14
234360,24.744999,5
234408,14.439668,19
234416,7.002333,17
234440,11.510001,20
234468,-1.0009999,7
234472,32.654667,14
234520,9.984334,13
234540,17.119,17
234548,27.859001,7
234556,13.892331,37
234560,2.5783334,5
234576,-0.055000067,5
234580,42.035336,56
234592,28.837,11
234600,-1.6016667,5
234616,3.9346662,14
234648,39.808,14
234664,3.5120006,16
234672,39.558002,24
234680,36.812,16
234720,8.743334,10
234720,3.2826672,18
234740,37.063,19
234748,29.328999,7
234760,27.165,5
234772,7.5709996,13
234816,9.722335,17
234832,5.4416666,15
234840,2.7553334,6
234868,1.3923333,7
234896,2.4690003,7
234928,33.204,42
234932,32.188328,65
234948,1.1716666,5
234952,18.020004,30
234960,3.0886664,16
234972,1.0019999,6
235008,39.293,19
235056,38.200333,21
235124,14.902336,17
235160,29.495993,38
235176,28.515331,56
235180,29.198334,5
235248,42.229332,18
235280,15.23167,25
235304,7.8746667,14
235316,96.043,89
235320,31.192997,49
235332,6.7423334,7
235344,8.455333,16
235380,9.332001,16
235472,33.994335,23
235488,10.643002,39
235492,4.3083334,5
235500,58.125,45
235532,7.2636657,11
235544,6.0103326,11
235556,25.392,6
235564,63.97834,55
235616,33.167664,13
235636,3.0816667,5
235656,16.318333,25
235696,35.926994,51
235708,10.746,18
235728,26.371666,5
235736,19.07,20
235780,40.223667,21
235784,32.750668,12
235812,28.089333,8
235828,48.583656,71
235836,37.294334,13
235848,4.1783333,5
235848,0.94966674,9
235860,6.075333,6
235876,3.329,7
235888,26.49,40
235900,-2.8023334,13
235908,28.327333,12
235924,2.7429996,9
235928,28.055666,7
235972,39.988,24
235984,-0.07199979,14
236000,11.049666,19
236012,2.1356668,7
236040,34.345665,17
236044,43.561333,34
236044,32.880333,11
236060,3.8306668,12
236060,-0.46166658,5
236084,26.545334,6
236088,-0.17099988,7
236100,4.1379995,14
236104,28.331667,5
236124,31.966333,9
236132,2.3223336,7
236148,9.387335,12
236164,4.662667,8
236176,29.855667,7
236184,50.188324,35
236192,5.195667,7
236192,8.479,17
236204,-0.09500003,5
236232,31.006666,10
236268,21.351002,23
236280,9.714002,22
236288,2.7446663,14
236308,2.6750002,5
236336,6.574666,14
236348,0.92333317,10
236356,-1.0716667,5
236392,5.5929995,9
236416,32.94434,53
236432,2.9066668,10
236444,29.324665,44
236452,1.3363332,9
236472,25.571667,5
236484,31.761,13
236504,29.176334,39
236532,4.885667,7
236532,17.297335,22
236544,36.538334,15
236576,2.1203332,11
236580,15.152335,27
236600,26.018333,5
236604,2.7590005,7
236616,17.89367,21
236628,30.442333,7
236668,15.198668,16
236668,30.067667,13
236696,6.679001,17
236704,31.049667,9
236712,8.777,11
236732,30.289001,47
236736,1.405333,6
236740,29.686333,9
236752,6.284667,14
236756,0.725,5
236780,29.530666,12
236800,11.661669,15
236808,37.481335,14
236828,2.6889997,7
236836,26.035667,7
236844,-0.476,22
236844,10.448666,16
236864,6.2163334,9
236872,3.6129997,9
236872,28.928999,7
236884,-0.9083333,5
236908,5.5453324,16
236912,31.742334,7
236924,35.47767,13
236924,8.407667,13
236928,1.3583333,5
236944,0.7583333,5
236948,0.865,5
237004,13.415003,15
237032,13.443668,21
237048,23.16367,31
237072,18.613337,40
237080,33.174,12
237100,12.281336,24
237100,0.6856668,7
237116,31.459667,9
237124,-0.8246665,6
237128,34.47333,20
237144,-0.1316669,5
237156,2.6523335,7
237156,1.6299998,10
237184,5.9566665,10
237200,7.6803336,11
237220,26.191666,5
237224,5.06,10
237264,16.282331,27
237300,6.9596667,9
237300,67.36,50
237368,10.945667,17
237396,-0.5276667,7
237444,35.62199,56
237460,16.330002,40
237476,33.79,20
237496,51.362663,68
237532,4.119666,9
237568,16.397667,23
237568,13.0703335,31
237608,12.740001,10
237616,6.407,21
237644,2.5356665,7
237672,1.1090002,7
237676,15.132334,17
237684,15.663,29
237696,34.026333,59
237716,-0.84499997,5
237724,5.746666,10
237752,10.193001,19
237756,5.6693335,8
237760,15.607334,22
237812,13.224668,14
237816,14.338332,25
237840,37.47667,20
237852,0.783,9
237864,4.607666,13
237876,46.107,31
237904,2.862,16
237956,35.760002,20
237960,40.484665,24
237976,36.736,18
238004,27.309334,38
238012,2.7313335,14
238016,11.8080015,14
238036,7.231666,15
238072,30.858,14
238088,3.3476665,13
238108,27.825,5
238132,6.2583327,15
238164,7.838,14
238168,3.7196665,9
238176,35.95433,43
238208,1.3299999,10
238216,53.967003,51
238236,25.988998,7
238256,18.637667,23
238256,26.718334,5
238276,12.228333,25
238280,32.755333,16
238284,26.569,7
238340,5.485333,16
238360,1.3663327,19
238380,12.265001,25
238384,26.918667,6
238412,29.556334,39
238424,7.776667,10
238436,8.941336,14
238448,32.055664,27
238452,10.219001,7
238456,6.5169997,11
238468,28.058334,5
238500,34.172,16
238508,6.4079995,14
238508,5.2876663,13
238520,25.091667,5
238568,34.564,12
238572,32.08867,16
238640,13.831001,33
238664,26.165333,6
238672,8.145,25
238676,33.90067,52
238700,29.173,9
238716,6.267,11
238716,6.770001,10
238744,26.268002,44
238756,0.47666645,10
238760,4.4436665,11
238784,29.786667,10
238792,2.4493332,8
238800,9.817,11
238808,3.5019999,6
238816,3.152,6
238820,24.564999,5
238852,0.8896667,9
238856,6.1473346,12
238860,24.283333,40
238876,3.5286663,6
238888,29.089,7
238892,30.906334,9
238912,7.5496664,9
238932,18.282667,28
238964,4.176,8
238992,37.993336,20
239020,12.0076685,33
239056,4.0730004,9
239064,4.542667,18
239076,39.781994,46
239076,27.145,5
239088,1.1286666,6
239104,5.8723335,7
239152,21.82233,47
239160,33.884666,14
239172,4.3416667,5
239192,22.699667,29
239200,-0.26766682,7
239240,12.863333,20
239256,62.030663,42
239264,13.345337,16
239292,0.7556665,7
239300,36.011665,15
239340,26.613333,10
239344,46.266,38
239360,23.728666,26
239380,31.026667,10
239400,28.72,10
239404,15.529333,28
239424,-2.3316667,5
239440,29.046667,10
239528,6.804001,22
239532,37.698997,47
239544,22.499996,30
239564,5.2126665,8
239568,10.592335,47
239572,6.6123333,7
239584,-1.5316666,5
239592,36.292,16
239608,2.6696665,9
239628,3.299667,9
239628,0.32033324,11
239636,7.1789994,7
239648,36.236668,20
239656,28.995667,7
239656,2.395667,7
239656,24.838333,5
239696,28.613333,10
239716,3.225,5
239756,28.18,10
239784,28.275665,7
239788,35.46167,35
239796,15.0216675,35
239892,25.759,27
239920,28.887001,31
239936,43.935665,37
239936,43.496662,70
239952,6.9950013,15
239964,5.675667,7
239980,2.9023337,7
239996,34.591667,15
240016,-0.495,5
240032,16.589,17
240036,-2.0416665,5
240076,11.493334,10
240084,0.04433322,13
240128,5.5976677,13
240136,37.653,39
240152,7.5356684,17
240164,5.7563334,9
240164,4.9356666,7
240180,5.262334,7
240184,30.891994,66
240216,1.011,13
240248,3.8019996,16
240276,8.091667,15
240308,25.670668,32
240356,3.674,12
240412,13.554667,34
240436,1.815333,6
240520,19.080338,41
240524,77.34333,90
240540,4.7453327,26
240560,44.659336,78
240568,1.4490001,7
240580,1.8583332,5
240588,2.1816669,5
240588,6.471999,16
240608,4.0523334,7
240616,29.429,7
240648,1.5600001,10
240660,2.2036662,11
240700,13.526001,28
240716,37.636326,49
240752,20.944334,23
240756,14.922337,27
240776,29.384998,5
240784,17.582335,17
240800,0.45866668,6
240824,6.746,18
240844,46.155334,36
240864,33.038666,16
240864,1.9216669,5
240896,25.646,8
240916,27.445,5
240944,29.03667,30
240968,5.997667,13
240980,44.719658,49
241012,2.9856668,17
241028,48.436996,41
241028,8.758332,15
241048,-0.43833336,5
241072,7.9050007,15
241084,2.9863334,9
241104,17.800333,31
241132,25.472332,7
241164,3.8100004,20
241208,26.981665,45
241220,-0.88199997,14
241236,3.245667,7
241240,2.4083333,5
241260,2.322,6
241296,9.368002,14
241316,18.502005,46
241352,8.286335,9
241396,5.940334,11
241404,44.225666,27
241428,63.396328,89
241436,7.803333,10
241452,67.44266,48
241456,8.494332,13
241472,31.446333,9
241520,5.8673325,12
241540,16.610668,22
241556,4.326333,9
241560,3.7616668,5
241580,20.826,38
241608,2.8806667,12
241608,20.039335,38
241616,3.309667,9
241644,-3.561,7
241664,9.475669,27
241664,35.544666,14
241668,6.5649996,15
241668,27.052,6
241688,-1.365,5
241704,29.119999,10
241756,14.977335,22
241760,8.421334,14
241776,0.82500005,5
241808,7.550667,12
241828,16.578333,35
241836,0.3656665,7
241880,30.067665,13
241892,37.695663,57
241960,8.663669,31
241964,33.318993,47
241964,7.4926667,18
241984,5.6816673,5
241992,0.65233326,7
241996,31.799667,9
242024,23.192001,36
242032,5.4396667,9
242040,35.314667,14
242052,3.6256666,7
242060,0.018999934,7
242072,-0.08833331,5
242104,-0.04466629,16
242124,6.904333,13
242132,2.1990001,7
242140,45.62233,37
242144,1.2816668,5
242160,2.138333,5
242164,25.925,5
242192,-0.13100004,7
242220,37.837334,22
242220,5.138333,15
242224,51.567,41
242244,3.4516666,5
242248,3.5123334,7
242276,30.609,7
242308,11.067334,22
242344,27.836334,9
242380,32.572998,9
242408,23.313663,41
242420,31.433332,10
242464,53.732338,47
242484,2.6116667,5
242500,44.194332,23
242524,4.9133334,10
242540,20.176666,30
242584,17.693666,21
242588,39.508667,16
242592,36.194332,13
242604,-2.7283335,5
242608,70.11132,104
242616,-0.5876665,7
242644,2.7143333,13
242652,4.750666,12
242660,30.517,11
242700,7.7940006,12
242712,35.177666,13
242728,0.853333,30
242764,34.625336,16
242804,6.1299996,10
242828,1.072,6
242844,35.819996,50
242876,31.077002,41
242900,32.401333,14
242944,67.687996,54
242968,5.2623343,17
242984,15.892333,27
242996,0.819,7
243024,6.5299997,10
243036,38.624332,23
243064,2.103334,10
243072,7.9163337,19
243084,93.201324,64
243092,1.9883332,5
243104,11.042335,17
243108,1.9920001,6
243128,2.8163333,9
243164,11.934999,25
243172,31.670334,11
243176,12.466001,18
243180,9.969334,18
243204,-2.1546667,6
243204,3.3389995,7
243224,12.888335,15
243240,1.1663331,9
243248,-0.14133334,6
243276,28.029667,9
243276,2.6260004,18
243296,14.190332,31
243296,25.404999,5
243312,3.073,9
243332,25.645,5
243372,38.163002,19
243380,34.743668,21
243380,7.040666,12
243408,8.796333,9
243416,-0.79700005,9
243420,27.75,10
243428,2.815,5
243464,30.426332,9
243492,0.15899998,7
243504,26.384666,64
243528,17.138998,27
243576,6.2206683,12
243584,10.313337,20
243616,19.076998,31
243644,10.019,17
243676,6.7610006,23
243680,5.913,9
243684,13.975668,17
243708,-0.934,8
243708,27.749,7
243720,36.015327,76
243728,3.7349994,5
243752,2.8753333,6
243768,6.048333,15
243772,26.725,5
243804,7.4763327,9
243812,12.297668,23
243824,1.2683336,5
243840,22.903,39
243864,29.14,10
243904,16.224335,23
243904,3.9066663,10
243948,0.8970003,11
243964,34.818336,15
243964,30.936,48
243980,29.835999,8
244008,28.855667,7
244012,4.480666,12
244020,50.914993,45
244072,34.178665,16
244080,12.592999,29
244100,3.9423337,7
244100,3.1383333,5
244116,20.468666,26
244120,0.5583334,5
244144,27.135666,7
244152,7.8826666,8
244172,26.365,5
244196,9.821,13
244212,5.7166667,10
244216,-0.10833335,5
244248,35.928997,57
244264,31.470667,12
244268,25.240665,42
244272,29.725,15
244300,28.399666,9
244300,2.889,7
244304,1.1963334,9
244324,13.033,19
244328,1.6356666,7
244344,-2.3016667,5
244344,3.3070006,11
244364,27.005001,5
244372,11.053667,11
244384,0.09500003,5
244388,4.9069996,11
244428,6.357,11
244436,13.854336,33
244448,1.8049998,5
244488,4.7233334,10
244500,17.396,28
244544,4.188,14
244572,3.4026663,18
244608,28.766335,9
244628,16.297003,21
244628,0.78499985,5
244656,79.80833,55
244680,41.049,77
244684,4.248,14
244704,9.382999,19
244752,10.545668,17
244788,-0.08033323,9
244800,30.54533,36
244808,26.611668,5
244820,-2.595,5
244840,2.315,5
244868,52.422333,47
244928,7.9273334,22
244928,10.163334,30
244944,38.133003,19
244952,50.13733,62
244964,32.133,9
244972,25.338333,5
244976,6.2239995,12
244984,0.94499993,5
244988,5.770334,11
245000,27.595667,7
245024,10.800666,12
245024,2.573,9
245036,9.057667,13
245064,6.9666667,10
245068,1.2556667,17
245068,1.1536666,11
245092,36.34133,14
245096,30.695665,7
245120,-0.6843333,7
245136,13.659335,18
245152,11.047,21
245172,32.294334,13
245176,2.616667,10
245180,28.202333,7
245196,2.7116663,5
245200,3.188333,5
245216,49.12,30
245228,-0.661,7
245232,1.2329999,9
245248,-1.7416666,5
245248,33.866333,19
245260,10.090334,11
245268,1.1949999,5
245288,4.327999,14
245296,2.939,7
245324,18.633001,19
245324,3.685333,16
245336,32.630665,12
245344,27.551666,5
245364,2.731667,5
245368,14.272669,18
245384,1.9116666,5
245392,10.285668,17
245412,26.965,5
245432,9.778667,16
245432,26.005,5
245444,45.385662,27
245484,1.9666665,10
245496,10.055334,16
245560,40.270664,32
245564,40.595005,45
245620,9.968,14
245620,15.105,15
245644,3.142,6
245676,20.675003,45
245680,28.463,49
245704,7.2370005,21
245716,9.782667,18
245724,5.1603327,11
245736,39.49167,15
245744,4.9216666,5
245760,3.3146672,14
245764,25.911667,5
245784,6.6873345,12
245788,17.829332,18
245800,6.6329994,9
245804,0.37833333,5
245816,0.9890001,7
245824,9.502001,16
245844,3.059,7
245856,3.3826666,8
245860,37.141335,14
245868,9.692334,17
245900,31.228,14
245932,14.862001,16
245956,15.671335,24
245956,11.955,25
245964,2.4420004,16
245976,-0.5916667,5
245992,4.515,15
246040,11.138667,16
246048,16.15767,23
246060,9.051334,24
246076,4.4063334,9
246076,6.6556664,7
246120,7.6503334,11
246132,39.729332,18
246212,25.361338,34
246216,54.438667,56
246224,40.471,23
246236,25.218666,6
246240,25.545334,6
246280,31.930332,11
246284,33.310333,11
246296,49.418,44
246296,7.282668,18
246316,4.8816667,5
246324,31.106667,10
246364,5.303333,10
246368,17.633999,22
246388,18.684334,23
246400,5.0603333,21
246412,26.438667,6
246424,2.1753335,6
246464,20.138336,25
246480,32.612663,28
246484,25.938334,5
246492,9.622335,17
246504,0.37833333,5
246520,5.433333,10
246528,17.136333,29
246528,26.498667,6
246556,5.9989996,7
246564,29.279667,9
246604,41.987,21
246612,8.576667,30
246616,9.954333,13
246624,0.80499995,5
246628,15.332669,18
246632,-1.9783334,5
246656,33.38333,10
246664,30.206665,10
246676,0.18033314,11
246680,7.9309998,13
246684,1.0723333,7
246704,8.306666,10
246712,2.066,8
246728,2.9503336,11
246736,8.568333,15
246740,3.7896667,9
246756,26.611668,5
246760,-4.6916666,5
246796,6.996334,9
246796,36.976997,21
246808,18.183334,20
246828,4.2083335,5
246844,3.1140003,12
246864,34.759003,17
246864,2.315,5
246872,3.060334,11
246912,12.507336,12
246932,17.541666,15
246944,9.61,20
246964,26.451668,5
247000,10.196333,9
247008,40.851,63
247020,14.552334,27
247028,1.558333,5
247036,48.42533,26
247060,4.941666,15
247080,-1.3130002,11
247080,5.861,13
247108,26.848999,7
247124,6.766999,11
247156,34.861336,24
247156,8.488001,34
247180,3.1686668,6
247188,5.8253326,16
247208,1.1949999,5
247212,5.7280006,14
247228,3.0016665,5
247236,24.517332,32
247240,0.4723332,7
247248,-0.8116666,5
247272,15.941002,23
247276,8.146335,9
247284,8.023,9
247300,6.6653337,16
247304,33.389336,8
247316,3.4693332,8
247336,4.141667,5
247340,3.0196664,9
247348,7.250667,12
247352,9.419668,19
247376,3.4700003,10
247384,29.406334,9
247396,25.351665,5
247400,39.118332,15
247412,0.25566673,7
247428,5.9896674,19
247444,7.7970004,11
247448,4.327667,13
247452,31.586666,10
247452,5.2753334,6
247464,25.925,5
247480,-2.3509998,7
247488,3.3953328,6
247512,13.141667,15
247540,26.779,7
247560,3.5726664,18
247592,40.695335,36
247624,38.990334,21
247624,32.008667,16
247676,10.473668,21
247760,39.444668,34
247784,25.485332,6
247796,14.693331,30
247832,31.650667,52
247872,8.274,22
247920,48.717,31
247944,47.859337,28
247952,32.906666,20
247988,4.1836667,11
247988,3.7296667,9
247988,2.1389997,17
248016,92.71465,134
248024,28.412998,9
248036,4.3173323,12
248044,4.048333,5
248088,4.7869997,11
248092,43.459667,19
248112,2.2816665,5
248132,45.10533,36
248152,27.331667,5
248180,26.00867,36
248200,-0.46500003,5
248220,23.171003,33
248232,5.2299995,20
248280,7.471667,15
248280,31.474,42
248308,8.409,27
248328,44.41133,24
248360,-2.7423334,13
248368,15.730665,22
248372,18.274336,23
248388,6.295,15
248408,3.767333,12
248408,7.883001,9
248428,4.0416665,5
248452,10.118668,16
248472,30.510334,11
248476,15.768999,27
248488,33.259666,9
248496,26.938667,6
248500,7.977665,23
248520,6.043667,11
248520,1.5816665,5
248520,25.345333,6
248528,2.1000001,10
248540,1.0383333,5
248548,28.355667,7
248556,7.0296664,9
248568,-0.48099995,7
248584,30.033,9
248592,33.173,9
248628,37.87033,11
248648,7.008,14
248672,31.657,11
248704,47.697998,34
248724,-0.5783334,5
248728,4.804667,14
248760,32.486336,9
248768,10.236668,30
248788,-2.211,7
248796,3.2290006,7
248816,-2.1443334,7
248832,1.3196669,9
248836,27.178333,5
248852,44.633667,31
248868,30.079666,9
248868,42.938347,85
248880,31.309,7
248888,35.767666,13
248944,5.443,19
248952,8.089333,18
248972,27.069,7
248984,24.516336,29
249028,13.276333,19
249032,8.074999,15
249032,27.721996,36
249036,6.7276664,13
249092,11.421667,15
249108,13.226334,19
249120,10.410334,21
249144,34.331,13
249180,36.931667,15
249184,30.276667,10
249220,3.2196672,9
249228,14.213331,50
249240,1.4016666,5
249292,13.112669,28
249304,10.852003,16
249320,27.855667,7
249332,-0.931,7
249340,58.81933,58
249340,11.786003,28
249372,2.8010006,13
249420,15.246667,20
249484,21.442669,28
249500,14.316669,20
249560,5.901665,15
249588,2.3556664,7
249592,37.374332,63
249600,34.082336,67
249604,15.346665,30
249620,0.45499992,5
249636,7.1593337,8
249648,32.474667,14
249664,1.2756667,7
249676,28.642334,7
249692,4.169,7
249700,51.629333,28
249728,6.8010006,13
249744,10.164333,13
249776,10.879668,39
249780,40.05667,20
249804,4.0023336,7
249816,9.626,18
249836,12.179001,27
249836,-1.1783332,5
249888,7.830333,21
249908,8.630668,32
249920,7.7103324,21
249928,1.9533337,10
249928,25.558334,5
249940,-1.555,5
249948,41.776,28
249968,1.7856663,7
249984,2.4946666,14
249992,37.945335,16
249996,28.414,12
250016,26.578333,5
250040,11.479335,18
250044,2.7723331,7
250084,37.947666,23
250092,1.2043335,13
250112,-1.4843335,7
250144,39.998337,25
250176,5.7653337,16
250192,7.3650007,25
250200,30.188,14
250204,57.75834,55
250244,26.706665,10
250244,9.217002,11
250256,38.232,16
250264,2.7083335,5
250328,23.542667,38
250336,9.782667,18
250416,38.843334,20
250428,29.557665,43
250456,14.490667,32
250468,30.626667,10
250488,7.0693326,18
250496,5.2390003,7
250516,1.4790003,7
250528,36.412666,18
250540,31.050333,11
250556,25.722332,7
250568,4.399,7
250588,3.9526665,18
250604,73.61332,90
250604,28.259666,9
250616,34.428333,15
250640,0.7463335,9
250644,4.285667,7
250660,9.005999,18
250672,1.6456673,17
250672,-2.264,8
250680,0.71633327,9
250708,1.0630001,9
250740,11.388999,17
250748,4.1866665,10
250772,23.037664,23
250784,10.710334,11
250816,8.588999,17
250848,44.006332,19
250868,31.824003,52
250880,23.08467,24
250892,28.730333,11
250892,7.1663327,19
250904,2.513,9
250916,2.0686665,6
250920,0.3056667,7
250940,9.481666,15
250952,9.843,9
250960,6.091334,14
250968,28.464,12
251016,8.409666,19
251068,15.275,25
251080,23.396667,30
251088,26.318333,5
251104,0.6653335,6
251116,-4.381,7
251128,32.238003,44
251176,16.473337,40
251188,7.1426673,18
251228,18.150335,31
251228,35.771667,25
251240,35.394333,13
251244,12.6223345,17
251288,36.231667,15
251304,11.495,15
251332,2.5156665,7
251340,0.05433333,13
251360,0.60833335,5
251360,39.483334,30
251360,7.732333,7
251380,0.53833336,5
251380,-1.3350002,5
251392,28.636,8
251392,11.6570015,41
251416,2.112,6
251416,4.8129997,9
251436,-1.7216666,5
251440,5.8416667,15
251460,24.405333,6
251468,7.7290006,7
251468,33.701,13
251480,1.1016667,5
251496,26.935665,7
251504,5.756333,9
251524,31.382332,7
251548,2.8770003,11
251596,5.234,12
251608,48.207996,54
251628,3.705,5
251632,23.465664,27
251640,6.7369995,11
251652,26.418667,6
251660,26.531666,5
251664,6.992667,8
251684,0.562,6
251716,1.9959999,8
251736,54.174652,64
251744,46.897667,23
251752,-0.67700005,9
251756,1.1116668,5
251764,2.5016665,5
251784,1.1983334,5
251796,6.3866663,10
251808,12.372003,36
251816,29.959333,8
251828,27.178333,5
251840,6.830666,22
251840,31.770332,11
251848,31.835999,8
251860,5.671667,5
251884,-0.12966657,11
251908,5.3283334,15
251912,14.5336685,21
251924,9.302001,16
251936,4.0356665,7
251944,28.502666,8
251972,26.422333,7
251988,5.075333,16
252016,21.414333,33
252016,8.453668,11
252052,46.10967,29
252104,33.644333,13
252108,14.874336,23
252140,14.0336685,31
252160,4.911333,14
252196,9.171333,14
252204,7.597001,11
252224,9.469667,29
252232,29.415665,7
252252,25.318333,5
252260,8.803001,9
252272,3.795,5
252300,42.772663,78
252320,-1.4783332,5
252328,30.312332,17
252348,25.865,5
252368,4.7373333,12
252388,33.849335,48
252396,4.869,7
252464,7.1263337,29
252476,17.21067,22
252500,61.999,57
252504,4.919,7
252528,3.6619997,6
252564,0.09300041,9
252588,15.936995,31
252592,2.9223335,7
252612,30.81467,54
252636,7.6940007,12
252656,0.8916664,5
252740,16.710333,21
252744,26.37033,61
252784,7.787,11
252792,11.318334,45
252792,33.204002,12
252812,27.851665,5
252824,4.5600004,10
252840,3.944,12
252844,24.825,5
252844,60.354332,63
252872,6.018999,7
252876,11.142001,16
252900,5.4683332,15
252928,27.675667,7
252952,8.2300005,20
252968,24.270334,31
253044,19.032999,29
253088,56.391006,53
253096,16.260668,32
253116,26.698334,5
253120,9.773001,19
253148,12.706333,49
253156,2.316667,10
253180,3.2753334,6
253188,21.478333,25
253192,8.370334,11
253196,11.216333,19
253216,29.698334,5
253224,2.5063334,9
253252,0.40900016,7
253280,1.389,7
253300,13.650334,21
253300,5.2656674,27
253304,-0.85133326,6
253332,26.15933,38
253336,1.6263332,9
253352,6.2110004,13
253352,29.057333,12
253360,2.0753334,6
253404,31.607666,13
253408,0.278,14
253428,5.388999,17
253436,4.279333,8
253464,6.874667,14
253476,35.297333,12
253488,26.689669,39
253528,7.072,16
253532,2.9279997,14
253536,46.78833,25
253556,4.362,6
253564,38.139668,19
253588,11.401001,13
253592,-0.98366666,9
253596,13.385668,17
253608,26.958332,5
253616,1.2583334,5
253628,1.4183335,5
253628,30.873001,9
253648,2.8216667,5
253648,27.542667,8
253664,4.5129995,9
253668,1.7150002,5
253692,26.645668,7
253700,10.451335,34
253712,28.398333,5
253712,4.667,11
253720,3.355,5
253724,7.2296667,19
253740,5.6723337,7
253764,10.400334,11
253776,6.5786667,16
253776,1.9330001,9
253800,27.112,6
253836,4.9963326,9
253836,8.775,15
253840,37.406334,29
253864,0.55200005,6
253864,28.029,7
253864,3.3956666,7
253892,27.622334,7
253900,27.726334,9
253904,31.970001,10
253932,2.1293333,8
253940,50.951332,44
253944,32.534332,13
253968,5.252,6
253984,4.1276665,13
253988,12.920335,21
253988,25.618332,5
254028,12.940668,22
254036,3.257666,13
254076,44.940666,22
254076,30.110668,12
254108,26.129333,8
254140,8.085334,26
254140,5.7086673,16
254152,32.10367,41
254160,4.051,13
254180,8.456667,10
254188,2.4856668,7
254244,16.094334,23
254244,4.131334,14
254280,31.069666,9
254280,30.726334,9
254292,19.239336,38
254300,14.716665,30
254308,8.285666,7
254332,35.574333,13
254360,5.921666,15
254428,8.907998,24
254452,29.413332,40
254460,17.614998,25
254460,24.486004,38
254472,1.9816668,5
254480,3.6749997,5
254488,8.5616665,15
254504,9.377001,11
254524,27.894333,13
254524,5.188333,5
254532,8.997,11
254552,14.429334,18
254564,30.346666,10
254580,28.862333,7
254588,37.405334,16
254600,9.5423355,17
254604,28.513332,10
254648,14.818999,17
254660,34.081665,15
254676,-1.704,18
254684,5.5963335,9
254716,4.081333,14
254728,33.291,13
254728,7.0036664,11
254752,16.310339,41
254756,7.4023333,7
254776,2.1053333,6
254812,6.289666,9
254832,0.25966656,19
254888,4.069667,19
254900,24.10533,46
254908,18.211668,45
254912,16.373331,20
254912,0.051999927,6
254928,26.178333,5
254948,5.8939996,12
254960,9.750667,12
254964,28.586334,9
254976,29.395666,7
255004,1.4390002,7
255012,15.638336,25
255040,28.949,7
255056,30.784332,13
255056,19.441002,23
255088,5.860666,12
255120,3.6353335,16
255128,13.1466675,10
255164,6.135667,27
255180,37.108334,15
255200,30.326334,9
255216,52.90133,64
255236,6.2446675,14
255240,9.606667,10
255248,1.3726666,8
255256,26.330667,32
255268,28.335667,7
255284,-3.191,7
255288,28.145,5
255320,11.857,21
255320,2.096,18
255324,2.0863335,9
255340,12.331334,14
255344,-0.14166665,5
255348,2.009,7
255356,6.4296665,9
255372,0.8723333,7
255392,11.267667,13
255412,6.3046675,14
255416,2.907,11
255436,1.3153334,6
255480,3.5106668,22
255480,26.987663,33
255504,32.122334,17
255508,2.6889997,7
255524,24.908998,27
255532,6.704334,13
255536,5.1923327,7
255560,4.2190003,7
255580,32.049667,19
255592,8.759001,17
255608,6.812667,18
255612,3.2583337,5
255620,15.345001,15
255632,3.3783336,5
255644,6.9496675,9
255652,3.7360003,8
255660,2.9323332,7
255664,3.2836666,21
255676,4.4186664,6
255680,30.506332,9
255732,10.987667,13
255760,2.9889996,7
255784,28.649998,30
255796,5.819667,9
255796,12.896669,30
255800,7.2549996,35
255816,4.1150002,5
255828,32.717,11
255856,6.038333,15
255860,9.660334,11
255892,2.326333,9
255912,42.662666,28
255924,10.6553335,16
255944,5.257666,13
255964,1.1466668,10
255984,2.1150002,5
255992,37.65,20
256012,-0.125,5
256012,56.021996,46
256024,7.496667,20
256040,-1.6409999,7
256044,0.24499989,5
256060,-0.46500003,5
256088,28.113667,11
256156,20.171997,36
256180,46.20667,30
256200,4.2083335,5
256212,14.177003,31
256228,3.2389998,7
256240,6.390333,21
256248,26.885,5
256272,1.9853334,6
256300,15.690667,22
256336,2.5729995,9
256336,12.182001,16
256348,44.58567,27
256356,2.635,5
256368,26.411667,5
256388,34.374332,13
256408,1.0116668,5
256424,8.028,14
256436,2.2123334,7
256444,100.668335,115
256444,25.778334,5
256460,16.565336,26
256480,0.92966676,9
256496,4.3929996,9
256504,6.5390005,17
256504,7.321666,15
256508,28.955666,7
256548,30.717,11
256548,34.984333,13
256560,6.4509997,13
256584,1.1796668,9
256588,4.199,7
256624,6.5666666,10
256664,51.85633,29
256668,2.6203334,11
256696,10.515667,27
256700,7.553001,9
256716,0.43400002,12
256740,36.60634,59
256760,31.693666,11
256768,36.94233,17
256776,3.0696669,9
256788,29.162334,7
256792,40.588005,24
256812,33.917,11
256824,-0.3903333,9
256844,35.651,13
256852,27.826668,10
256852,5.945667,7
256856,5.4300003,20
256884,2.3590002,7
256892,33.156666,10
256904,5.4176664,13
256904,8.811667,15
256924,27.078333,5
256924,4.128333,5
256928,3.0003335,11
256960,7.653,9
256972,11.7039995,12
256980,22.120667,22
256996,2.0330005,9
257008,6.6490006,7
257024,-0.79433346,7
257028,17.008333,25
257044,-2.6683335,5
257052,6.8936667,11
257052,13.786668,20
257068,2.4333334,10
257088,3.460333,11
257104,6.5563335,9
257108,1.4383339,5
257120,6.8123336,17
257124,26.044998,5
257160,3.7909992,13
257176,6.7809997,13
257196,28.744999,5
257208,13.554003,22
257240,28.515999,8
257260,8.425332,16
257272,64.18833,55
257276,7.846334,9
257312,4.7699995,10
257320,22.396664,40
257340,5.275,5
257348,5.2126665,18
257356,30.730333,11
257360,3.5883336,5
257368,12.799002,27
257432,6.212667,18
257460,21.754333,23
257468,17.146667,30
257480,43.723667,31
257488,24.865,5
257512,17.63,20
257524,3.942,16
257548,5.8183327,15
257556,0.09366679,11
257568,9.964001,22
257616,13.125002,15
257620,8.231337,24
257648,10.623336,20
257660,26.826668,10
257672,49.303665,31
257684,6.859,17
257684,4.323,9
257692,4.342667,8
257692,1.2783334,5
257704,3.7650003,5
257712,3.6483333,5
257720,31.766335,9
257732,6.7799997,10
257736,0.4693334,8
257780,2.782333,17
257800,3.2723334,17
257800,25.738333,5
257812,8.327666,23
257820,26.611668,5
257860,5.230667,12
257884,14.823669,21
257900,31.237001,41
257916,14.868002,24
257928,30.482334,7
257968,10.982332,27
257988,13.002668,18
257992,36.65867,16
257996,40.769333,28
258004,5.433,9
258008,0.075,5
258028,3.2983336,5
258028,-0.25366676,9
258152,18.906334,39
258156,48.616,38
258164,55.354668,34
258172,18.622004,36
258192,25.938334,5
258192,-1.1676668,7
258212,-0.23166656,5
258236,40.747,21
258256,38.74167,25
258272,8.143333,20
258272,-1.3203332,9
258300,31.722334,7
258328,10.509665,29
258332,14.339667,19
258352,32.01767,13
258380,1.1856668,7
258408,35.413002,19
258416,0.9729998,9
258424,6.378,24
258452,33.405003,45
258460,8.624333,13
258480,26.815666,7
258528,15.769001,17
258568,6.0773344,22
258576,32.093327,40
258596,38.675667,17
258604,7.649667,9
258640,3.7169995,11
258648,34.98533,56
258668,8.114333,23
258684,5.7696667,9
258684,42.183334,20
258696,2.0423334,7
258720,37.166664,20
258728,3.0603333,11
258748,-1.8383335,5
258756,8.458335,15
258768,-0.59833336,5
258772,30.174335,13
258796,28.635666,7
258804,20.84,30
258808,4.5710006,13
258828,1.6016667,5
258840,3.9756665,17
258852,4.338,14
258856,8.071001,13
258856,30.102333,7
258872,3.2593334,8
258892,3.95,10
258904,11.744,12
258912,37.011333,14
258912,31.983334,10
258944,6.68,10
258952,8.618334,15
258952,-0.120000005,10
258976,1.269333,8
258980,10.129,17
258984,-1.424,8
258996,24.798332,5
259000,5.824,12
259072,33.459335,18
259080,10.513669,21
259092,-0.71833336,5
259092,30.252337,27
259116,27.871334,34
259136,-1.5483333,5
259148,9.5113325,14
259152,39.43267,18
259156,9.352001,16
259172,2.4249997,5
259204,6.5580006,14
259208,6.629334,18
259232,29.115665,7
259232,13.793,19
259268,2.039667,9
259268,28.559666,9
259276,8.645668,17
259280,19.619001,27
259288,-0.4216665,5
259304,3.1756663,7
259304,27.116333,9
259316,-3.3343334,7
259340,36.145,15
259348,3.2169998,11
259364,10.901667,15
259436,37.131332,24
259444,8.690666,32
259448,46.525,25
259456,30.331665,5
259480,1.0763335,9
259484,8.7456665,7
259484,5.6763334,9
259496,15.924336,33
259516,4.7226667,8
259520,3.6263328,9
259532,33.301,13
259540,28.365,5
259556,11.395,15
259572,6.263334,10
259592,-0.3249998,5
259604,3.324,12
259612,4.094666,24
259620,41.86667,20
259636,10.713666,11
259656,0.8650001,5
259680,4.333,19
259684,11.152666,18
259708,2.9856663,7
259744,10.093666,31
259760,5.707667,13
259780,-1.3183334,5
259812,6.8906646,32
259824,21.977331,42
259824,9.923335,20
259868,31.657,11
259872,6.3950005,15
259896,3.1123335,7
259924,28.575666,7
259928,9.052,26
259936,35.998665,16
259948,5.5616665,5
259952,13.071003,43
259968,3.5049999,5
259992,5.8799996,10
260008,36.29933,18
260012,1.5916667,5
260040,-0.33766675,7
260040,3.896,18
260052,17.327335,32
260068,3.6023335,7
260080,13.662668,18
260088,2.3563337,9
260112,30.786999,11
260124,4.297,11
260144,15.668667,26
260152,30.415667,7
260200,5.7573333,12
260208,13.8166685,30
260212,9.349001,17
260220,25.485,5
260228,26.224998,5
260272,7.207667,13
260300,19.537336,22
260340,2.3466666,10
260364,15.318001,34
260384,30.513668,11
260400,23.484001,32
260404,28.611,73
260412,-0.6426668,12
260424,30.426666,10
260428,2.6886668,6
260444,28.838333,5
260448,31.637333,12
260448,26.125,5
260468,2.461667,5
260488,0.5949999,5
260512,13.765003,25
260532,0.4316666,5
260548,48.298332,25
260564,11.719667,19
260572,8.953333,10
260588,33.662,36
260640,30.327667,13
260660,45.716,28
260664,10.068333,25
260676,12.118669,26
260700,7.7566676,10
260736,5.003,9
260768,50.104004,32
260788,30.574333,13
260788,13.023668,31
260788,19.432669,28
260804,6.2096667,9
260868,17.890003,20
260872,33.109,17
260952,46.300335,41
260964,31.65134,44
260972,39.01167,25
260992,25.938334,5
261032,15.413334,20
261036,33.990334,11
261064,34.052994,49
261068,18.87867,26
261088,2.391667,5
261124,35.958336,15
261148,11.219336,28
261156,1.0303323,31
261160,32.689335,18
261168,0.3916667,5
261244,39.063667,21
261264,0.7583333,5
261272,39.665337,26
261292,29.102333,7
261300,1.5023332,7
261320,26.929,7
261320,3.3683333,5
261340,27.145,5
261368,67.37434,53
261372,31.327667,13
261376,67.60766,63
261388,1.1640005,12
261400,25.815666,7
261404,-0.76433325,7
261444,38.053,19
261464,9.388668,16
261480,3.9063334,9
261492,1.455667,7
261508,19.445333,26
261528,12.720668,12
261540,7.679333,8
261544,46.759666,39
261552,9.285001,15
261580,2.1063333,9
261592,8.9643345,13
261592,12.865334,16
261632,12.520002,20
261660,3.2023335,7
261672,17.234331,23
261692,4.2683334,5
261696,12.302,26
261728,33.269,17
261732,4.2996664,9
261760,3.3289998,7
261764,20.217669,43
261776,16.196999,21
261804,11.686334,19
261808,6.839333,8
261848,11.253668,21
261876,49.11967,29
261884,14.799667,19
261888,13.400337,21
261908,4.0416665,5
261916,3.2799993,10
261920,34.902668,18
261936,26.651667,5
261960,1.2099999,10
261972,13.180669,22
262016,12.988001,14
262056,6.9066663,10
262056,29.659,37
262072,13.418003,34
262076,26.251667,5
262080,14.869002,27
262104,4.089,7
262112,5.3733335,10
262132,29.662333,7
262140,9.643666,21
262164,38.561,13
262188,4.4890003,27
262224,3.5696666,9
262244,-0.17166662,5
262256,41.641,23
262268,24.950666,32
262280,0.049666762,9
262288,28.376,8
262308,-2.6683333,5
262316,0.39300013,9
262328,3.108333,5
262328,45.579666,49
262352,9.380334,21
262356,5.845667,7
262364,2.3930001,9
262372,33.204666,14
262392,7.3066673,10
262400,5.4263334,9
262416,26.913666,11
262436,16.840002,20
262476,7.647001,21
262476,31.833,19
262492,7.7313337,14
262508,4.302666,8
262528,31.206333,9
262532,6.6879997,14
262552,31.430332,11
262556,-1.7543333,7
262584,2.9723337,7
262628,14.904666,24
262636,5.444333,13
262652,17.931665,25
262704,9.416332,19
262704,12.101002,13
262728,75.889336,78
262732,-1.9076667,7
262756,28.909,7
262772,5.366667,10
262780,39.359665,19
262788,3.7826667,8
262812,4.1626663,8
262820,43.705338,46
262832,-1.2950001,5
262844,6.6326666,18
262852,5.379334,8
262872,8.430334,21
262876,29.043667,11
262880,1.4496666,9
262888,4.6730003,9
262892,5.085,5
262904,3.8086667,6
262912,3.7829998,9
262940,29.877335,12
262940,5.099667,9
262972,8.388334,15
262984,7.6436663,11
262992,24.325,5
263052,10.568334,15
263072,7.1220007,46
263076,27.618668,6
263108,29.412998,9
263124,3.860666,12
263124,23.078665,46
263136,50.135998,38
263156,1.1259997,8
263176,5.9910007,13
263184,6.752333,7
263196,31.448334,15
263200,37.874332,23
263216,5.8699994,10
263224,5.699,7
263248,4.1886663,6
263268,15.089003,17
263268,27.564999,5
263288,19.309332,18
263288,29.451666,5
263292,14.755671,27
263296,28.735666,7
263328,-0.026999712,9
263364,27.272999,9
263384,38.744667,24
263396,21.315664,27
263424,2.0456667,7
263436,24.264997,35
263460,10.883001,19
263484,20.153334,30
263512,2.979,7
263512,2.0330002,19
263536,44.935997,28
263548,9.933999,22
263572,36.125,15
263588,39.586334,19
263600,8.025667,7
263620,6.749334,18
263628,26.266666,10
263660,4.9783335,15
263688,12.409,17
263688,30.326002,38
263708,1.6783333,5
263716,28.595667,7
263720,33.898335,15
263744,4.545666,7
263752,3.3169994,11
263768,15.241667,35
263780,41.518333,15
263800,4.254667,14
263800,31.309334,8
263820,28.273335,10
263840,27.258333,5
263844,32.630333,11
263900,11.141666,15
263920,9.506333,19
263928,12.517334,32
263964,9.7403345,11
264000,8.025,25
264008,2.9303334,11
264028,33.126328,69
264044,1.7203331,11
264064,12.421333,34
264084,-2.105,5
264096,6.952333,17
264100,7.441334,14
264104,27.091667,5
264132,28.189333,8
264136,18.260668,32
264148,7.433667,11
264176,4.6099997,10
264176,6.723667,11
264176,32.97,20
264196,0.52500004,5
264212,7.598667,16
264216,26.398333,5
264236,0.8883331,5
264236,14.261668,15
264248,35.49267,18
264256,1.2436669,11
264256,4.701667,5
264276,-0.7316667,5
264280,5.503667,11
264312,2.7696667,9
264328,5.850667,12
264340,29.882334,7
264344,16.043999,22
264352,46.502007,26
264384,5.0103335,11
264404,4.404333,13
264424,44.26667,20
264440,30.866333,9
264452,26.702332,7
264468,3.0569997,21
264480,29.629335,38
264500,26.385,5
264504,6.6443334,13
264508,38.855667,17
264536,2.346,8
264544,15.080335,11
264556,1.7349999,5
264596,48.230663,32
264628,6.6259995,8
264652,2.1856668,27
264692,9.443333,10
264720,18.113668,41
264740,34.724,12
264748,3.679,7
264756,20.793999,32
264780,5.532666,8
264788,-3.3006668,8
264808,1.185,5
264816,87.71902,77
264820,32.706665,10
264856,29.119667,9
264876,24.971666,5
264880,32.638664,16
264900,6.3976665,23
264928,27.968998,7
264952,35.993,19
264960,8.270001,20
264972,17.929333,58
265008,32.003334,20
265020,33.612335,17
265020,8.151667,15
265028,10.518002,14
265036,3.5323331,7
265052,2.9993331,8
265068,5.4399996,10
265076,8.444668,14
265092,2.8246665,14
265092,-0.65466654,6
265112,4.8083334,5
265132,1.8916668,5
265136,6.941666,15
265148,16.208,24
265148,6.9846683,14
265152,27.298332,5
265164,2.582333,7
265168,-0.3716666,5
265176,-1.491,7
265192,1.0523331,7
265196,0.19566679,7
265196,-0.38833332,5
265220,3.4553332,6
265220,-0.39433336,7
265232,4.3733335,20
265248,5.6923337,7
265292,15.861332,24
265304,43.086998,21
265340,17.891003,23
265352,53.426666,30
265372,1.1949999,5
265424,27.257664,33
265424,19.776669,30
265444,11.558668,26
265444,26.111668,5
265456,2.9093332,8
265472,0.41233325,7
265488,28.407001,11
265492,3.5983331,5
265512,0.9046669,14
265524,59.61933,38
265548,1.9196665,9
265564,0.5793334,18
265576,5.351001,13
265576,26.042334,7
265596,2.7649999,5
265596,0.13499999,5
265600,32.086334,9
265612,16.673668,31
265616,28.325,5
265620,-0.87833333,5
265636,0.5549998,5
265636,2.9499998,10
265656,30.483667,11
265664,31.923668,11
265664,2.5023336,7
265684,4.875,5
265704,0.62566733,17
265708,1.2069998,11
265716,10.245002,15
265728,28.932,6
265736,4.6409993,13
265736,3.845667,7
265756,-1.121,7
265764,29.909,7
265764,5.2973332,12
265784,-0.47766662,7
265812,10.106333,19
265820,5.8229995,9
265844,26.636,8
265872,3.0923333,7
265880,10.926335,29
265896,18.844334,33
265900,27.978333,5
265904,13.623667,21
265916,-0.40166664,5
265932,-2.1376667,7
265952,31.406334,9
265956,6.030332,21
265972,33.913334,10
265984,3.429,7
265996,8.077999,24
266008,0.8886665,6
266036,7.533334,10
266052,2.9736664,11
266080,19.170668,32
266096,35.177006,31
266108,1.9556668,7
266132,0.24966669,9
266168,0.92633307,9
266176,56.34034,31
266196,11.9506645,22
266216,6.6766667,10
266224,6.8923335,7
266232,11.395334,16
266252,2.3216665,5
266268,8.691,13
266276,26.899998,60
266288,5.5416665,5
266292,39.48233,17
266304,6.401,13
266324,28.829666,9
266344,-1.3116667,5
266368,8.956332,19
266368,7.6053333,16
266412,7.180333,11
266432,15.474003,22
266432,25.898333,5
266460,54.152,46
266472,26.313334,10
266504,50.054665,34
266508,1.7229998,9
266508,32.384,12
266520,7.977334,22
266524,28.425,5
266536,3.3723333,7
266552,2.639,7
266560,28.49,10
266576,7.5856667,17
266616,3.8599997,20
266632,9.984667,14
266636,35.866333,19
266660,27.769001,7
266700,38.680336,21
266708,6.0973334,12
266708,7.339334,18
266728,3.5216668,5
266736,3.1156664,7
266776,38.612,56
266784,12.024668,14
266788,9.300668,22
266808,-0.79166675,5
266812,7.2096667,19
266816,7.6166663,10
266832,3.8283331,5
266844,30.842333,7
266844,12.841666,15
266860,30.144333,13
266880,27.838333,5
266900,26.511665,5
266912,10.589001,17
266916,14.322666,18
266916,11.163668,21
266956,30.690334,11
266960,28.301666,15
267016,12.118334,15
267040,36.716667,20
267048,4.372667,8
267072,26.303001,39
267080,30.93367,41
267084,5.4363327,9
267108,10.092335,17
267132,6.824333,13
267160,0.2856667,7
267172,7.938668,16
267180,14.924667,24
267188,28.482334,7
267200,3.129,7
267204,17.671,33
267220,-1.2349999,5
267228,-4.37,10
267232,5.857667,13
267240,27.271667,5
267276,29.977,11
267280,1.807667,13
267296,6.548,14
267320,1.742,6
267320,1.6236665,11
267340,0.485,5
267368,18.677336,22
267388,9.490667,12
267408,26.625,5
267428,26.071667,5
267440,68.77967,59
267448,25.511665,5
267480,31.060001,40
267484,11.213002,29
267500,1.5283334,5
267508,0.2019999,6
267528,26.595667,7
267548,42.282333,27
267592,32.243668,11
267592,11.662002,16
267628,46.649994,30
267640,61.086006,48
267668,37.796333,19
267680,35.384,22
267688,2.4716668,5
267692,8.911,13
267704,7.162999,19
267728,28.703,9
267764,30.991667,15
267800,8.822668,18
267820,25.911667,5
267848,17.114,42
267888,22.690334,31
267904,7.5646653,14
267908,16.047335,22
267912,0.7186668,6
267936,19.390675,62
267948,5.6466665,10
267976,6.328666,16
268012,32.55633,19
268044,18.68467,24
268056,14.956667,20
268084,9.459335,18
268088,2.619333,8
268148,54.340332,61
268156,22.612665,28
268156,14.679334,18
268184,3.193,9
268204,15.446335,29
268220,-1.0613334,16
268244,29.939999,10
268260,11.739668,19
268284,34.572,16
268300,32.191334,14
268316,2.0979996,14
268320,1.0796669,9
268320,0.83833337,5
268344,-1.0810001,7
268356,1.9629999,9
268388,7.597001,11
268404,7.6806664,12
268408,1.8649998,5
268428,58.206,68
268428,14.125668,27
268448,7.8303347,11
268448,-0.3183334,5
268456,-0.9009998,7
268468,4.4083333,5
268488,4.846667,20
268532,9.867002,11
268544,14.549669,19
268580,15.393669,31
268592,6.6440015,12
268608,25.87667,40
268624,2.417,11
268652,37.071667,15
268684,9.911669,15
268700,8.280669,12
268704,30.144331,43
268720,1.1983335,5
268724,1.0816667,5
268752,3.3356664,7
268756,5.9429994,9
268764,33.103,39
268788,23.948668,26
268800,2.909667,9
268820,8.665667,17
268828,31.822334,7
268832,7.313667,11
268852,1.3416665,5
268856,28.466333,9
268864,5.453,9
268876,4.295,5
268896,31.023666,11
268908,4.017,11
268940,9.205334,16
268968,7.678333,15
268976,27.203,9
268996,16.141668,25
268996,5.039,7
269004,0.81566685,7
269028,26.332,6
269044,2.0906668,12
269052,3.068667,6
269068,0.9820001,6
269088,36.24767,23
269136,2.677333,12
269156,2.675,5
269160,28.542334,27
269168,64.02099,103
269168,43.251667,25
269184,1.8723338,7
269204,29.639668,9
269212,3.310333,11
269224,2.8366666,10
269228,6.0389996,17
269244,-1.415,5
269260,28.069332,8
269264,10.391668,15
269268,6.5846667,14
269288,0.8153333,6
269292,30.269333,8
269308,5.5666666,10
269320,10.709668,19
269344,13.221334,14
269344,2.733,9
269368,4.472,6
269376,9.451334,14
269408,7.8919992,16
269412,53.96,30
269432,2.495,5
269440,35.572,16
269464,9.001333,14
269472,4.0226665,8
269484,30.053,29
269484,9.147666,13
269492,3.5056665,7
269520,-0.90366673,9
269528,8.419667,9
269536,5.838666,16
269556,0.8323333,7
269560,5.3496666,19
269588,30.382334,7
269672,18.634668,34
269696,33.194664,44
269708,0.52633333,9
269708,16.752668,38
269724,4.585666,7
269740,22.826,38
269764,28.746666,10
269784,1.0383332,5
269792,17.310331,21
269812,28.418999,7
269812,12.98267,18
269812,50.362,26
269836,8.357002,11
269852,2.1266665,10
269860,5.590666,12
269872,2.3749998,5
269880,35.637,11
269900,-0.10833335,5
269908,3.0596664,9
269920,34.318336,15
269948,9.530668,12
269952,5.957,11
269964,9.393665,11
269972,3.4883335,5
269996,11.990667,12
270008,2.6736665,11
270012,4.543334,10
270036,-0.41433334,7
270056,31.127,11
270076,39.482006,66
270096,33.75833,15
270100,5.980334,11
270100,4.1653337,6
270136,30.376333,9
270172,35.876335,19
270192,14.147667,23
270220,5.354,12
270244,5.867667,13
270248,23.792665,28
270296,5.311,13
270328,18.645664,27
270348,2.835,5
270368,18.773335,30
270380,5.170334,21
270416,5.1796665,9
270416,3.4606664,12
270448,19.925003,25
270464,28.750666,12
270508,2.121667,15
270512,9.527333,12
270520,14.335335,26
270600,4.79,20
270608,11.368,24
270644,5.4969993,11
270644,24.854668,34
270680,142.80362,171
270692,9.120667,12
270700,5.691334,14
270708,5.3256664,7
270724,5.3326664,8
270764,7.826667,10
270768,28.785667,17
270780,18.707666,43
270800,-0.7683333,5
270804,0.43999982,10
270820,3.8616667,5
270828,2.8983335,15
270848,48.39167,35
270872,3.012333,17
270896,8.254,12
270920,9.643999,12
270932,2.7730002,9
270968,30.016333,9
270988,0.8816668,5
270988,10.162333,17
271012,36.75933,48
271020,28.479336,48
271052,1.6093335,8
271056,10.592335,17
271072,37.885002,15
271080,27.322334,7
271084,16.484669,24
271092,0.33499992,5
271108,-2.3643334,7
271112,26.175667,7
271144,-1.1936666,9
271148,5.069667,9
271176,1.8156664,7
271192,19.684666,34
271228,18.838003,34
271244,8.834999,25
271280,34.65767,13
271284,4.8399997,10
271292,57.419662,29
271312,3.7760003,8
271320,19.170668,32
271328,5.066334,9
271332,0.19166648,5
271372,4.8233333,10
271384,30.465332,16
271400,35.222668,18
271408,33.80633,9
271412,29.508999,7
271424,25.585001,35
271428,1.5183332,5
271444,7.8870006,11
271444,24.404999,5
271464,26.738335,5
271468,8.776667,10
271496,7.4123335,7
271500,35.777332,22
271516,33.87267,18
271532,4.3026667,8
271540,6.077,11
271576,4.5196667,9
271592,10.308334,15
271620,4.249,7
271628,27.951,13
271636,22.253332,30
271648,28.389,7
271656,26.491667,5
271676,1.9949999,5
271676,38.13766,53
271712,4.7130003,9
271728,3.853333,20
271736,6.435,15
271756,0.7156668,7
271776,1.5150001,5
271780,26.502668,38
271812,5.185,25
271816,3.2999995,10
271824,35.61067,22
271824,2.6703334,11
271848,6.479667,9
271852,26.782333,7
271880,15.10467,14
271892,5.940334,11
271904,9.337667,13
271932,5.437667,13
271956,15.478667,16
271972,51.706333,39
272008,37.636333,19
272016,23.482666,28
272048,7.7300005,10
272080,13.760334,31
272080,34.531998,16
272096,10.853663,31
272108,2.1356668,7
272124,26.520332,11
272132,30.379667,9
272136,4.972333,7
272148,16.925,25
272176,35.647667,13
272176,4.2936673,11
272196,26.191666,5
272204,5.6856656,17
272228,3.839333,8
272248,0.018333197,5
272260,19.276003,28
272268,2.028667,16
272272,15.684667,24
272276,-2.8276668,7
272288,0.9250001,5
272292,-1.0050001,5
272300,4.246667,10
272364,8.378666,16
272388,38.27133,24
272420,48.934334,33
272448,1.3456666,7
272468,6.175,5
272536,16.161001,43
272552,22.457,41
272564,30.870667,72
272572,40.665337,26
272572,28.413,9
272580,4.799,7
272592,25.951666,5
272592,3.7723336,7
272600,3.069,7
272612,26.305,5
272628,2.1663332,9
272652,32.016666,10
272660,12.225001,15
272676,8.900668,12
272680,0.2850001,5
272692,5.406667,10
272704,43.610336,31
272704,0.4853332,6
272720,2.4923332,7
272744,2.15,10
272752,3.9293337,8
272760,5.558,14
272784,33.333336,10
272788,2.4829998,9
272796,0.9696665,9
272816,2.4126668,8
272860,4.015333,16
272860,8.513668,11
272876,13.897336,22
272880,2.9183335,5
272896,27.649666,9
272924,2.9573336,12
272936,0.34466624,14
272944,0.32833326,5
272964,3.7949996,5
272992,16.844667,24
273048,14.239332,28
273052,9.795,15
273076,25.328999,7
273092,35.286667,10
273112,32.619667,9
273132,49.297333,42
273132,36.867992,114
273132,2.4283333,5
273172,1.1833335,10
273188,6.0546656,14
273196,11.298668,16
273208,29.379665,9
273248,25.123,39
273252,7.753668,11
273272,14.690333,21
273284,8.373,9
273312,19.069666,29
273324,3.1476665,13
273332,2.1783328,5
273364,11.246667,20
273376,0.9003335,11
273432,3.5323331,17
273440,18.106335,29
273468,44.29767,23
273488,28.158333,5
273492,34.414333,13
273516,1.6456667,7
273528,2.2663333,9
273572,52.82833,35
273584,66.741,83
273608,3.1066673,20
273608,3.8409994,23
273616,0.8726666,8
273632,28.438334,15
273652,2.0770001,11
273652,27.556334,9
273664,3.799333,8
273684,37.299667,19
273696,11.533668,11
273716,-0.19499993,5
273740,1.412,6
273744,10.267666,23
273760,1.2716668,5
273764,1.6816666,5
273772,43.559002,27
273792,5.1326666,8
273812,2.5049999,5
273832,23.819,37
273836,9.469334,18
273856,2.8916664,5
273860,1.7106667,12
273876,2.8683333,5
273888,3.2156663,7
273888,47.136333,29
273912,2.7233331,20
273916,1.2256666,7
273944,6.304666,14
273964,0.57500005,5
273988,10.572667,18
274020,2.6513333,14
274020,0.6326667,8
274024,16.766,28
274044,31.197332,42
274048,-0.6343334,7
274064,3.4703336,11
274076,7.9610004,13
274084,25.858334,5
274120,30.556332,9
274124,7.587333,12
274136,9.700665,22
274148,-0.8210001,7
274164,28.169,7
274208,30.557,11
274236,27.529,7
274236,19.029327,48
274240,14.796337,29
274256,-0.7549999,5
274260,26.505001,5
274312,29.394333,13
274356,13.563333,30
274356,30.633667,11
274360,46.310997,53
274376,3.2916667,5
274384,29.042334,7
274416,2.5293336,8
274424,47.657333,42
274472,14.578003,24
274476,0.76833344,15
274500,5.588667,6
274504,19.503332,20
274544,21.80533,46
274548,7.5770006,11
274556,5.458,14
274564,36.724335,23
274564,0.65166664,5
274588,3.176,8
274596,4.0993333,8
274616,26.031666,5
274624,39.962997,19
274628,9.603334,10
274644,0.8056666,7
274688,7.2450004,15
274708,12.011999,16
274708,9.590334,21
274720,2.5893335,8
274740,1.4626667,8
274744,28.326332,9
274828,8.754002,22
274864,1.5363331,9
274872,14.004004,32
274896,49.401333,44
274908,6.9763336,9
274924,12.835,15
274924,5.7523327,7
274976,33.594334,13
274980,32.996002,18
274988,8.218667,16
275016,4.2230005,9
275016,28.032333,7
275028,33.114334,13
275036,-2.3816667,5
275048,105.92699,121
275080,7.231,13
275112,44.038002,24
275124,3.9036663,11
275132,28.678333,5
275144,24.351665,5
275152,13.875336,26
275172,-0.8543334,7
275180,4.024,12
275184,12.848999,37
275192,-0.1633333,10
275200,0.43499994,5
275228,2.1923332,7
275236,10.688668,16
275308,12.453335,20
275348,32.176994,41
275360,24.150333,31
275368,0.58833337,5
275372,46.555004,45
275388,3.0283334,5
275408,3.2083335,5
275420,2.937333,12
275420,33.535,15
275440,5.7883334,5
275468,8.156664,40
275472,3.9493337,8
275476,10.705666,17
275492,-1.9416667,5
275512,7.4616666,5
275512,13.941,23
275532,29.872,16
275556,4.0336666,11
275560,13.047002,21
275564,6.1443334,13
275572,5.063333,10
275576,27.011665,5
275592,2.7583334,5
275636,33.155,15
275648,3.171333,14
275656,39.380997,23
275676,-0.9776666,7
275676,1.7149999,5
275744,12.912334,17
275756,9.453333,20
275764,23.657333,32
275812,30.314,12
275832,31.976002,68
275840,29.375666,7
275856,10.679333,28
275860,2.8916664,5
275896,1.1730001,9
275924,37.649002,17
275952,-0.4976666,7
275952,53.22966,49
275972,-1.5516666,5
276012,11.788335,15
276048,22.512669,38
276052,37.413334,20
276072,25.565,5
276124,-8.635666,73
276136,8.297333,22
276144,-0.68500006,5
276164,39.154335,23
276172,7.099,7
276184,-1.685,5
276188,7.957667,13
276212,1.536667,10
276244,7.761333,14
276264,-0.7883334,5
276320,20.154665,34
276320,20.332336,27
276324,60.50267,78
276344,11.096666,20
276364,33.430332,11
276380,29.479666,9
276388,9.515667,17
276420,0.90600014,8
276428,7.2339997,12
276464,8.323667,11
276468,28.586666,10
276548,44.655327,56
276620,12.166,18
276660,31.595997,48
276660,7.4366665,10
276716,8.187999,14
276716,30.242659,88
276720,7.1483335,15
276748,5.7623334,7
276752,1.9530001,9
276768,28.605,5
276804,42.358334,85
276812,47.861332,24
276824,25.765,5
276832,2.5949998,5
276852,2.4516668,5
276884,18.290998,33
276888,43.465332,16
276896,2.6769996,11
276900,25.591003,33
276924,30.94,10
276948,1.925333,6
276972,19.217003,21
276996,12.041669,25
277012,11.505335,16
277036,-0.17133355,6
277064,-1.9330003,41
277088,32.397667,13
277108,30.823666,11
277112,22.961666,35
277128,0.2249999,5
277132,25.404999,5
277152,25.858334,5
277152,52.333,39
277156,-0.7743334,7
277172,1.645,5
277212,2.928,14
277240,2.7456672,7
277264,41.757668,23
277288,9.363331,50
277308,1.7316666,5
277320,21.773996,42
277332,37.147667,23
277344,39.2,20
277356,0.28633332,9
277376,9.222332,17
277388,29.230333,11
277408,3.0816665,5
277416,41.293663,21
277424,34.602333,17
277428,3.0149999,5
277444,4.962333,7
277444,3.141667,5
277448,28.251667,5
277464,1.8950001,5
277468,15.271,23
277488,32.663666,11
277488,1.3483334,5
277508,6.4736667,11
277528,4.3816667,5
277540,4.9943333,13
277548,1.6283334,5
277556,14.655669,17
277560,-0.33500004,5
277584,-0.9946666,6
277592,31.770332,11
277592,29.703,9
277612,2.915,5
277620,29.012333,7
277636,53.32567,47
277640,11.178001,14
277640,1.0823334,7
277660,27.538334,5
277692,8.161333,14
277696,32.268,14
277712,1.1783333,5
277736,3.176333,19
277756,10.947001,11
277788,11.901001,23
277804,31.150667,12
277868,12.916667,20
277876,19.126,18
277908,1.0826664,8
277932,53.843002,49
277936,28.135666,7
277952,27.731667,5
277956,29.211666,5
277984,2.9423332,7
278004,0.27499986,5
278032,31.353668,41
278044,0.9200003,10
278048,106.99232,107
278060,19.689005,27
278068,0.36166668,5
278080,29.829666,9
278088,6.372333,7
278088,35.841335,14
278100,5.992666,8
278108,-1.9683334,5
278120,2.7433333,10
278136,2.8323333,7
278140,-0.37166667,5
278220,18.520002,20
278240,17.311668,35
278264,24.718666,6
278288,22.933329,50
278304,3.8133335,10
278304,58.080658,42
278332,0.8703337,11
278332,10.622669,28
278356,31.561,13
278364,5.665,15
278376,25.791666,5
278392,38.618332,15
278412,26.291666,5
278420,33.988003,14
278448,1.2356668,7
278452,14.366335,19
278472,-0.69166684,5
278480,1.5126668,8
278496,2.883667,21
278512,56.088333,45
278516,28.443,9
278540,4.7803335,11
278564,0.9876665,13
278576,17.792,26
278580,5.9700003,10
278608,1.9856666,7
278612,8.821334,24
278616,7.323333,10
278628,-1.7116666,5
278648,10.776999,21
278668,-2.2116666,5
278704,30.579666,9
278716,33.83067,22
278752,28.986332,9
278788,14.333669,21
278788,29.96767,43
278808,27.831667,5
278820,4.976,8
278832,6.5386662,6
278868,56.85799,64
278868,11.007334,12
278892,0.15199995,6
278912,2.4869998,11
278920,3.2956667,7
278932,0.2916665,5
278936,19.195332,46
278940,16.849,27
278968,28.855667,7
278988,10.1223345,17
278988,26.911667,5
279016,-1.4743333,7
279020,4.1626663,8
279020,17.557333,22
279040,2.575,5
279060,2.675,5
279064,6.1636667,11
279092,2.6723332,7
279116,34.461666,25
279116,60.57833,45
279116,33.87467,14
279120,0.719,7
279136,27.458332,5
279144,4.475667,7
279148,2.739,7
279156,26.696667,10
279180,9.627,11
279204,32.048332,15
279204,26.125332,6
279212,8.981334,14
279236,26.322666,8
279280,6.3469996,11
279288,19.351665,35
279300,12.734001,22
279304,1.9586667,6
279320,29.029335,8
279340,1.7596664,9
279348,4.1006665,12
279348,39.435333,36
279364,9.273666,11
279372,27.685999,8
279388,2.3766668,10
279392,34.777,11
279400,-1.7203333,9
279408,30.653,9
279428,5.061667,5
279448,8.151334,14
279448,5.9683323,15
279476,7.097333,12
279476,27.335667,7
279476,2.3389997,7
279500,4.6786666,6
279516,32.143333,10
279516,14.383003,29
279524,5.167333,12
279536,0.4316666,5
279548,31.670666,12
279572,9.587334,12
279620,7.357333,12
279640,21.437002,31
279648,13.889335,28
279656,13.372334,27
279664,34.637,11
279684,6.1683326,5
279688,6.920667,12
279692,1.9829999,9
279748,7.3216677,25
279748,7.4813333,14
279768,3.7216666,5
279772,3.5106664,22
279788,1.885,5
279796,3.1753335,6
279816,2.8016665,5
279828,51.50167,35
279844,27.795666,7
279844,33.038002,24
279884,5.106667,10
279904,1.0716667,5
279924,42.001335,24
279944,24.825,5
279972,27.210667,32
279988,63.65667,50
280012,27.858665,6
280044,27.554998,25
280048,7.1063313,19
280120,12.366003,18
280124,20.966003,28
280140,8.238,24
280144,39.010002,60
280152,0.09899998,7
280164,0.06833336,5
280180,7.568332,15
280228,15.685335,16
280256,15.025336,26
280268,37.387333,22
280268,20.750671,32
280272,7.750334,11
280288,0.7283336,5
280308,2.1230001,9
280328,5.3716664,5
280344,15.301334,14
280344,13.106335,19
280348,-0.30500007,5
280372,3.6023335,7
280376,26.422333,7
280400,1.3523333,7
280404,26.258999,7
280432,28.035667,7
280436,8.496334,9
280444,7.311667,25
280488,10.144335,13
280504,34.229336,18
280520,1.7360002,8
280548,31.114336,73
280584,3.003,9
280612,6.349,7
280616,15.794668,24
280632,1.5083333,5
280656,16.076,38
280668,36.04767,13
280688,1.141667,5
280692,2.6996665,9
280712,0.83833313,5
280724,7.2496667,9
280740,81.97466,74
280740,1.8423336,7
280756,5.0593333,8
280784,51.42933,38
280796,7.1179996,14
280824,29.913334,10
280832,0.3529997,19
280848,11.209002,27
280876,3.441,13
280876,45.516666,20
280884,2.8663335,9
280896,2.6216667,5
280908,2.4986663,6
280912,4.953,9
280944,27.679667,9
280996,6.557667,13
281012,8.779666,29
281028,17.879667,29
281048,13.311,13
281080,7.7343335,13
281088,55.19133,64
281100,-2.2849998,5
281168,25.142996,39
281184,14.668001,34
281188,2.8916664,5
281212,29.595667,7
281228,-0.123333216,10
281240,2.1756663,7
281244,24.209663,39
281264,1.8383334,5
281284,3.2403333,11
281292,12.968668,16
281300,44.769997,50
281308,24.918667,6
281320,0.839,7
281320,4.721333,14
281328,-2.2216668,5
281344,9.143667,11
281360,12.1,10
281364,1.1029997,9
281368,7.834,12
281412,28.397,11
281428,6.3356667,17
281432,0.41166672,5
281436,13.329333,18
281436,36.237663,23
281464,9.386334,9
281472,5.1530004,9
281508,4.139667,9
281532,44.581673,25
281540,16.978664,26
281552,7.6836667,11
281556,8.407667,23
281572,-0.30166662,5
281604,13.008667,16
281636,6.5953317,16
281640,17.992334,27
281644,4.2273335,22
281656,27.038334,5
281672,27.629,7
281672,10.029003,17
281676,6.3596673,9
281692,1.155,5
281696,3.0583332,5
281708,34.747665,13
281720,26.518667,6
281732,28.753334,10
281752,9.263334,20
281760,28.949,7
281772,8.731999,16
281792,28.309334,8
281800,27.722332,7
281820,18.049002,17
281844,31.197,11
281844,8.041,13
281860,3.0699992,10
281880,5.9896665,9
281888,4.2990007,7
281908,-0.64166665,5
281916,28.963003,49
281928,38.280334,21
281980,9.706,18
281992,1.7330004,19
282000,26.278334,5
282004,15.930334,31
282020,2.1156669,7
282020,8.851,23
282036,-0.07366681,9
282040,3.7350001,5
282040,3.5383332,5
282072,4.199667,9
282072,1.056,8
282092,38.854004,22
282100,8.875,15
282108,2.1363335,9
282116,0.8920003,6
282136,3.5323334,7
282140,33.18667,10
282164,9.397333,12
282172,31.133,9
282188,28.405334,6
282196,36.094666,14
282216,23.798662,36
282216,0.90833336,5
282228,2.3013334,14
282232,4.273667,11
282248,1.3383334,5
282260,8.260334,11
282276,33.658333,15
282276,27.022333,7
282296,26.545,5
282304,27.975666,7
282312,6.366667,20
282316,0.3916664,5
282344,1.8623335,7
282364,32.204334,13
282372,8.749001,17
282380,30.163,9
282384,17.787,31
282408,9.023667,11
282452,13.570001,20
282456,43.393,19
282492,4.696333,9
282500,14.246334,29
282556,15.845333,16
282560,34.195,15
282580,3.495,5
282596,3.6599996,10
282596,24.771997,36
282620,1.0853333,6
282624,-1.2010001,7
282628,32.837334,12
282644,1.1816667,5
282648,-0.60833323,5
282664,3.1716666,5
282704,5.563667,21
282720,6.6359987,18
282724,0.28499997,5
282736,34.07267,18
282752,5.392333,7
282772,-0.41833317,5
282804,38.555668,17
282820,9.640668,12
282848,7.4503336,11
282856,20.178001,34
282860,4.8899994,10
282876,1.2456666,7
282876,92.73898,117
282884,25.372,6
282896,25.825,5
282900,26.952,6
282928,9.140335,11
282932,-0.100333214,19
282948,1.5883334,5
282964,8.505333,16
282972,33.296333,19
282984,32.919666,9
282992,6.604999,15
283020,6.2546673,14
283040,35.374664,14
283040,31.312334,17
283044,3.981,13
283068,26.592,6
283068,2.5890002,7
283096,2.2756662,7
283096,1.3823334,7
283128,6.3956656,27
283168,7.3866677,10
283172,33.16767,33
283228,4.3716664,15
283256,42.17999,40
283264,1.0096666,9
283324,8.645002,15
283372,81.54633,69
283384,28.70433,53
283388,15.315334,16
283416,-0.43766677,7
283440,31.355667,17
283452,31.053,9
283472,6.4593334,8
283484,-1.4940001,8
283492,27.325,5
283496,14.016004,28
283560,15.599667,19
283588,14.637666,23
283600,62.721996,86
283616,1.9490001,7
283636,9.136334,19
283660,-0.4796667,11
283664,27.504333,43
283668,3.379333,8
283688,28.629,7
283696,32.88233,7
283716,2.1223333,7
283720,15.896667,30
283736,1.1433334,10
283768,30.489334,8
283788,27.098333,5
283804,20.194004,22
283824,-0.06500006,5
283844,24.803665,31
283920,35.479668,19
283948,27.125666,7
283956,58.157665,73
283960,15.418001,34
283972,31.388668,46
283980,0.63833356,5
283996,6.617334,12
284004,2.6073334,12
284016,6.3036656,11
284048,5.4709997,13
284072,40.302334,17
284108,48.320663,32
284136,24.626665,30
284144,3.7029996,9
284176,22.574001,32
284180,8.107,11
284180,1.5796667,9
284196,1.4983333,5
284200,2.7883334,5
284220,-0.25833333,5
284224,-0.5843333,7
284232,13.886669,40
284268,6.2703333,11
284296,16.559668,29
284304,6.483667,21
284324,2.4756668,7
284332,1.8690001,7
284336,39.488667,26
284356,26.418333,5
284376,36.187668,13
284392,0.71833324,15
284392,4.877,31
284412,28.406334,9
284428,11.736002,18
284432,26.645,5
284448,-1.1416667,5
284456,8.908666,16
284468,24.851665,5
284480,9.630667,12
284508,3.1923335,7
284520,30.645332,16
284540,10.459335,18
284576,6.773,9
284588,12.7333355,20
284600,11.786665,20
284604,25.81767,53
284616,3.2356668,7
284624,0.65166664,5
284636,3.8416672,5
284676,8.004334,13
284732,25.361,33
284768,29.973,9
284772,46.08467,34
284808,58.43933,58
284832,37.672,16
284860,14.875332,46
284868,34.468002,24
284904,31.079666,9
284904,11.283667,11
284908,7.559667,19
284912,43.152,26
284940,26.075666,7
284956,6.987667,13
284968,37.378666,16
284968,8.714999,15
284996,9.243334,10
285004,3.8886669,16
285012,28.310333,11
285080,7.489,17
285124,14.27,30
285128,23.247665,33
285172,32.837334,12
285180,8.634999,25
285204,5.306,8
285216,32.19967,9
285228,31.481676,65
285232,4.4689994,7
285244,2.2989998,7
285248,7.5466666,30
285260,-0.96099997,7
285268,-0.6716666,5
285284,11.461335,14
285288,12.2803335,11
285300,3.1393332,8
285300,31.116669,10
285304,1.1783335,5
285324,4.356333,9
285360,39.411667,15
285364,36.945335,16
285380,38.936337,19
285420,6.7516675,15
285428,33.018665,16
285456,6.952334,7
285464,9.010335,21
285524,5.818333,15
285540,42.997997,54
285572,1.9173335,12
285624,11.983668,21
285628,20.261,43
285688,35.855335,16
285696,33.399666,69
285704,22.321001,33
285720,7.6443343,23
285740,27.905,5
285752,7.892,16
285772,25.378334,5
285820,36.21,20
285832,31.948004,34
285848,13.881998,36
285852,11.510002,20
285864,2.466,8
285872,5.8110003,13
285896,3.6403332,11
285908,28.970333,11
285916,31.683666,11
285924,34.573,19
285932,5.993,9
285944,28.698334,5
285968,7.7450004,15
285984,14.485669,17
285988,5.857,11
285996,9.138668,16
286004,3.843,9
286020,25.372665,8
286044,31.320667,12
286056,5.283,9
286060,14.286335,19
286148,47.235332,26
286180,47.861336,44
286196,18.067999,34
286204,3.4953332,6
286232,3.179,7
286252,52.079666,49
286252,25.778334,5
286280,7.0390005,7
286316,8.395334,16
286316,49.220665,42
286336,3.275,5
286344,53.739,37
286364,2.8890002,7
286384,16.275335,26
286404,1.2283332,5
286404,33.194,22
286416,34.067665,13
286424,5.008333,5
286424,1.6216668,5
286444,4.4356666,7
286452,-0.47100008,7
286456,7.056,8
286508,2.4943337,13
286536,29.275665,7
286540,28.623,49
286548,39.34867,26
286584,5.913,9
286592,8.207667,13
286600,11.878668,16
286612,24.931667,5
286620,8.106334,9
286644,21.229332,48
286648,2.9196668,9
286660,6.555,15
286664,6.247001,11
286712,6.8089995,17
286732,9.425667,17
286748,8.825,25
286764,4.402667,8
286768,32.721333,14
286784,-1.0616667,5
286812,26.445667,7
286872,12.878336,15
286872,44.472,26
286892,25.351665,5
286912,28.191666,5
286940,35.779003,17
286948,66.54333,50
286972,84.28599,78
286976,28.099667,9
286996,32.797333,12
287016,4.7283335,5
287020,1.9570001,11
287036,9.415334,16
287048,24.731339,34
287068,8.177666,13
287072,9.494335,13
287104,2.6030002,9
287124,34.627666,13
287128,9.226667,20
287136,14.2316675,25
287148,0.95033336,11
287152,1.1056666,7
287164,5.8896666,9
287168,-0.9583335,5
287180,6.556999,11
287216,7.394334,13
287224,2.7136667,11
287268,14.909668,29
287312,17.998669,36
287316,14.048334,25
287340,1.9656669,7
287360,-0.5683334,5
287360,36.591,23
287372,33.361336,14
287384,0.12866664,6
287392,28.947334,42
287392,2.7283332,5
287408,4.8006663,12
287412,27.445,5
287432,-0.13000023,10
287436,5.162333,7
287440,27.082333,7
287448,9.535334,16
287452,3.3283331,5
287472,28.456001,8
287476,2.0486667,6
287480,6.5769997,11
287516,31.737001,11
287528,-0.7023332,13
287616,20.027336,42
287636,-1.2650001,5
287656,17.080667,32
287668,15.682669,38
287696,29.14,10
287756,12.960667,22
287788,25.122665,38
287796,2.043333,10
287796,8.542999,79
287808,4.7883334,5
287816,0.5716667,5
287828,1.0516667,5
287880,10.408667,16
287884,42.482327,47
287884,3.6906667,22
287892,13.051999,16
287928,4.670333,11
287932,2.7806664,12
287956,37.872,16
287968,0.33666682,10
287980,3.140667,12
288008,1.4333336,10
288008,1.6523331,7
288012,47.854332,33
288020,3.9319997,16
288036,0.8356666,7
288064,8.021,13
288084,11.356335,19
288104,3.321667,5
288108,6.983667,11
288132,13.767999,24
288152,5.243666,11
288164,7.921669,15
288176,22.933,39
288184,1.3016664,5
288200,30.177334,12
288220,3.8716662,5
288224,30.253334,10
288224,13.454334,23
288228,3.8910003,13
288244,25.011665,5
288256,0.35899997,7
288256,1.0230006,9
288280,5.129667,9
288292,9.572334,17
288300,25.431667,5
288304,5.7373323,12
288332,-0.72066677,8
288344,31.574333,13
288364,6.0883336,15
288384,8.284334,13
288392,1.9556665,7
288400,56.655342,36
288420,2.909,7
288428,0.099000216,7
288428,40.807,21
288448,33.312,16
288464,8.033668,11
288472,5.056999,11
288492,0.45500004,5
288492,7.5656667,7
288512,1.0316665,5
288532,43.91033,21
288548,3.8979998,14
288556,6.950333,11
288564,29.362667,8
288600,2.7636666,11
288600,22.920996,43
288608,1.2203336,11
288628,14.823336,20
288644,26.959667,9
288668,33.149,17
288676,6.1796665,19
288700,12.272668,18
288704,10.068334,15
288720,24.744999,5
288728,33.961,13
288748,12.760002,20
288756,27.475666,7
288784,2.119,7
288788,6.5433335,10
288796,11.259666,19
288840,3.9136665,11
288856,18.255999,38
288876,16.713997,22
288900,34.77833,15
288904,33.376667,30
288908,8.941,13
288912,35.786335,9
288920,25.791666,5
288928,26.758333,5
288948,5.2029996,9
288956,27.956333,9
288976,-3.0143332,7
288980,7.676333,19
288988,2.529333,8
289000,-0.72833335,5
289000,4.446,18
289056,8.669,17
289092,16.751001,23
289100,25.876999,31
289112,49.925995,28
289152,16.034666,24
289172,2.7216666,5
289192,-1.4516666,5
289216,14.525336,26
289228,54.634666,34
289248,4.4216666,5
289260,29.677,11
289264,29.886997,41
289288,27.553333,10
289324,34.845333,16
289336,13.676001,18
289352,4.8789997,7
289356,0.7983334,5
289356,8.669001,17
289376,3.725,5
289384,30.515999,8
289396,28.880335,51
289400,-0.45966697,11
289408,25.238667,6
289416,27.158333,5
289420,8.880332,11
289444,1.6329999,9
289460,8.833334,10
289464,0.16499996,5
289472,9.972668,18
289480,25.978333,5
289524,6.394334,13
289524,26.105661,27
289536,32.475998,18
289540,0.17499995,15
289576,30.426334,9
289580,3.360333,11
289588,4.6419992,16
289612,28.046333,9
289624,2.523,9
289676,34.415337,16
289692,15.316,28
289692,5.3923335,17
289704,2.8756664,7
289720,29.63299,49
289740,4.119666,9
289752,36.275,15
289752,9.605001,15
289772,25.711666,5
289784,12.442,16
289812,27.429,7
289840,10.485666,17
289840,23.971666,25
289860,-0.89166665,5
289860,26.598333,5
289884,4.8059993,18
289888,1.069,7
289900,4.9799995,10
289904,10.165998,38
289932,2.3026664,8
289936,0.9239998,12
289964,5.0323334,7
289976,6.637,11
289984,32.806667,20
290004,19.313335,30
290016,24.512667,8
290032,20.38567,17
290036,0.24833322,5
290076,31.442667,18
290080,4.5669994,11
290092,10.791669,15
290100,2.2586668,6
290140,5.920666,12
290152,9.714334,13
290172,31.256,8
290180,14.194999,25
290184,28.256,8
290200,70.312004,56
290208,4.7856665,7
290216,2.396,8
290236,28.362333,7
290240,5.4233327,10
290280,31.577,11
290324,17.87567,27
290332,27.226665,40
290348,8.079,17
290364,5.3100004,10
290404,55.850334,41
290408,0.617,11
290428,1.9249998,5
290480,18.489,37
290520,36.081,23
290540,3.5116668,5
290552,55.992332,37
290580,76.572655,58
290628,12.850668,12
290676,41.402996,49
290684,18.182,36
290704,0.54499996,5
290732,10.888669,26
290760,1.8023334,7
290788,8.213667,21
290804,36.317665,63
290808,27.951668,5
290824,18.775663,37
290844,39.69367,21
290864,11.418334,15
290892,-1.7110001,7
290916,7.4126678,18
290928,5.659666,9
290932,19.959002,27
290944,25.659,7
290948,1.9749999,5
290968,30.006332,9
290968,31.583332,40
290988,4.723666,11
291020,30.197666,13
291032,-1.7229999,11
291084,36.272,16
291108,26.958666,6
291128,29.643332,40
291140,19.70933,48
291152,4.3203335,11
291160,28.338333,5
291188,6.1596675,9
291228,14.685001,25
291252,12.1953335,16
291264,-0.9336668,9
291324,35.997,41
291332,1.9333334,20
291344,7.7233324,20
291352,-0.22099984,7
291352,3.4683332,5
291380,2.699,7
291380,76.26232,87
291396,1.9410002,13
291400,26.765,5
291408,3.9756665,7
291416,15.2786665,16
291424,2.6653335,6
291448,0.9466667,10
291452,5.7096667,9
291472,9.219667,19
291480,4.3923335,7
291500,27.871666,5
291512,10.285334,16
291512,1.7566669,10
291528,11.7820015,26
291532,0.14833331,5
291552,27.891998,6
291552,2.0283337,5
291564,5.665333,16
291580,16.722334,17
291584,1.8583333,5
291596,5.6969995,11
291600,25.818333,5
291616,1.1793332,8
291632,29.306334,9
291644,6.732333,7
291656,3.0980003,14
291700,61.40567,37
291716,5.328333,15
291720,0.5916667,5
291736,5.135,5
291752,14.136671,30
291764,5.8603334,11
291772,0.7916665,5
291784,1.0616666,5
291800,29.869,7
291812,25.880667,42
291848,15.469334,28
291868,10.870336,21
291868,3.3423336,17
291868,3.8149998,5
291896,0.74899995,7
291904,1.813,9
291924,39.21267,28
291932,3.0289998,7
291936,2.4033332,10
291968,2.5526667,8
291988,20.373335,30
292008,2.3116665,5
292016,15.980999,23
292032,23.501665,25
292052,9.096334,9
292076,30.769001,17
292092,7.8466673,10
292104,1.9090002,7
292112,4.5550003,5
292124,24.616335,39
292136,14.188669,26
292144,27.904999,5
292164,0.9676666,13
292172,30.202333,7
292200,3.4796665,9
292212,32.653,19
292248,10.930667,12
292276,0.3156662,7
292284,44.888336,45
292292,7.640002,30
292296,10.720331,21
292312,0.455,5
292328,6.457667,13
292332,-0.37833333,5
292360,26.369,7
292372,3.6536674,11
292376,8.393334,20
292384,2.6086664,6
292416,7.2926664,8
292436,-1.4783335,5
292456,27.978333,5
292456,33.501003,43
292504,34.907333,12
292528,55.653,39
292536,35.826668,20
292572,9.956334,9
292572,32.426334,49
292592,17.917332,22
292600,4.275999,18
292600,7.5923333,7
292608,32.086334,9
292632,3.6100001,10
292636,0.012333393,7
292640,0.9533334,10
292668,11.255668,17
292672,27.556,8
292680,3.483667,11
292724,12.484666,14
292732,30.588333,15
292756,50.577003,31
292800,32.577,11
292808,46.510666,32
292848,41.75967,29
292876,42.812336,17
292892,43.311,23
292896,1.6283333,5
292936,32.33433,53
292940,4.670666,12
292948,1.9143331,13
292964,27.932333,7
292996,5.3439994,12
293032,11.5823345,17
293076,26.978,34
293088,33.568,14
293108,9.862667,28
293144,7.2363334,9
293180,37.078667,26
293196,2.857667,13
293204,44.683006,89
293228,26.085333,6
293248,5.424333,13
293256,4.7923336,7
293304,-0.4626667,12
293312,49.920998,33
293336,38.764,22
293352,33.327335,12
293364,1.5423332,7
293368,47.316666,70
293388,-0.45033336,9
293392,28.375666,7
293392,16.09,20
293420,-0.4443333,7
293424,3.6963334,9
293428,-0.42166686,15
293432,5.35,10
293448,26.011665,5
293464,5.126001,8
293468,5.7549996,5
293512,3.2303338,11
293532,12.738999,27
293552,9.867334,22
293588,21.214003,42
293616,3.2523336,7
293616,35.452003,16
293632,26.869997,30
293644,5.032334,7
293652,0.19166672,5
293660,15.320669,32
293688,6.780333,11
293696,30.533,9
293708,3.6816666,5
293712,34.471333,24
293720,6.948999,17
293736,26.473333,10
293744,28.653,9
293748,2.2663336,9
293780,4.0936675,11
293812,0.9260001,8
293812,7.544333,23
293816,9.275667,17
293820,7.8696656,19
293844,26.062332,7
293888,15.699,17
293896,9.754334,13
293904,15.897668,23
293912,14.551668,25
293924,25.458332,5
293932,3.2530003,9
293940,25.895666,7
293976,5.3536663,11
293984,14.768002,24
293988,3.1406665,12
294000,1.4253334,6
294004,25.351665,5
294008,-1.5216668,5
294012,33.287334,22
294056,10.4609995,13
294068,32.488,14
294088,12.913334,20
294136,8.896668,20
294140,36.606003,18
294144,10.511334,14
294160,1.5186666,6
294180,25.731667,5
294196,6.657666,13
294200,0.068333626,5
294216,27.058334,5
294232,43.892673,58
294272,10.549335,18
294280,5.417334,12
294292,0.30166674,5
294364,30.792002,56
294364,10.046001,18
294384,2.5683331,5
294384,3.3683333,5
294404,3.4950001,5
294444,5.8166666,10
294452,13.087666,43
294464,8.826667,20
294468,27.145332,6
294488,1.195,5
294492,-1.2643332,7
294504,41.630665,72
294512,25.951666,5
294528,25.778667,6
294568,48.383003,29
294576,8.342001,16
294616,20.08067,32
294628,15.028332,25
294632,14.258667,16
294644,2.7823334,7
294660,35.25367,21
294664,6.7826667,8
294676,31.770668,12
294692,2.4926665,8
294712,13.262335,17
294720,-0.66633344,11
294736,6.5436664,11
294748,29.866333,9
294764,28.575666,7
294776,16.576002,28
294792,7.1103334,11
294796,0.9650001,5
294820,1.632333,7
294844,3.6406665,12
294848,23.453997,32
294864,2.1216667,5
294904,37.721664,35
294908,40.134003,22
294924,12.209667,19
294924,32.085,15
294928,26.678333,5
294984,37.341667,15
294984,3.5546675,14
295004,26.951668,5
295020,48.778,24
295056,6.379666,9
295064,30.996666,20
295092,38.150665,22
295096,40.652653,48
295112,-0.305,5
295168,-1.0040002,18
295176,11.662001,16
295192,5.6586666,6
295196,2.235,5
295200,25.807995,34
295204,32.875664,37
295220,1.7119999,6
295224,0.45166683,5
295228,2.959,7
295240,1.1873331,12
295256,4.3756666,7
295260,27.671667,5
295288,6.1526666,8
295300,3.6733336,20
295312,16.383999,22
295316,3.7656665,7
295352,0.39333344,10
295352,3.483,9
295352,34.394333,13
295380,29.595667,7
295400,3.9473333,12
295404,45.351997,36
295428,-2.6236665,19
295464,10.538668,16
295484,32.638,14
295488,33.183666,21
295508,28.571667,5
295520,9.771666,35
295572,9.221001,13
295596,12.264003,22
295612,13.3289995,37
295620,8.880668,12
295620,46.258003,34
295640,2.2836664,11
295652,28.669334,8
295660,1.8916668,5
295672,25.951668,5
295680,-0.4883333,5
295688,2.4490001,17
295700,2.3616664,5
295720,8.114,12
295720,23.879002,27
295724,29.036333,9
295728,1.5123335,7
295748,1.4289999,7
295756,0.48899996,7
295776,13.294668,14
295796,26.358334,5
295808,8.910334,21
295828,28.418333,5
295836,6.5299993,10
295860,26.998667,6
295864,8.7056675,27
295872,15.063667,31
295904,26.212666,8
295904,27.293333,10
295916,35.047333,22
295924,4.835,5
295936,4.3150005,5
295960,41.698334,25
296020,10.67167,15
296024,12.937334,22
296036,4.761,33
296056,7.0230002,9
296056,4.295,5
296060,26.919666,9
296080,26.638666,6
296100,44.558,44
296104,6.087,11
296116,5.075,15
296128,3.7506661,12
296136,-0.9716667,5
296136,2.5096667,9
296180,6.764334,13
296188,34.661,13
296200,26.305,5
296204,38.055664,17
296244,29.093666,11
296256,49.42267,38
296292,14.440668,22
296300,1.3803334,11
296320,-0.32833338,5
296336,4.850333,11
296336,11.847666,23
296364,28.182333,7
296396,11.218334,15
296428,38.145332,16
296440,17.259998,30
296468,3.7933335,10
296496,5.9623327,7
296512,23.743002,29
296516,0.865,5
296516,6.069667,19
296524,51.41799,84
296540,6.139,7
296552,34.526333,9
296560,30.493,9
296580,-1.7750001,5
296584,12.358999,17
296608,15.092333,17
296632,12.236668,20
296656,4.134,12
296672,37.281,23
296712,9.616667,20
296748,36.926334,19
296764,12.848334,45
296768,33.281334,14
296772,17.369667,29
296800,27.742332,7
296804,7.278,14
296808,30.183666,11
296820,0.80100006,13
296864,9.897,11
296864,12.585333,16
296928,19.835337,16
296940,18.67467,34
296968,-0.78433335,7
296988,24.904999,5
296996,46.584335,33
297008,2.3816664,5
297012,6.9669995,21
297032,0.7696669,9
297036,27.309,7
297068,27.366333,9
297088,13.509668,19
297088,57.619987,70
297136,8.467334,12
297140,12.124334,13
297144,2.8563333,19
297188,10.534334,13
297228,10.9973345,22
297232,12.757334,22
297236,53.11666,50
297256,2.812,6
297272,3.6436663,21
297272,3.2936666,11
297284,-0.791,7
297304,0.07166672,5
297324,3.137666,13
297332,19.938004,24
297352,27.564999,5
297356,12.064335,13
297356,26.835999,8
297368,16.711332,24
297376,27.245333,6
297396,28.95,10
297416,26.385,5
297424,7.481334,14
297432,6.6229997,19
297436,4.0983334,15
297444,-0.26766658,7
297476,6.07,10
297520,32.140335,11
297536,43.502663,28
297536,13.234333,23
297556,25.858334,5
297576,30.12,10
297592,25.556665,40
297612,0.4796667,9
297620,12.052003,16
297632,12.772667,28
297632,0.52166665,5
297652,-0.71166664,5
297668,29.852999,9
297676,5.8003335,21
297680,27.455666,7
297696,25.378334,5
297712,8.114334,23
297712,1.9626664,8
297724,8.835667,7
297744,38.499664,19
297772,0.72899985,7
297776,0.89433336,13
297796,0.35500002,5
297816,2.2416668,5
297816,29.176998,11
297824,21.609335,28
297836,-1.6883334,5
297884,33.878334,15
297904,1.1916666,5
297924,44.629005,27
297952,40.36,60
297988,30.159668,9
298020,9.602667,8
298020,27.818665,46
298024,17.925005,25
298024,18.626665,30
298040,-2.8083334,5
298048,25.709,7
298068,8.437,11
298076,29.873001,9
298104,-2.3743331,7
298112,3.8569996,11
298120,6.5679994,24
298128,7.666667,20
298152,28.509333,8
298176,4.7426667,18
298188,9.369668,19
298200,4.597333,12
298212,4.7853336,6
298240,1.379,7
298248,6.990667,12
298264,1.4353333,6
298268,26.331667,5
298288,26.400002,40
298300,27.062666,8
298328,-0.56766653,7
298332,23.479668,39
298340,33.606335,19
298360,4.026,18
298372,0.17266655,8
298400,11.659,17
298412,4.03,10
298420,-1.4416666,5
298432,0.35500002,5
298444,28.692,6
298460,3.449,7
298464,3.7616665,5
298480,27.305,5
298500,2.0083334,5
298508,45.618996,37
298528,29.046665,50
298528,27.529,7
298556,30.935665,7
298568,15.742002,26
298592,7.4353347,16
298596,37.714,22
298636,-1.37,10
298640,4.4773335,12
298656,10.547333,22
298664,15.222332,27
298688,-0.81600004,12
298692,2.5923333,7
298712,-0.51166666,5
298724,36.570667,22
298744,2.141667,5
298748,8.169666,9
298748,5.338333,15
298772,1.7153333,6
298784,5.44,10
298816,0.02699995,11
298824,37.493,19
298856,2.39,10
298864,9.850001,20
298872,40.134663,54
298888,0.44533348,6
298904,9.803334,20
298932,15.669668,19
298936,8.825333,16
298960,4.129333,18
298964,4.2656665,7
298980,3.0883331,5
298984,25.685,5
299000,-2.0716667,5
299008,18.382,26
299008,42.59967,19
299020,1.8183333,5
299052,2.4570003,11
299052,34.45233,17
299080,24.652332,7
299088,14.480002,20
299108,23.074001,22
299124,4.203001,9
299124,28.470333,11
299144,30.078333,5
299152,31.750334,11
299172,24.439999,30
299176,5.989333,8
299200,13.056334,19
299216,5.8499994,10
299220,25.858334,5
299224,-3.3473334,18
299236,13.888668,16
299244,27.232,6
299252,3.5429997,9
299264,29.702333,7
299272,-0.5683334,5
299276,37.007668,13
299284,1.8166671,10
299316,7.843667,11
299320,12.898001,14
299356,2.926,18
299380,11.915335,16
299400,0.67166674,5
299420,43.341667,25
299420,1.4516666,5
299440,-0.495,5
299448,2.1823335,7
299484,7.119666,9
299488,4.7806673,12
299500,15.298663,56
299508,1.105,5
299524,25.778667,6
299532,1.222,6
299576,12.8443365,23
299608,13.12967,19
299620,13.3113365,24
299632,32.024666,14
299644,3.5086668,6
299652,28.630333,11
299660,55.612007,76
299672,25.325,5
299680,7.5163345,9
299700,28.055666,7
299736,29.666332,9
299780,15.8756695,37
299784,31.617332,12
299800,24.981665,35
299808,42.083996,32
299844,9.228333,15
299848,30.170666,12
299856,6.647333,12
299864,25.818333,5
299884,30.348999,7
299900,18.903334,30
299912,6.9153337,16
299912,27.942333,7
299920,4.858,14
299944,9.930334,11
299960,9.824,12
299964,4.434334,13
299988,32.477,11
299992,29.789,7
300008,-0.25499988,5
300024,3.0026665,8
300028,29.145,5
300064,5.076667,10
300072,7.2769995,11
300092,40.707672,43
300100,30.063,9
300116,27.970333,11
300128,43.214,42
300140,0.8573334,12
300148,6.989333,8
300160,35.818336,15
300184,1.4796668,9
300204,25.951666,5
300240,2.0996666,9
300268,21.674002,32
300268,42.70233,27
300296,28.782333,7
300304,19.041338,44
300304,0.43299997,9
300324,13.210335,21
300324,29.562332,7
300336,26.675999,8
300344,1.6516669,5
300364,12.301665,15
300408,15.476997,21
300444,14.622337,27
300492,9.517,21
300520,27.15967,39
300540,45.65133,24
300548,1.8923334,7
300572,14.023335,20
300624,50.049995,70
300636,12.5373335,22
300644,14.438667,26
300660,-2.2869997,9
300692,29.049332,8
300700,13.914001,32
300728,30.975666,7
300740,7.4340005,12
300780,29.20133,34
300812,6.1493335,8
300844,66.454,52
300876,25.012333,37
300916,16.891998,26
300916,10.429336,18
300924,34.635326,46
300932,12.974668,14
300948,4.6626663,8
300972,11.441335,14
300976,1.9043331,13
300992,6.4083333,15
301004,1.0689999,7
301004,5.4526663,8
301012,-1.5850002,5
301016,40.82567,17
301024,2.211667,5
301028,4.878667,6
301048,-0.2206667,8
301064,1.4963334,9
301068,3.9883332,5
301072,5.3539996,12
301072,7.3549995,15
301092,3.8683333,5
301100,2.0356667,7
301104,7.996333,9
301108,8.147,11
301120,26.718334,5
301124,3.799333,8
301124,0.004999995,5
301136,28.702333,7
301144,1.6920002,6
301160,3.3163333,9
301180,6.778,14
301224,9.808667,16
301248,9.672665,28
301248,42.475334,26
301284,6.3129997,9
301300,39.006332,19
301308,14.194,32
301308,1.758333,15
301320,-1.5383334,5
301324,2.09,10
301352,27.876999,11
301380,34.041336,14
301404,15.863668,21
301424,26.171667,5
301432,36.573334,20
301452,48.01533,36
301492,32.605,15
301500,8.834001,12
301528,14.802003,26
301580,60.586662,50
301588,14.077999,24
301588,9.005001,15
301588,7.4473324,22
301620,26.049334,8
301624,29.529667,9
301648,34.535,15
301668,43.680668,22
301728,22.598667,26
301736,13.043003,29
301752,12.758669,26
301756,4.8216667,5
301780,2.5289998,7
301800,7.6770005,11
301800,6.2060003,18
301808,4.492333,7
301828,4.3089995,7
301844,4.683666,11
301860,32.631,13
301884,8.436667,10
301904,3.0416665,5
301984,9.563333,20
301992,21.120337,41
301996,55.15733,82
302036,9.227667,13
302072,0.28966653,9
302100,0.68233323,7
302104,-0.9773333,28
302112,53.340992,63
302120,16.473667,31
302160,2.8333335,10
302160,9.871332,14
302168,6.555666,17
302184,4.1153336,6
302188,2.7823336,7
302204,2.5016668,5
302208,5.8666663,10
302224,20.019335,28
302264,10.056334,19
302284,38.83667,20
302304,27.005001,5
302308,6.4803343,11
302308,9.560331,21
302328,27.392,6
302340,22.847668,33
302356,1.4123335,7
302368,6.9083343,15
302388,26.744999,5
302404,34.575333,16
302420,1.8393332,8
302424,13.235668,17
302472,-2.3556666,13
302484,38.620003,20
302500,5.5429997,19
302524,8.594334,13
302532,9.687333,12
302572,22.208666,66
302588,34.431335,14
302600,25.378332,25
302604,15.206668,20
302644,7.388,14
302664,36.241,23
302668,14.569002,17
302676,15.892668,18
302704,34.49167,15
302748,10.433668,21
302760,11.300333,21
302772,3.2623339,17
302792,26.785,5
302804,3.6536667,11
302812,26.031666,5
302840,10.056334,9
302876,47.347332,52
302888,24.371664,35
302912,6.5026684,18
302928,6.8643346,13
302932,25.391666,5
302952,21.151669,35
302952,26.331667,5
302956,7.319,7
302992,4.393334,10
303016,12.887337,32
303024,6.022333,17
303024,5.146,8
303036,25.038334,5
303068,3.2903333,11
303088,-0.37166667,5
303112,45.786663,40
303120,25.776,8
303132,3.615,5
303164,31.103668,11
303220,6.961333,14
303224,40.971,23
303228,22.412668,48
303284,4.7450004,15
303292,7.1853333,16
303296,53.29933,68
303316,27.311666,5
303356,37.386,18
303364,13.898666,36
303384,3.6756668,17
303384,29.929,7
303400,4.4396667,9
303408,-0.37133324,6
303436,1.3489997,7
303448,13.819667,39
303476,29.235666,7
303480,6.18,20
303484,17.631664,25
303496,26.898333,5
303516,-0.43699992,9
303524,17.674,22
303544,27.425,5
303552,0.6763334,9
303552,12.595666,17
303572,0.71500015,5
303572,8.593,19
303596,-0.6146667,6
303604,27.482666,8
303608,7.4113317,14
303632,28.772,6
303640,35.033,9
303644,29.834,12
303664,-0.8316666,5
303672,16.26067,32
303672,3.7626662,8
303704,4.486,8
303728,2.8680003,14
303744,31.533333,10
303764,50.161,33
303764,29.713001,9
303780,11.916334,29
303832,34.627666,13
303852,-0.16499996,5
303868,20.905333,26
303872,15.174003,32
303880,19.176332,29
303924,8.801001,13
303928,15.071669,15
303948,4.0256667,17
303952,3.752,6
303960,21.415668,27
303980,0.48566645,7
304000,9.716667,10
304016,3.8276665,23
304040,0.078666925,6
304044,4.3203335,11
304048,14.129002,17
304060,14.529335,28
304080,29.012667,8
304100,7.601667,15
304128,13.572334,17
304136,32.508,14
304152,12.022337,27
304184,33.044003,12
304208,25.898666,6
304212,5.7016673,15
304228,0.66166663,5
304268,51.42166,35
304276,4.8706665,12
304292,2.0320003,6
304312,8.416333,9
304324,47.39199,56
304340,46.814,32
304348,37.201332,14
304364,8.397667,13
304376,1.409,7
304400,8.689668,9
304436,43.429337,28
304448,38.269333,18
304456,6.944667,14
304568,22.316,28
304604,8.686334,9
304616,32.466335,69
304616,17.588331,45
304644,25.775665,7
304644,34.513,49
304656,10.730999,13
304676,7.528333,15
304700,7.103666,11
304716,30.146667,10
304716,5.196,18
304720,13.923,19
304740,3.3199997,10
304740,27.238333,5
304768,3.4823337,7
304768,33.044334,13
304772,0.64600015,8
304784,5.585666,17
304792,-0.3983332,5
304800,4.606,8
304816,-0.61133325,6
304824,25.911999,6
304828,31.243668,11
304836,4.1016665,5
304868,-2.7233334,10
304884,8.474999,15
304936,8.478333,25
304944,9.788335,15
304996,34.785,15
305000,5.2813334,14
305024,27.082998,39
305036,31.173,9
305048,27.186665,70
305052,33.121334,14
305072,0.41833335,5
305072,5.460666,12
305076,0.62899995,7
305080,5.7903333,11
305092,-1.2783333,5
305104,1.1356668,7
305116,1.9603329,11
305132,24.722332,7
305156,11.082999,19
305176,10.105001,15
305204,11.896003,18
305232,7.078,14
305240,14.812333,37
305260,-0.7243333,7
305272,5.4960003,8
305292,27.498333,5
305296,27.538332,35
305308,18.47867,26
305312,7.0776663,13
305320,29.962334,7
305356,5.7136664,11
305404,14.322334,27
305404,40.748,24
305424,11.609001,17
305424,1.0616667,5
305452,3.7056668,7
305484,15.963333,20
305528,8.310334,11
305548,29.198334,5
305560,39.09133,34
305564,12.139332,28
305576,4.7590003,7
305576,42.238003,64
305612,31.467667,13
305684,15.939335,18
305684,14.163338,30
305704,4.915,5
305712,43.078003,34
305712,28.005667,7
305776,1.8686666,16
305788,43.333,19
305812,47.51567,27
305832,26.958332,5
305852,24.471666,5
305872,16.971334,24
305880,5.692333,7
305900,26.885,5
305928,65.256,88
305944,7.573666,11
305972,8.040335,11
305980,21.099335,48
305992,0.55166656,5
306036,14.631002,23
306040,47.99733,42
306048,9.861336,14
306048,33.805668,17
306064,1.6719999,6
306072,5.8386664,6
306080,1.5426668,8
306080,6.9570007,11
306088,25.845333,6
306100,29.262333,7
306100,26.505001,5
306136,11.196333,9
306144,30.428001,14
306144,-0.5596664,11
306172,2.4423332,7
306172,41.877663,23
306192,5.900666,12
306200,4.962333,7
306208,7.9693346,18
306220,3.2083335,5
306248,-0.55766654,7
306264,5.0046663,14
306268,24.224669,24
306320,-1.819,13
306328,14.053334,20
306348,25.578333,5
306352,14.617336,22
306356,2.8163335,9
306372,2.2286665,6
306384,29.049334,8
306420,5.893,9
306436,34.103657,61
306456,11.243667,21
306456,29.259666,9
306508,5.3776665,13
306528,27.898333,5
306540,12.445332,26
306564,1.5696669,9
306568,56.80767,53
306576,28.766333,9
306600,2.2826667,8
306604,-0.1876666,7
306608,21.812668,38
306620,26.291666,5
306664,14.425,25
306684,3.2233338,20
306700,6.5566673,20
306712,25.515667,7
306716,16.829,27
306720,27.831667,5
306748,27.875668,7
306752,11.490001,10
306756,28.779999,10
306772,0.245,5
306776,0.35566652,7
306780,11.946333,29
306788,4.7493334,8
306824,9.447333,12
306848,8.1189995,17
306868,2.2749996,5
306876,11.620668,22
306888,25.918333,5
306888,11.992001,16
306896,0.20833337,5
306952,51.53833,45
306956,11.601666,15
306960,7.939334,18
306980,1.3790002,7
306996,0.17966676,9
307016,3.1149995,5
307032,11.325335,36
307036,11.126669,20
307044,1.559,7
307048,40.942333,17
307092,5.640333,11
307096,13.091668,15
307112,27.038334,5
307132,14.344999,25
307152,6.26,10
307156,12.682668,28
307172,0.061666727,5
307232,7.685,15
307236,40.735332,26
307256,19.311666,25
307260,27.769001,7
307264,-2.1343334,7
307268,58.340996,43
307280,-1.5579998,6
307288,3.445,5
307292,27.662666,8
307316,4.894334,13
307320,2.9823332,7
307360,32.437,11
307364,9.792999,19
307384,-0.9716667,5
307404,27.116995,31
307412,28.695667,7
307420,15.125002,25
307436,15.1396675,19
307440,2.2723331,7
307456,4.861,13
307468,4.095667,7
307472,2.016333,9
307472,7.037667,13
307476,-1.435,5
307512,3.0233335,10
307548,28.653,9
307548,42.31967,19
307552,15.180333,21
307560,6.1503325,21
307588,-0.941,7
307592,4.826667,10
307600,32.394333,13
307616,2.079,7
307620,2.435,5
307620,7.8989997,7
307640,35.471,23
307656,-1.227,9
307672,33.037666,13
307676,24.904999,5
307720,9.2266655,20
307760,11.800668,22
307780,19.206999,41
307788,2.2590003,7
307828,17.505999,38
307852,9.019332,18
307864,5.566334,9
307876,39.300667,22
307908,2.3860002,8
307936,35.186005,18
307968,0.7060002,8
307976,20.947,31
307988,15.803335,20
308004,2.383,9
308080,42.892,26
308096,47.23133,94
308116,19.647337,32
308132,15.390668,32
308140,10.531667,15
308200,39.238335,15
308204,14.513998,22
308244,8.013666,11
308264,-1.5116668,5
308284,32.735664,47
308304,3.4816666,5
308352,-0.786,22
308364,27.97333,40
308384,1.9416666,5
308388,10.220334,21
308412,1.1819999,6
308416,9.832001,16
308448,2.653,9
308464,6.789999,20
308468,46.91466,84
308488,27.145,5
308488,24.718666,6
308500,10.717668,13
308504,10.467333,22
308532,30.203667,11
308536,7.3073335,12
308552,3.6573339,12
308556,6.0613327,14
308560,1.8190005,7
308588,6.630999,13
308588,5.8989997,7
308596,35.777,11
308624,0.88900006,7
308632,28.677,11
308640,16.430336,21
308660,6.5963326,9
308664,2.1060004,8
308720,23.921001,33
308720,8.184999,15
308728,13.332001,16
308748,2.825667,7
308756,7.9696665,9
308764,5.039666,9
308788,26.169,37
308800,6.429667,9
308808,25.011665,5
308812,40.965332,16
308820,3.775,5
308840,2.995,5
308844,1.5993336,8
308852,9.960334,11
308876,36.86667,30
308884,33.317,11
308896,25.445,5
308932,9.197334,22
308936,15.690333,21
308940,4.760333,11
308996,3.9679997,14
309008,36.17267,18
309012,4.299999,20
309016,28.425,5
309040,28.522333,7
309064,8.071334,14
309068,-0.9176666,7
309100,23.364668,54
309132,28.136,8
309148,42.950333,21
309152,0.06833339,5
309164,23.855667,37
309188,7.3866663,10
309192,0.055666685,7
309196,5.1603336,11
309252,58.31534,46
309268,8.922998,19
309276,37.10067,22
309280,4.462333,7
309288,2.4783332,5
309316,-0.8836665,9
309364,5.0906663,12
309384,14.748001,24
309384,15.599001,27
309404,3.1733336,10
309428,2.843667,11
309436,3.0710006,13
309444,1.3533337,10
309488,28.610332,11
309500,7.2793345,18
309500,50.16201,76
309528,30.262333,7
309564,39.639668,19
309564,1.8530004,9
309568,10.182335,17
309604,53.337334,42
309644,36.686333,19
309660,9.421334,14
309664,39.158333,25
309680,5.719667,9
309700,32.413334,10
309736,18.211,43
309756,27.378334,5
309764,17.960335,21
309808,6.143667,11
309812,46.249,37
309832,13.871,33
309852,7.4403334,11
309860,1.9089999,7
309880,1.319,7
309880,-0.615,5
309884,13.907335,32
309912,-0.6743331,7
309916,0.076333284,9
309920,25.125668,27
309932,3.275,5
309940,1.3986669,6
309944,4.3953333,16
309960,26.805,5
309972,3.1533334,10
309976,6.872667,8
309984,11.812,16
309996,1.3783336,5
310004,2.3103333,11
310008,28.693,9
310032,1.2356668,7
310048,1.0833334,10
310068,24.904999,5
310072,4.3066664,10
310092,0.61166656,5
310144,20.839,37
310164,18.368332,45
310168,16.658335,25
310176,18.143671,21
310180,4.683,9
310200,5.0230002,9
310208,31.202333,7
310260,0.7516663,15
310268,11.0616665,15
310276,17.005669,27
310280,5.295,5
310288,19.17933,28
310300,2.575,5
310304,4.2130003,9
310328,6.0643334,13
310380,33.647667,13
310392,45.412003,26
310396,17.254663,24
310408,29.375668,7
310428,31.859665,9
310448,5.466667,10
310508,37.48333,20
310552,30.137335,62
310588,32.253,9
310596,38.64,50
310596,12.424002,22
310616,1.4383334,5
310636,1.4583333,5
310656,10.082335,17
310688,1.142667,8
310704,69.60801,64
310724,26.686333,9
310748,31.823666,11
310772,31.618,44
310776,1.1256666,7
310796,-1.3883333,5
310844,14.480001,30
310848,34.54767,13
310904,10.294667,14
310908,23.724667,34
310916,-1.5439999,18
310936,1.135,5
310956,2.6243334,13
310968,33.705,15
311000,-1.9296665,11
311012,4.136333,19
311040,1.4323328,7
311048,13.896668,20
311100,5.7849994,15
311100,33.501,13
311136,31.899666,9
311164,11.525334,16
311168,64.00066,42
311180,75.09533,136
311208,2.5166664,10
311212,7.1373334,12
311220,7.680332,21
311228,3.0516667,5
311232,27.064999,5
311248,25.651667,5
311280,33.511665,15
311300,26.845001,5
311308,13.554003,32
311332,1.2636659,21
311340,32.94,10
311344,5.256333,9
311380,9.154,12
311400,31.508,14
311436,17.848,24
311448,10.732333,17
311472,8.826,18
311476,30.495667,7
311500,1.8556664,7
311504,5.422333,17
311528,1.4990001,7
311532,5.3190002,7
311560,30.582333,7
311572,29.253666,11
311604,65.681,93
311620,5.9649997,15
311624,6.4276667,13
311628,42.402668,38
311672,2.3070002,11
311696,38.87767,23
311724,45.918327,25
311744,1.7683336,5
311748,30.917667,13
311776,23.921999,26
311796,2.5983331,5
311800,0.3176667,13
311812,35.475666,17
311816,0.7583333,5
311828,14.777334,52
311832,27.785,5
311836,25.871666,5
311868,14.072334,17
311888,37.898335,15
311912,28.680332,11
311928,23.001333,24
311940,10.971002,13
311940,44.37533,26
311948,0.35833323,5
311968,4.321334,14
311968,1.009,7
312004,33.398666,16
312040,5.116333,9
312048,41.345,25
312052,10.917,21
312068,28.915667,7
312084,3.113,9
312132,20.003332,20
312152,39.450336,21
312192,5.8233337,10
312212,15.387333,32
312220,4.765667,7
312252,2.9126668,8
312272,49.394997,35
312272,37.63866,76
312284,16.266003,18
312292,6.06,10
312300,25.898998,7
312304,27.051666,5
312324,4.4710007,13
312360,31.566334,9
312372,6.529,17
312372,39.226,18
312396,18.945333,26
312404,5.726,8
312404,2.0370002,11
312420,25.718666,6
312424,0.75833344,5
312468,4.633667,11
312480,11.215,15
312496,9.547667,23
312500,21.944,32
312544,34.615334,16
312548,37.554337,13
312568,24.431667,5
312572,-1.1376667,7
312604,31.946333,9
312608,15.341667,35
312656,6.8109994,13
312664,10.481333,14
312688,8.073,29
312696,3.4299998,10
312716,26.698334,5
312724,4.671666,15
312748,4.198333,15
312772,1.7486668,6
312800,40.610336,21
312800,9.343002,19
312800,48.471672,75
312808,5.8296676,9
312828,1.7516668,5
312836,2.3329997,9
312844,0.8036667,11
312848,27.345,5
312872,27.049,7
312904,1.696,8
312928,15.436668,20
312940,8.509666,9
312964,28.826332,9
313004,2.8399997,10
313008,12.202335,17
313020,27.432,46
313028,-0.15799975,6
313044,40.316998,61
313052,30.063667,11
313056,2.2363336,9
313080,1.9990003,7
313084,5.385667,7
313100,26.951668,5
313108,37.993332,20
313140,5.344666,14
313152,14.885667,27
313152,31.654333,13
313180,34.259335,18
313188,5.126333,9
313204,33.81433,13
313208,9.688999,17
313224,1.6216667,5
313272,11.557002,21
313288,34.02667,20
313328,34.59567,37
313336,0.30733335,12
313344,18.776,18
313356,0.78233325,7
313396,4.2133336,10
313424,-0.011000156,7
313424,15.307335,22
313452,2.5890002,27
313452,44.165665,57
313460,7.409668,9
313484,1.3626668,8
313496,4.9769998,11
313504,6.893667,11
313536,11.874336,13
313564,14.852333,17
313572,27.802334,37
313592,27.485,5
313620,16.66367,21
313640,11.024,12
313652,1.4726669,8
313660,0.65166676,5
313672,3.671667,5
313680,28.598333,5
313692,-1.1450001,5
313712,25.404999,5
313712,48.967335,52
313732,29.887333,42
313748,1.3256674,17
313768,5.8929996,9
313768,9.434668,14
313820,-0.14733326,18
313828,7.143,29
313836,15.009002,17
313840,-0.44833332,5
313864,-3.5976667,7
313892,22.987003,31
313900,9.6396675,9
313900,4.205,15
313920,8.308333,5
313952,10.611667,15
313976,3.3953333,6
313988,5.4090004,17
314004,3.2823334,7
314020,28.616001,8
314028,24.44334,50
314044,20.445333,36
314048,1.549,7
314064,11.941668,15
314072,26.775665,7
314092,1.5189998,7
314104,10.113,19
314108,28.551666,15
314116,10.857001,11
314148,6.568,14
314156,7.3239985,12
314168,-0.10833347,5
314180,10.573003,19
314200,0.95366716,11
314208,30.186666,10
314212,40.114666,24
314248,29.923,9
314264,10.685332,16
314268,8.135,15
314272,15.987669,23
314288,4.735,5
314312,10.768665,16
314328,34.52133,14
314348,9.558334,15
314368,10.38,10
314376,37.458668,16
314388,1.8683333,5
314404,20.654997,35
314412,3.0486667,6
314416,7.74,10
314420,13.412668,18
314472,35.072334,17
314480,10.439002,17
314516,11.561335,24
314520,34.624,12
314524,0.8136666,11
314568,4.354334,13
314572,31.454334,13
314572,32.150665,12
314604,2.2896667,9
314632,6.0350003,15
314640,6.2889996,17
314732,33.36966,79
314792,22.762669,38
314820,28.474665,54
314824,38.069347,48
314840,0.7516667,5
314844,2.2516665,5
314868,27.848999,7
314876,18.083668,21
314888,29.02633,39
314916,39.46267,18
314916,1.2900004,10
314924,-3.5636666,9
314940,34.886,18
314952,4.262334,7
314964,31.047333,12
314984,4.7356663,17
314984,5.3259993,8
314984,8.190333,11
315004,0.20499992,5
315016,7.674333,13
315024,28.946667,10
315048,7.775333,16
315052,3.3490002,7
315064,11.275001,15
315100,7.1896663,9
315104,2.4710002,13
315104,5.334,22
315160,2.7346668,14
315168,0.79233336,17
315196,-0.05433333,7
315204,0.9236667,11
315208,12.798666,26
315216,24.244999,5
315244,59.686333,49
315248,2.8660002,8
315268,26.018333,5
315308,18.671669,25
315320,34.821,13
315344,2.326333,9
315364,23.496668,30
315364,1.7450001,5
315384,38.38533,16
315404,34.20666,50
315412,5.059,7
315444,1.0093334,8
315464,14.601667,25
315472,8.692334,7
315484,11.716668,20
315492,1.5116668,5
315500,18.898,34
315516,1.3886666,6
315536,2.128333,5
315564,10.145334,16
315564,3.8523333,7
315564,7.3299994,20
315584,27.785,5
315616,4.874333,13
315640,12.939668,19
315688,4.1193333,18
315716,6.206333,19
315720,58.43466,64
315732,4.567,11
315752,39.99066,42
315784,9.061001,13
315804,15.070668,22
315836,16.376333,29
315880,23.263996,32
315900,2.2849998,5
315908,18.012003,26
315920,-2.3216667,5
315936,29.139332,38
315976,2.8633332,10
315976,0.73233354,17
315984,27.845661,37
315988,40.895668,17
316024,29.484,12
316024,33.532997,9
316028,1.3943334,13
316044,3.2450001,5
316072,-0.4843334,7
316080,12.864334,13
316108,48.07367,31
316116,2.0996666,9
316128,27.918333,5
316144,27.549,7
316180,6.8156667,27
316184,45.896667,40
316204,2.395,5
316244,17.981668,25
316248,9.382334,17
316252,8.117334,12
316264,45.234665,34
316288,5.9366665,10
316304,6.524334,13
316308,1.585,5
316312,35.539,17
316336,6.585333,6
316372,3.6163328,9
316404,4.4049997,35
316416,35.443665,11
316424,12.406333,29
316444,26.551666,5
316460,4.577,11
316464,26.071667,5
316476,6.672667,18
316480,1.2649999,5
316500,40.113003,49
316508,27.396,8
316524,32.785,15
316528,3.2683334,5
316528,8.240667,12
316544,4.228333,5
316548,2.9783337,5
316556,25.785667,7
316580,17.996668,20
316592,5.9696665,9
316592,30.750334,11
316644,4.664334,13
316680,3.843,9
316692,10.115667,37
316704,21.653667,31
316708,3.1123333,7
316724,-1.1240001,8
316744,27.851665,5
316748,21.192997,39
316764,9.545,15
316776,9.199001,7
316784,24.685,5
316804,14.255002,15
316860,15.3236685,21
316892,2.586,8
316900,27.216002,48
316920,28.558334,5
316936,50.55767,33
316956,10.887667,43
316984,8.877334,12
317016,11.934669,24
317024,37.955666,17
317048,8.605333,16
317052,30.415665,7
317060,20.434002,42
317068,-1.5383334,5
317088,28.289,7
317100,-1.6360002,12
317136,2.9496665,9
317144,3.9663336,19
317164,-0.84833324,5
317184,-0.71500003,5
317192,1.138,14
317200,20.475332,46
317208,1.1186666,6
317240,27.526667,10
317252,7.0383334,15
317260,4.1016665,5
317276,12.015667,47
317280,26.505001,5
317284,10.226333,19
317300,5.8283334,5
317304,-1.1316667,5
317312,29.083,9
317344,4.592666,8
317356,6.6543336,13
317364,41.232666,28
317384,3.6723337,7
317384,-1.325,5
317404,10.478666,26
317408,4.085333,16
317436,6.8926663,8
317444,9.508335,15
317452,6.8903337,11
317472,0.80233324,7
317528,16.782001,36
317528,37.326332,19
317556,31.049,7
317580,1.8776662,13
317588,26.422667,8
317604,19.49767,33
317612,19.238,44
317620,6.5366664,10
317640,-1.1283331,5
317652,11.242002,16
317668,4.719,7
317704,0.6243336,13
317736,37.575665,17
317752,1.7473334,12
317772,0.16499996,5
317772,29.353336,40
317796,0.12866688,6
317800,37.262,16
317820,-0.5516666,5
317824,11.901001,13
317844,11.500668,12
317876,72.915985,68
317884,6.186667,10
317888,-0.15466714,16
317912,3.762333,7
317920,29.443666,11
317924,38.555336,26
317924,7.439667,9
317932,26.631666,5
317940,3.6816666,5
317948,2.7786665,6
317968,28.255667,7
317996,6.6039996,12
317996,35.215332,16
318048,13.264335,13
318052,19.61367,21
318068,6.306,18
318080,-1.1776667,7
318084,7.0429993,9
318088,25.978333,5
318112,-0.41433334,7
318128,27.893671,51
318128,27.550667,12
318168,5.7933335,10
318172,10.960334,11
318188,4.059667,19
318204,5.4030004,9
318216,23.824,32
318216,29.689,7
318236,26.709333,8
318240,25.132,6
318248,43.69967,19
318260,-0.03300023,11
318268,3.6156666,7
318280,-1.2449999,5
318300,27.091667,5
318304,10.624668,14
318312,2.7936668,11
318324,25.925333,6
318332,1.7116668,5
318336,8.266,8
318348,13.402668,28
318368,-0.33833325,5
318384,13.301,13
318388,27.625,5
318404,1.0550001,5
318420,33.55133,24
318424,15.9173355,22
318432,5.8869996,11
318440,26.191666,5
318456,8.277667,13
318476,8.113001,9
318484,28.029,7
318504,0.44499993,5
318508,14.879669,19
318544,3.016667,10
318576,10.352333,17
318612,-1.5803334,9
318620,45.10533,36
318652,39.025665,57
318668,16.740335,31
318684,10.651999,16
318704,3.868333,5
318708,8.976667,10
318720,48.30567,27
318736,4.3056664,7
318760,8.794667,14
318768,6.5506673,12
318792,-0.5506667,8
318812,18.936665,40
318820,33.734337,13
318828,29.686333,9
318860,4.3799996,10
318864,51.90067,32
318912,32.367332,12
318916,13.074001,22
318916,6.1579995,14
318920,14.485666,27
318952,8.739667,9
318980,11.929001,17
318992,-1.0466666,10
319024,7.823667,11
319028,32.013,9
319036,30.570002,30
319048,3.4616668,5
319052,30.402332,7
319056,-1.2416667,5
319088,9.513333,10
319092,28.919666,9
319108,26.998333,5
319156,8.388668,16
319180,13.079335,18
319216,9.768336,15
319220,4.3166666,10
319224,74.39866,76
319248,1.7856666,7
319272,21.925,55
319272,11.548001,14
319308,4.3636665,21
319308,4.286333,9
319332,10.478335,15
319352,35.590332,11
319364,0.8759999,8
319380,3.6856668,7
319400,26.999336,38
319432,5.939333,8
319440,8.377666,33
319460,3.4989998,7
319484,41.898666,26
319500,23.667997,34
319560,32.843002,19
319576,18.709663,29
319604,2.129,7
319604,31.136995,41
319624,24.445,5
319624,1.7616665,5
319644,1.4416667,5
319648,17.475666,37
319660,8.671667,25
319672,1.5656664,7
319676,2.4656668,7
319680,2.5916665,5
319700,5.012333,7
319752,16.794003,32
319796,14.938001,24
319812,24.201332,34
319832,31.193,9
319836,18.14967,39
319840,11.817334,22
319864,8.844336,13
319888,30.868,14
319928,6.21,10
319960,26.453663,31
319976,11.332665,28
319980,4.760999,13
319988,43.72567,37
320008,5.440666,12
320016,3.3023334,7
320032,4.437667,13
320032,9.724668,14
320052,4.2883334,5
320052,28.198334,5
320080,2.1756668,7
320084,38.75567,17
320092,4.29,10
320108,4.8356667,7
320112,25.325,5
320140,3.7089999,7
320184,29.85134,44
320188,34.16,20
320212,9.2560005,18
320236,53.459328,38
320280,4.370333,11
320280,9.161335,24
320300,-1.4849999,5
320308,13.291332,24
320348,11.377334,12
320368,8.904,22
320384,45.41967,49
320388,15.033331,20
320396,2.515667,7
320404,2.935,5
320420,11.319335,18
320452,35.292,16
320460,36.805336,16
320480,2.1183333,5
320516,10.525334,16
320548,20.847338,32
320552,51.082336,37
320572,10.531334,14
320592,38.729332,28
320608,3.6513338,14
320612,37.735336,16
320616,4.587,11
320628,32.316334,9
320632,2.5986667,6
320632,26.904999,5
320668,6.551,13
320668,28.609667,9
320668,-0.42700005,9
320696,2.2156668,7
320724,28.138,14
320752,6.5056667,7
320764,41.194668,24
320768,17.261671,35
320788,25.064999,5
320808,14.796001,28
320816,2.5653334,16
320828,3.345,5
320836,0.31166673,5
320860,32.952667,18
320916,7.943333,20
320936,0.9516666,5
320956,19.294668,24
320984,1.7356668,7
320992,4.0646667,14
321012,27.254,62
321020,0.92566645,7
321048,0.6686665,16
321048,37.498325,55
321076,12.841333,14
321076,2.6023335,7
321084,33.952667,18
321096,0.38833344,5
321148,17.108332,25
321156,8.211668,15
321164,37.037334,22
321172,10.537334,22
321212,34.014668,14
321216,30.787,11
321252,6.364001,22
321256,9.346668,10
321284,6.012334,7
321292,4.883333,20
321312,2.009,7
321340,10.750669,22
321340,28.332333,7
321360,0.86833346,5
321376,63.399002,57
321400,4.5650005,15
321432,7.006,8
321444,3.4669993,21
321484,9.411,13
321492,9.547335,12
321496,26.786999,51
321520,29.186333,9
321532,28.546333,9
321536,-3.2896667,11
321556,6.996333,9
321560,5.669,7
321564,27.995667,7
321580,44.51367,51
321588,6.099,7
321592,0.40566683,7
321612,1.3953333,6
321612,2.855,5
321624,11.098998,17
321648,7.785667,17
321652,3.8366668,10
321652,9.803333,10
321676,0.65200007,6
321676,24.758667,6
321676,36.147667,13
321692,7.853667,11
321696,27.244999,5
321720,26.680332,11
321772,18.528002,24
321784,11.587333,22
321804,42.039337,28
321812,39.891,23
321828,7.567,11
321880,31.596333,19
321880,3.9843335,13
321900,4.0350003,5
321904,10.630999,33
321920,-0.35833323,5
321924,7.1636667,11
321960,2.759667,9
321988,1.249,7
322020,20.028336,25
322032,3.0736666,11
322036,20.671997,56
322040,-0.40499997,5
322072,-0.8670002,9
322084,29.910332,11
322104,28.496,8
322136,29.065998,58
322136,9.264334,13
322200,17.354,42
322204,47.658333,25
322220,27.125,5
322240,10.542002,26
322248,12.082669,28
322256,3.327666,13
322260,2.125,5
322268,1.2116668,5
322296,12.949669,19
322296,1.5523336,7
322300,7.3569994,11
322324,30.162333,7
322328,27.415667,7
322344,12.026997,21
322344,0.45833325,5
322364,1.5116667,5
322380,2.8163333,9
322388,9.481667,15
322420,18.407005,31
322424,29.599667,9
322424,8.313666,11
322436,-3.0939999,18
322456,4.261667,5
322456,29.322666,8
322464,4.4903336,11
322484,4.365667,7
322492,3.3189998,17
322520,11.934667,14
322540,27.198334,5
322540,5.921334,14
322552,34.06167,15
322592,10.254335,13
322600,29.897333,12
322616,18.173336,40
322628,28.809666,9
322644,14.512001,26
322648,28.716,8
322672,6.6036663,11
322672,-0.6309999,7
322720,7.172667,18
322740,21.852333,17
322784,9.411999,16
322792,14.803331,30
322804,34.647003,51
322808,7.932334,17
322888,9.580334,21
322892,46.435005,25
322908,24.551666,5
322936,-1.3476666,7
322936,7.4303336,11
322948,22.621668,35
322956,2.0383334,5
322980,7.8893337,8
322988,6.097666,13
322992,3.633,9
323012,44.86233,57
323036,9.391334,14
323040,32.424,12
323040,24.455666,7
323060,26.111668,5
323060,1.9183335,5
323072,10.610334,21
323092,-0.2349999,5
323104,3.0203335,11
323136,30.342667,8
323136,13.806335,19
323140,37.845337,26
323148,11.401333,14
323168,29.025665,7
323168,26.571667,5
323172,-0.40699983,9
323208,17.802668,18
323224,37.188004,14
323244,-0.2936666,9
323268,29.930332,11
323276,4.612666,8
323284,24.539663,29
323308,1.7633332,10
323312,4.895666,7
323344,2.0996666,9
323356,6.223666,11
323360,37.063667,21
323400,32.114666,14
323416,4.918001,14
323428,28.444668,64
323436,26.358334,5
323440,20.793669,21
323464,27.049,7
323468,5.6356664,7
323484,-0.47833335,5
323488,12.135,15
323488,2.9883337,5
323504,26.111668,5
323532,2.717,11
323532,0.43233323,7
323600,3.979333,28
323604,36.50366,51
323612,12.573335,20
323624,26.691666,5
323632,26.598333,5
323684,9.0216675,15
323704,37.086,18
323736,69.72367,51
323764,58.163666,41
323784,0.4706664,12
323800,4.073,9
323800,14.504667,24
323804,1.6950002,5
323820,12.391334,34
323836,26.612999,9
323848,32.123665,11
323856,10.864669,14
323856,4.181667,5
323872,26.965334,6
323888,5.2626667,8
323900,5.0603333,11
323916,7.2856665,7
323924,8.864334,13
323928,49.605667,27
323952,29.851,13
323952,3.362333,7
323972,5.1003337,11
323972,4.7246666,14
323992,-0.88166666,5
324008,36.561333,14
324008,7.3880005,14
324028,4.149667,9
324036,30.411999,16
324060,33.697666,13
324064,1.8230002,9
324076,37.729,17
324088,3.5143337,13
324104,0.53900003,7
324148,20.257,21
324160,10.906,18
324196,11.997669,23
324220,2.5519998,6
324224,36.642,16
324236,33.957333,22
324240,28.638332,5
324248,21.515663,47
324292,6.6136675,11
324300,8.478667,16
324320,3.535,5
324328,32.779667,9
324352,29.247332,32
324372,6.8570004,11
324432,21.73933,28
324448,10.816334,19
324460,27.842333,7
324488,27.22,10
324504,0.6103333,11
324508,70.60567,67
324508,26.818333,5
324516,16.763668,41
324596,43.89733,22
324656,49.355995,38
324668,56.513336,40
324696,11.906667,10
324708,6.759333,28
324744,31.768995,57
324748,7.426667,20
324764,8.738998,17
324784,25.711666,5
324796,3.9573328,12
324804,3.5283332,5
324816,25.925,5
324820,2.8393335,28
324824,2.0549998,5
324836,40.19767,23
324856,26.058334,5
324856,6.029666,9
324868,15.551002,13
324876,3.1910002,13
324924,32.977333,12
324932,10.215334,16
324952,14.098001,24
324964,29.24,10
324992,2.285667,7
325000,57.13533,36
325020,29.118334,5
325020,11.667333,22
325056,12.702,26
325068,4.377333,12
325080,12.760667,22
325084,-2.2443333,7
325104,0.058333397,5
325120,24.091665,25
325132,38.215332,16
325140,9.5650015,15
325156,38.794334,13
325164,29.487,11
325188,1.3293335,8
325204,33.439335,18
325216,6.314333,13
325232,33.513668,11
325252,-0.947,9
325288,3.6179996,14
325300,2.9606667,12
325312,28.550997,43
325356,13.789333,38
325356,4.2089996,17
325380,37.05567,17
325384,1.469,7
325412,19.869335,28
325416,2.3450003,15
325432,-0.75833327,5
325444,8.978667,16
325464,8.632667,8
325492,30.284,12
325540,34.299664,39
325548,53.79766,33
325560,16.381332,24
325576,27.073,9
325620,12.938335,15
325628,32.014336,13
325628,7.4366665,20
325652,-1.3113333,6
325664,22.480997,43
325676,12.6813345,14
325684,0.78600013,8
325692,10.558666,16
325704,28.042334,7
325720,5.4156666,7
325732,10.270667,12
325732,0.21566677,7
325756,17.014334,23
325784,36.958664,16
325788,28.816,8
325828,14.438002,24
325848,5.475,5
325852,21.720001,30
325868,28.404999,5
325876,17.637669,23
325880,29.855667,7
325916,5.303999,12
325920,5.7366657,10
325944,11.532333,17
325956,1.7363334,9
325992,10.126334,19
326012,7.221334,14
326052,1.956667,10
326068,46.433666,31
326072,42.5,20
326100,1.1990001,7
326128,5.478333,15
326132,4.5393333,8
326148,25.078333,5
326160,26.435665,7
326160,56.81435,93
326180,26.136,8
326184,26.238667,6
326188,50.344666,34
326208,6.809,7
326212,-1.1446667,6
326252,30.477,11
326264,41.685333,26
326280,8.401334,24
326292,2.329,7
326300,-1.6350001,5
326312,40.43833,25
326320,-0.4943334,7
326344,0.94266665,8
326348,1.5423332,7
326364,36.565334,16
326372,15.009998,30
326392,35.25033,11
326392,2.5916662,5
326396,31.467667,13
326412,27.978333,5
326412,5.3239994,12
326416,-0.9849999,5
326428,0.65966654,9
326436,1.9420002,6
326460,30.056,8
326476,6.2616677,15
326480,27.631666,5
326492,7.6146665,14
326500,5.2886662,6
326508,34.451332,24
326512,10.896001,8
326540,-0.651,7
326540,28.28,10
326568,9.012334,7
326576,16.933666,21
326608,8.3323345,17
326608,1.9233334,10
326632,8.291333,14
326652,29.158669,36
326660,8.644333,13
326664,4.669333,8
326684,26.638332,5
326708,31.588001,14
326732,26.045334,6
326752,27.825,5
326788,23.304005,32
326800,50.156002,48
326816,14.782002,16
326832,6.5236664,11
326848,20.116999,41
326856,28.378666,6
326876,26.295666,7
326900,5.7836666,21
326908,1.226,8
326928,2.562333,7
326936,27.469,7
326956,6.355,5
326960,0.39600015,8
326976,26.891666,5
326984,24.722004,46
326988,2.5289998,7
326988,11.054336,33
327008,-0.29166675,5
327028,3.6016667,5
327036,8.835001,15
327052,2.248667,16
327072,30.086332,9
327080,15.491337,24
327120,7.1209993,23
327124,4.4609995,13
327128,9.376335,19
327132,6.9510007,13
327152,2.8356667,7
327160,5.0189996,7
327200,8.936667,20
327212,4.357666,13
327220,-0.45500004,5
327224,10.232667,18
327232,0.19499993,5
327264,2.316,8
327292,29.168999,7
327316,40.784332,23
327344,60.671333,54
327352,5.2976665,33
327352,3.9016669,15
327380,29.235666,7
327388,3.0629997,9
327412,11.165667,17
327416,-0.19366671,9
327424,12.255669,27
327432,0.10033333,11
327452,25.275665,7
327476,16.388668,16
327476,25.805332,6
327504,1.1123335,7
327524,12.369003,27
327544,45.486,28
327564,-0.8916668,5
327580,7.693001,19
327584,14.615001,15
327596,2.9059997,8
327604,1.8650001,5
327608,13.891,33
327624,5.135667,7
327628,26.585,5
327640,3.596333,9
327652,10.719335,18
327656,4.359,7
327660,-2.465,5
327684,17.045,15
327688,3.1863334,9
327700,32.656998,11
327708,-1.8283333,5
327724,11.888668,16
327732,28.649334,8
327744,6.5749993,15
327744,4.0496664,9
327760,30.875668,7
327792,4.7073336,12
327804,8.121667,15
327824,28.098333,5
327828,6.342334,17
327848,0.91833323,5
327856,28.762667,8
327868,-1.4916667,5
327872,15.603335,20
327892,0.6253332,6
327920,11.355335,16
327924,53.309998,50
327932,5.7516665,15
327960,2.5223334,7
327980,13.851666,15
327992,5.4259996,8
328040,33.931667,15
328060,48.784,42
328068,6.125667,7
328080,3.3149998,5
328092,26.185333,6
328100,26.451668,5
328108,20.393002,29
328128,0.5530001,9
328128,0.37499976,5
328148,2.0249999,5
328156,36.402664,58
328188,37.067337,22
328192,2.9330006,9
328228,30.133333,10
328248,2.6983333,5
328252,11.955334,26
328272,2.6120002,6
328300,3.1623333,7
328324,13.571001,33
328332,41.37034,51
328352,35.534332,13
328356,8.412001,26
328392,4.679666,9
328400,15.046333,19
328420,1.5723339,7
328428,7.476333,19
328468,14.368,34
328504,14.455335,26
328512,10.107,11
328520,14.511667,25
328524,8.878,24
328540,2.6216664,5
328544,26.678333,5
328556,6.337667,13
328576,27.175999,8
328608,27.816,8
328624,46.32267,28
328644,5.523,9
328644,43.56067,22
328648,11.439,27
328668,27.071667,5
328700,10.089666,19
328700,29.521334,14
328708,4.806667,10
328724,25.958666,6
328732,39.364,22
328740,4.789333,8
328764,35.305336,16
328768,5.493667,11
328800,31.258333,15
328812,8.844001,12
328820,26.404999,5
328856,6.537,11
328864,4.306999,11
328884,19.266003,38
328936,36.647667,13
328948,-2.3596668,21
328968,2.045,5
328988,41.805004,55
328996,28.209,7
329016,29.81667,40
329016,3.019,7
329016,4.731666,5
329020,7.2070003,21
329044,3.6290002,7
329044,7.1453333,6
329048,29.649334,8
329060,29.420334,11
329064,-1.2916667,5
329068,0.11166668,5
329092,2.8240004,12
329100,1.4096667,9
329132,31.218666,16
329208,43.263,29
329240,21.621668,45
329244,2.306333,9
329272,27.015667,7
329272,25.604328,43
329300,27.942333,7
329304,10.252001,16
329320,0.97833323,5
329344,21.801004,53
329356,34.694336,13
329364,9.193666,11
329376,18.442003,26
329388,0.27600002,8
329408,3.089333,8
329432,7.0290003,17
329436,11.284332,23
329484,2.1276667,13
329492,8.353666,21
329508,50.543327,30
329512,27.769,7
329572,7.936667,20
329584,10.459334,18
329612,42.531998,26
329628,8.044668,14
329632,-2.5383334,5
329636,36.299988,50
329676,26.760334,11
329700,44.42633,29
329700,9.402668,18
329760,44.217003,21
329780,1.1883335,5
329808,41.292336,27
329812,53.499336,28
329836,37.168,14
329836,41.469997,50
329844,4.869667,9
329856,4.007,11
329876,5.8699994,10
329880,31.310333,11
329892,4.6106663,12
329920,7.940333,11
329920,39.382004,16
329940,-1.5450001,5
329948,-2.5076666,7
329948,7.421333,14
329956,39.559666,19
329960,26.638332,5
329968,0.59833336,5
330004,7.123667,11
330004,32.47467,14
330024,25.918333,5
330032,-0.71766675,7
330048,12.817665,23
330076,-0.20099998,7
330096,2.125,5
330100,10.614334,33
330120,0.65166664,5
330156,1.9583328,15
330164,5.7369995,11
330184,3.0916667,5
330212,-0.3776666,7
330220,3.762,16
330256,14.975338,56
330304,47.813328,70
330316,7.1179996,24
330324,3.8883333,5
330344,2.8816667,5
330348,9.127665,23
330376,2.3916657,15
330376,2.5793335,8
330420,5.693666,11
330432,12.151335,14
330448,25.192333,7
330452,27.118332,5
330488,7.633333,10
330496,52.506992,71
330516,5.042,16
330544,11.854,12
330552,30.510338,51
330576,9.757333,22
330576,1.9226665,8
330624,32.970665,12
330624,40.309002,27
330632,13.456667,20
330652,2.555667,7
330672,8.971333,24
330672,2.6940002,12
330708,15.446333,19
330736,11.795335,16
330736,0.72899985,7
330756,0.4416666,5
330760,17.474,22
330784,6.0940003,12
330784,12.6376705,33
330784,4.6356664,7
330840,6.264667,14
330840,13.333335,20
330884,3.8836665,11
330896,11.564669,14
330912,29.057333,32
330932,7.3630004,9
330980,38.104668,24
330984,4.164333,13
330996,72.85766,53
331020,5.446333,9
331028,42.783005,29
331028,8.7073345,12
331084,2.6613333,14
331100,24.378666,26
331108,16.793335,20
331120,38.895,25
331128,-2.8216667,5
331152,37.301003,13
331172,27.591667,5
331172,4.3843327,13
331200,27.872334,7
331216,33.883667,11
331244,3.5723333,7
331256,33.701,43
331264,13.8220005,16
331280,30.293,9
331284,2.5183334,5
331288,-0.007333368,8
331304,26.205,5
331324,25.751667,5
331372,20.637665,23
331420,41.594666,24
331420,77.59434,73
331444,48.113,39
331468,29.411999,6
331492,22.836666,30
331512,3.211,23
331512,42.47767,23
331532,34.69867,16
331536,0.5286667,6
331580,31.637001,11
331588,8.449669,19
331608,2.0123334,7
331608,-1.3116667,5
331616,17.220333,31
331636,16.998669,26
331644,5.569,7
331660,2.8443332,13
331672,8.935334,16
331676,3.6160002,8
331688,25.445667,7
331700,-0.5246668,6
331732,27.229334,8
331788,13.391668,25
331800,3.5789995,17
331812,0.5353334,6
331828,0.36233354,7
331872,2.007,11
331904,32.03266,58
331908,16.378004,24
331948,91.86267,78
331968,14.731336,24
331972,2.7523336,17
332024,29.834333,13
332040,18.884333,23
332068,3.6869998,11
332100,30.036,8
332120,4.5550003,5
332152,20.639334,28
332172,36.041,13
332188,58.626667,70
332208,3.361667,5
332236,8.6536665,21
332256,80.743996,72
332276,1.345,5
332288,32.711,13
332296,-2.3583333,5
332320,51.425667,37
332328,4.926667,10
332340,4.1483335,5
332348,27.051664,35
332376,1.7463334,9
332384,6.560666,22
332388,33.841667,15
332436,19.440668,22
332480,48.905334,26
332500,50.14267,28
332504,2.9256663,17
332524,29.088335,35
332528,8.947333,12
332528,4.809,7
332596,13.949001,17
332616,40.487335,22
332628,-1.0940003,8
332648,6.202667,8
332652,24.877335,32
332652,25.729002,37
332668,3.7416668,5
332672,2.5683334,5
332696,14.685666,17
332748,17.423002,19
332748,11.356667,20
332752,7.1813335,14
332768,-0.3316666,5
332772,-0.41166663,5
332788,30.223333,10
332828,4.2799997,10
332836,9.385668,17
332848,1.7650001,5
332912,13.316336,19
332916,34.292336,17
332948,-0.02033341,9
332956,0.38666677,10
332988,8.053333,10
333044,38.025993,68
333048,37.205,15
333060,25.055336,26
333080,5.996333,9
333080,24.918333,5
333084,58.719345,108
333104,26.198666,6
333132,5.595667,7
333172,34.237335,22
333192,7.9916673,15
333232,4.078334,15
333252,30.544998,15
333252,37.16367,51
333280,26.655666,7
333328,13.066334,19
333336,10.528002,14
333344,14.879336,28
333348,5.501667,5
333368,-0.445,5
333368,3.379333,8
333388,27.105,5
333408,68.170654,82
333412,26.678665,6
333412,6.973666,11
333432,0.27166665,5
333448,12.982004,26
333456,11.840334,11
333468,29.898335,15
333508,5.773,19
333512,4.0403337,11
333544,9.496334,9
333564,25.011665,5
333564,50.87233,27
333576,0.435333,16
333584,26.744999,5
333616,7.1399994,10
333620,25.471,43
333628,5.1069994,11
333640,1.1783335,5
333672,4.5980005,14
333672,11.400333,11
333692,50.42733,32
333724,6.4843335,13
333728,47.284,22
333736,8.017001,11
333744,8.572667,18
333788,31.858667,16
333824,8.259668,9
333824,7.971333,24
333836,45.475,25
333844,42.801666,25
333856,-0.45500004,5
333880,0.8196668,9
333900,29.657,11
333904,20.493332,20
333928,3.8256664,7
333932,9.434336,13
333936,28.389332,8
333964,3.0896668,9
333968,52.428665,36
334000,6.8956666,17
334000,28.382668,8
334020,33.23033,21
334020,14.208,14
334028,4.7323337,7
334056,30.022333,7
334088,2.089333,8
334104,42.942,26
334124,12.722001,26
334128,8.719001,27
334144,4.8833337,10
334172,38.97033,21
334184,36.554665,14
334212,6.648999,17
334244,11.692667,18
334244,5.485,15
334264,27.438334,5
334280,11.763001,39
334300,4.283,9
334328,19.586336,29
334352,42.27567,27
334372,3.5116665,5
334388,12.135668,27
334392,27.871666,5
334412,33.137,21
334448,30.579666,9
334452,52.056,38
334468,11.006335,19
334488,28.156334,9
334504,4.0246673,14
334504,0.6796669,9
334524,1.7616668,5
334540,25.742674,38
334544,3.31,10
334544,4.8446665,14
334604,13.178332,15
334620,7.0113335,24
334624,25.325,5
334648,0.90900016,7
334652,25.382332,7
334664,12.847004,31
334680,28.764662,34
334692,28.78,10
334692,0.577,11
334708,12.680335,11
334720,-1.4076667,7
334736,7.185667,7
334768,14.453001,19
334792,17.897999,14
334796,0.11899996,7
334816,22.464666,34
334840,40.076668,30
334864,4.7086663,6
334904,31.64,10
334920,21.778666,26
334944,20.642332,37
334968,9.522,16
334992,9.367333,12
334996,27.017,51
335012,1.8816668,5
335064,28.342,36
335100,12.278669,26
335144,34.677994,44
335156,17.668665,36
335168,1.9586668,6
335176,20.185997,28
335232,46.207664,33
335256,15.620669,22
335276,7.3469996,11
335336,39.646667,20
335340,31.848667,46
335356,1.4583333,5
335364,10.307332,22
335372,5.5793333,8
335392,2.309,7
335412,57.88633,59
335432,1.6516666,5
335444,43.977333,22
335444,32.721,13
335480,-0.15699995,9
335548,33.365665,17
335568,25.811666,5
335592,41.07833,55
335612,3.2883334,5
335624,10.578,14
335636,25.278667,6
335648,32.334667,54
335656,-1.1616666,5
335704,9.638001,14
335704,4.444,12
335704,26.094992,65
335764,20.271667,35
335788,1.142,6
335800,19.371334,24
335828,11.76,10
335840,21.498003,34
335872,29.907,11
335876,1.4463332,9
335880,27.034664,44
335904,4.349001,7
335940,8.746334,9
335968,4.227332,22
335976,27.957998,44
335988,2.3016667,5
336012,7.212666,18
336016,44.661995,36
336036,25.938332,5
336044,4.9423323,17
336060,4.922667,18
336064,1.2716668,5
336080,5.4189997,17
336104,3.5933335,10
336128,35.284,12
336132,5.505667,7
336136,37.705,25
336176,3.2899995,10
336196,26.778332,5
336220,15.016668,40
336236,15.145334,26
336252,1.6226671,8
336260,15.904335,33
336260,5.5386662,16
336284,2.865333,6
336308,25.198666,6
336312,7.134333,13
336312,11.626333,19
336340,1.5090001,7
336344,13.727667,23
336348,4.463,9
336368,27.222332,7
336388,-0.68666625,20
336412,2.5836668,11
336416,37.289337,18
336424,2.933001,19
336436,6.870668,12
336464,1.5556667,7
336468,3.9013338,14
336472,10.827999,14
336500,6.9589996,7
336504,10.036669,20
336544,12.096333,19
336556,42.001003,23
336576,6.882666,18
336588,4.480333,11
336596,0.91833335,5
336624,3.0163329,9
336632,6.499667,19
336632,7.009667,9
336660,6.4656663,7
336660,29.289,7
336700,29.493332,10
336704,55.787003,51
336704,3.3836668,11
336724,9.735001,25
336728,-0.11799991,6
336780,7.4846663,14
336792,36.007668,23
336816,7.136333,9
336820,40.78967,29
336880,17.640667,22
336888,54.163338,40
336904,13.773664,21
336904,18.227333,22
336920,27.079334,8
336924,6.0569997,11
336932,-1.0143332,7
336936,28.342667,8
336956,3.2693336,8
336964,3.069,7
336968,1.7863333,9
336996,33.096,8
337024,5.0356665,17
337032,32.099667,9
337084,7.667668,13
337112,14.971998,36
337116,28.329668,49
337136,3.6553333,6
337136,37.29933,28
337156,25.811666,5
337160,34.393,19
337176,28.61,10
337180,0.29499984,5
337192,5.7263336,9
337208,1.942333,7
337224,31.942667,8
337236,6.0490007,7
337276,32.237667,13
337276,36.908333,25
337300,11.742001,16
337312,2.5396667,9
337336,35.288334,15
337356,68.61999,60
337364,5.9723334,7
337380,12.306667,20
337388,13.366335,19
337424,6.8216667,15
337436,14.276667,20
337456,1.0149999,5
337512,41.573997,22
337548,14.286669,40
337564,12.462334,27
337576,24.819668,49
337592,12.100002,20
337596,8.372667,8
337620,3.1423335,7
337648,7.7076664,13
337656,8.533334,20
337688,26.862667,8
337708,0.44500005,5
337736,4.785667,7
337744,20.416996,31
337756,19.773994,52
337764,0.5623331,7
337784,45.438,34
337796,4.7143335,13
337804,7.3683333,5
337840,8.613667,11
337852,5.2473335,12
337868,1.089,7
337912,30.770332,11
337920,31.703672,41
337936,26.772,6
337952,0.26600003,8
337980,28.922333,7
337980,20.473999,32
338016,29.053,9
338088,77.48033,81
338108,24.10767,43
338116,5.2749987,25
338144,22.036999,41
338172,35.470333,21
338176,3.5760002,8
338184,15.026332,19
338196,26.758333,5
338208,2.263,9
338216,13.691667,25
338224,-0.06333327,10
338228,27.351665,5
338252,1.2956669,7
338260,3.9859998,8
338280,1.789,7
338296,12.620003,20
338308,0.63566685,7
338336,27.635666,7
338336,30.081665,35
338352,9.231334,14
338364,2.019,7
338380,27.429,7
338384,0.16499996,5
338408,28.635666,7
338452,11.577002,11
338456,34.562668,18
338484,23.311995,56
338488,40.786003,38
338508,29.991001,13
338516,6.2823334,7
338516,0.556,8
338536,1.1016666,5
338536,-1.6743333,7
338552,41.485,25
338564,5.345667,7
338564,6.1273336,12
338584,24.378334,5
338592,1.6623329,7
338604,27.754333,13
338620,2.3996668,9
338624,24.931667,5
338636,28.747,11
338652,2.7723334,7
338672,28.739666,9
338680,37.475002,15
338712,8.611667,15
338736,16.178001,14
338772,7.1850004,15
338788,37.17767,63
338792,18.106663,30
338840,7.607666,13
338844,7.634332,13
338844,15.395666,27
338868,-0.13133335,6
338896,9.584666,14
338948,6.4376664,13
338956,40.959335,28
338960,19.540998,23
339024,33.31867,16
339032,5.1503334,21
339032,44.164997,65
339052,26.498333,5
339060,15.265334,26
339100,18.639668,19
339104,8.332666,18
339128,6.3623323,7
339148,34.591335,24
339156,31.980999,13
339156,29.842333,7
339180,1.5153334,6
339196,49.134663,34
339216,7.7756667,17
339232,32.941,13
339272,11.918001,14
339276,13.3966675,20
339296,2.8416667,5
339296,23.161669,35
339324,16.08767,23
339340,35.842335,17
339344,3.275,5
339360,10.978668,16
339380,4.7396665,9
339388,10.777668,23
339404,6.760333,11
339416,8.503,19
339464,7.430666,12
339472,12.761002,23
339500,8.752666,28
339536,31.192,16
339544,2.463667,11
339552,12.257333,22
339572,32.149666,9
339592,27.605,5
339612,5.9416666,5
339624,12.662667,18
339644,-1.4983333,5
339664,39.518333,65
339684,37.295,35
339688,0.12699997,11
339708,3.1436663,11
339728,2.2936664,11
339732,20.013332,30
339784,5.824666,14
339808,19.186668,30
339820,18.689333,28
339836,2.0256667,7
339848,7.488667,16
339848,4.5989995,7
339868,-0.5450002,5
339888,-1.4416667,5
339888,38.021004,13
339888,31.513334,10
339912,1.482,6
339916,-2.0976667,7
339916,31.691994,46
339924,3.2829995,9
339944,29.942333,7
339948,-0.2836666,9
339968,1.9536669,11
339972,0.66900027,7
339980,11.272002,16
339992,26.918333,5
340012,10.302001,16
340032,6.93,10
340044,5.522666,8
340088,14.271335,14
340104,25.623669,31
340116,39.152664,18
340124,7.0830007,9
340124,-0.21499991,5
340180,4.618666,16
340184,8.285001,15
340184,24.801338,54
340200,25.485,5
340204,4.7483335,5
340228,7.2203345,11
340252,33.45067,12
340308,34.531334,14
340308,37.649002,27
340328,2.851667,5
340328,11.508337,25
340344,34.52166,55
340364,1.8316667,5
340368,34.731667,15
340404,12.406336,19
340404,12.033001,19
340432,6.568999,17
340440,0.24966669,9
340472,12.418668,26
340520,34.350666,12
340524,16.864336,23
340528,14.3773365,22
340556,2.9863327,9
340556,2.449,7
340600,30.946999,11
340640,19.880335,21
340672,18.375668,37
340672,7.2993336,18
340676,43.046,68
340712,5.6566668,10
340772,6.004999,15
340776,22.895334,26
340800,50.569996,40
340816,31.923668,11
340828,23.956003,38
340856,14.480001,20
340868,11.179001,17
340876,17.688334,15
340912,6.853667,11
340920,9.197666,23
340928,33.40767,13
340932,40.439667,19
340940,0.33833337,5
340948,29.473,9
340968,0.84299994,9
340984,30.047,11
340988,5.0649996,15
341004,-1.4836664,9
341024,9.820001,10
341024,2.3396664,19
341044,10.096668,10
341052,5.9389997,7
341060,33.979668,9
341088,28.075666,7
341136,11.477334,12
341164,46.412666,28
341204,5.5223336,17
341240,8.206334,19
341256,30.277666,13
341296,70.90566,77
341300,1.280334,11
341320,43.83,20
341340,8.553668,11
341344,5.8470006,11
341360,47.699654,79
341400,17.790003,20
341404,2.298667,16
341424,4.1419997,16
341452,4.765667,7
341456,3.8509998,13
341512,10.661667,15
341512,30.981335,14
341520,29.187994,44
341560,6.2940006,12
341560,32.043327,40
341576,7.365334,16
341588,3.2323334,7
341612,10.777667,13
341644,8.780332,31
341668,17.856667,20
341672,26.969,7
341680,8.3689995,17
341704,7.5629992,9
341704,1.7393332,8
341704,14.437333,32
341728,0.33533323,6
341732,27.862333,7
341732,3.2289996,7
341740,10.815002,15
341748,-1.5283332,5
341752,1.6250002,5
341776,31.533,9
341784,5.5910006,13
341792,2.7603333,11
341824,12.486002,18
341832,6.114666,14
341836,32.787003,11
341868,37.520332,21
341872,32.386333,9
341884,32.481003,13
341920,10.634001,12
341952,10.960667,32
341960,38.142998,19
341980,37.565002,15
341988,28.862333,7
341992,19.140335,31
342004,8.131,13
342016,29.932999,9
342024,4.386333,9
342048,4.489333,8
342068,26.411667,5
342088,4.7483335,5
342092,37.989,17
342104,6.029333,28
342112,1.065,5
342116,12.579334,28
342116,2.299,7
342124,-0.39499998,5
342132,26.625,5
342152,24.926332,9
342172,0.8283334,5
342180,9.961999,16
342204,0.296,8
342212,1.4493333,8
342228,1.9686668,26
342232,-0.7143334,7
342232,3.868333,5
342260,-1.3576667,7
342280,35.781,13
342284,-2.8213334,6
342284,0.19099987,13
342288,32.059666,39
342312,2.6756668,7
342316,26.668999,7
342316,5.289666,9
342332,27.431667,5
342336,1.4083335,5
342356,2.4249997,5
342388,35.794666,14
342408,22.250338,31
342440,30.297667,13
342452,7.818,24
342460,3.948333,5
342464,34.868,14
342484,1.5286665,6
342488,3.5486662,6
342496,-0.3729999,11
342504,27.708996,47
342516,0.012666702,8
342532,-1.0010002,7
342560,2.889,7
342572,13.483002,19
342580,1.3650002,5
342600,21.576002,28
342600,39.983665,21
342612,4.3133326,10
342632,3.8883328,5
342640,4.5866666,10
342652,4.4609995,13
342652,1.2116667,5
342660,28.505,5
342664,29.693665,21
342672,0.16166687,5
342676,4.6919994,6
342716,12.960334,11
342740,12.950001,20
342748,15.970333,21
342772,0.36533344,6
342776,41.851665,25
342804,13.487334,22
342808,28.199333,8
342820,16.533335,20
342828,6.3313327,14
342856,31.355667,7
342876,18.559,17
342892,43.414,22
342916,1.4366667,10
342916,1.5953333,6
342932,13.139332,28
342944,3.0890002,7
342956,7.4933343,10
342976,25.211666,5
343000,11.462,36
343004,4.5056667,7
343012,9.263334,20
343028,27.492332,7
343068,3.3033333,10
343092,43.033997,22
343100,16.676334,39
343104,9.014333,23
343152,20.733667,21
343172,10.916001,18
343176,40.042667,18
343180,12.210669,22
343216,34.217,11
343228,-0.6436666,19
343232,4.441,13
343252,4.1896667,9
343272,48.148,24
343272,4.510333,11
343292,-2.3283334,5
343308,0.51966655,9
343312,-0.21833348,5
343324,11.852667,18
343328,26.878334,5
343368,31.2,10
343384,27.636,38
343384,7.305,15
343400,38.427334,22
343416,6.117333,12
343428,-0.60766673,7
343448,40.302,16
343448,26.858334,5
343468,26.785,5
343508,32.235,15
343528,4.351667,15
343540,4.086,8
343544,26.000004,40
343556,28.445667,7
343560,22.02867,36
343588,1.4306667,12
343600,8.221332,14
343604,30.917,11
343616,-1.7176667,7
343620,4.061667,5
343624,26.265,5
343644,-2.6843333,7
343656,3.5326664,8
343680,-0.7346667,6
343684,5.9819994,16
343696,6.551001,13
343700,1.8383336,5
343720,3.2820003,6
343728,34.663666,11
343752,7.6776676,13
343772,40.71467,54
343832,11.868667,26
343832,14.195002,15
343852,25.911667,5
343856,12.382,26
343868,30.633,9
343896,5.453333,10
343908,19.569002,47
343920,1.8786666,6
343928,6.746333,19
343944,33.399666,19
343980,30.717667,13
343980,10.809668,9
344056,51.965675,37
344060,7.7733345,20
344064,19.317,21
344080,1.9253335,6
344088,28.522333,7
344104,22.398666,46
344116,34.107666,13
344120,3.9693332,8
344140,5.3596663,9
344152,3.7863336,9
344160,39.216667,20
344176,1.9896667,9
344188,4.5189996,17
344204,32.411,13
344208,30.597332,12
344232,31.093666,11
344244,3.8796663,9
344260,28.781334,14
344276,3.2316666,25
344288,-1.5876666,7
344316,31.493334,10
344320,16.476334,19
344324,6.529666,9
344352,10.343335,30
344360,2.0429997,9
344372,31.978,14
344372,3.2683332,5
344388,5.3489995,7
344392,10.652665,18
344400,28.495667,7
344412,2.5099995,10
344424,-0.7240002,8
344436,5.3539996,12
344440,4.8999996,10
344456,11.247002,11
344508,8.134334,13
344524,11.777334,22
344552,29.808998,7
344556,12.846334,29
344576,25.878666,6
344580,50.256332,39
344596,10.16,10
344596,8.887333,22
344612,6.623,9
344612,8.306002,8
344632,3.868333,5
344644,4.8273335,12
344644,29.216,8
344656,7.0383344,15
344676,2.0126665,8
344712,0.64633316,9
344736,15.337666,23
344768,12.114667,14
344768,46.791336,34
344780,1.2436659,11
344800,-0.5716667,5
344816,21.100002,40
344832,6.835333,16
344876,2.9950004,15
344880,1.4339998,12
344900,55.84767,33
344912,-1.4636666,9
344920,25.311666,5
344932,1.2449999,5
344952,0.2626667,8
344980,9.751667,25
344996,3.497,11
345012,11.900002,20
345040,1.0823333,7
345124,38.110336,21
345144,24.143665,41
345144,16.832338,37
345204,13.880001,20
345224,7.5033326,20
345224,10.883333,20
345228,63.079,107
345236,6.222666,8
345244,26.491667,5
345244,1.9383334,5
345264,3.5516667,5
345264,26.885,5
345284,3.2016666,5
345300,35.125336,16
345308,1.8786669,6
345328,13.148667,16
345340,2.3600001,10
345356,52.900665,32
345384,1.7446669,14
345412,10.559334,18
345416,46.009003,27
345416,32.665,15
345420,29.759666,9
345440,28.105,5
345448,4.476,8
345460,0.46700025,11
345472,3.4686666,6
345480,1.2416668,5
345484,-0.3996666,11
345512,26.369,7
345516,15.192002,26
345516,3.1496668,9
345548,6.859666,19
345568,0.13833332,5
345584,2.1723337,17
345592,40.636337,19
345612,8.770334,11
345628,11.2230015,29
345640,0.97566676,7
345648,4.8816667,5
345660,25.738333,5
345668,9.256335,19
345712,3.9486675,16
345720,5.054333,13
345728,3.6423335,17
345740,25.418333,5
345748,21.90033,41
345760,6.009333,8
345772,1.0753334,6
345788,1.7256668,7
345808,5.102333,17
345812,6.5699997,10
345844,5.2096667,9
345848,9.651669,15
345896,4.6010003,13
345900,4.0309997,13
345912,53.11666,50
345916,26.165,5
345920,6.462332,27
345920,5.061667,5
345944,3.0553334,6
345944,1.9223332,7
345948,2.9623337,7
345964,-1.375,5
345968,1.3613335,14
345988,25.378334,5
345988,5.33,10
346008,34.743668,11
346016,5.332666,18
346040,4.0426664,8
346064,9.503001,19
346068,33.95,20
346072,33.87467,14
346072,-0.22066653,8
346092,-0.43166673,5
346112,29.403334,10
346120,-1.3043333,7
346140,15.746,18
346184,30.948666,16
346248,29.375664,27
346260,28.595669,37
346296,34.070667,12
346316,1.0450001,5
346316,41.934338,63
346344,4.6223335,7
346368,5.997666,13
346392,7.190666,12
346396,22.211334,34
346452,8.864999,15
346500,20.614334,33
346504,24.405666,27
346516,13.635332,16
346524,-1.5116665,5
346528,45.375336,86
346548,1.3539999,12
346560,4.989667,9
346564,3.9806666,12
346592,4.0326667,8
346596,8.565668,17
346612,0.91499996,5
346628,7.648667,16
346632,9.33367,21
346644,9.224001,12
346700,13.317334,22
346704,7.253,19
346728,2.4623332,7
346740,21.977999,24
346752,29.472,6
346756,5.317666,13
346764,27.374334,33
346784,31.029333,8
346796,35.448,14
346820,36.41867,16
346840,15.456336,19
346896,14.418334,25
346904,12.293667,21
346908,20.740335,31
346932,28.209,7
346948,11.535668,27
346968,28.666332,9
346972,1.812,16
346976,0.5289998,7
346996,21.958332,25
347000,2.4756668,7
347004,-0.30433333,7
347024,6.395,5
347076,41.159664,19
347076,9.442335,27
347096,12.6083355,25
347108,4.1393337,8
347128,-2.445,5
347132,33.598,14
347176,1.0703335,11
347184,49.030666,22
347196,25.831665,5
347216,1.0483333,5
347220,37.914337,23
347260,31.290333,11
347268,11.520335,21
347284,6.6020007,16
347288,1.145,5
347304,-2.995,5
347304,34.360332,11
347380,5.2663326,19
347396,48.889,27
347396,87.981,93
347416,-0.14833331,5
347448,9.126,8
347476,30.369,7
347492,8.497999,24
347508,31.020329,51
347560,37.489,17
347568,41.599,47
347580,11.398666,26
347580,28.158333,5
347600,-1.8016667,5
347608,22.184998,25
347612,6.570333,11
347632,34.15767,13
347656,3.9536662,11
347696,35.157333,22
347716,3.775,5
347760,-0.082999945,11
347768,54.194,42
347788,25.637669,33
347796,12.066334,9
347800,39.553997,42
347868,43.091667,25
347876,12.000001,20
347896,-1.0616667,5
347900,22.982668,28
347956,7.7616663,15
347976,1.3183334,5
347988,42.09234,47
348004,2.8656664,7
348008,42.048996,27
348008,46.631668,35
348028,3.7616668,5
348048,32.637,11
348052,10.635335,16
348084,17.059668,19
348084,30.653,9
348096,4.923666,11
348144,18.726334,29
348184,-1.3826663,22
348188,25.658667,26
348200,29.018002,14
348212,0.84566677,7
348220,27.418333,5
348240,29.142334,7
348268,6.827333,12
348272,6.1626673,8
348288,59.607002,51
348292,27.485,5
348312,5.130333,11
348344,8.534334,13
348344,12.284668,14
348384,4.5233335,10
348384,14.322666,18
348404,25.238333,5
348420,34.889328,58
348432,27.775667,7
348464,23.449999,30
348472,4.564333,13
348476,3.9903333,11
348492,21.969002,27
348492,26.391666,5
348516,31.054333,13
348528,2.0696666,9
348596,13.798668,26
348608,15.034335,23
348616,25.898333,5
348620,14.541001,23
348636,5.5389996,7
348644,57.064003,42
348648,28.129333,8
348720,10.199333,18
348728,14.4903345,21
348732,16.899334,28
348748,-1.085,5
348752,2.0083332,5
348772,5.3616667,5
348792,6.172667,18
348808,2.1230001,9
348840,2.1360002,8
348856,52.63233,27
348904,10.572669,28
348920,7.8286676,16
348920,41.083664,71
348940,2.3983333,5
348948,0.022333145,7
348964,9.251668,15
348984,5.897,11
349020,26.831665,45
349028,12.536669,20
349040,30.434666,14
349056,18.444334,23
349076,-0.48366666,9
349088,4.3689995,17
349108,27.418333,5
349108,3.6793334,8
349128,0.6550002,5
349136,27.145666,7
349164,-1.2476666,7
349208,16.849333,38
349216,15.237335,22
349252,39.340668,22
349272,26.545,5
349288,73.13501,65
349300,15.3270035,21
349308,2.056333,9
349312,2.095333,6
349320,-1.1783333,5
349328,26.465,5
349332,27.577,31
349364,8.997,11
349396,3.1059997,8
349404,17.196001,18
349416,0.97500014,5
349436,1.1983331,5
349448,21.549995,30
349448,31.490334,11
349464,22.039333,38
349464,5.3789997,7
349504,3.8733332,10
349532,9.215667,7
349536,17.337334,22
349536,16.290667,22
349544,13.263335,20
349556,25.378334,5
349584,27.229,7
349588,5.5870004,11
349632,12.084669,24
349640,21.309002,27
349644,14.564667,14
349652,5.3883333,5
349680,41.841335,24
349712,34.465668,17
349752,4.726,18
349752,30.853333,10
349752,6.7883334,25
349772,26.138332,5
349776,6.0586667,6
349812,2.8683333,15
349824,34.33866,46
349852,33.10967,19
349880,25.472332,7
349900,1.205,5
349908,11.274668,24
349920,-0.27166665,5
349964,5.491333,14
349976,13.378001,14
350008,30.770332,11
350020,50.273003,49
350040,28.002666,8
350052,0.80933356,8
350072,25.791666,5
350076,5.5230002,9
350076,81.03865,76
350096,27.598333,5
350108,45.464333,33
350116,25.778332,5
350136,6.645667,7
350148,9.919668,19
350160,15.090335,21
350168,-0.1749999,5
350180,4.841667,5
350188,8.594334,13
350208,13.26,10
350216,6.5523334,7
350236,0.38899994,7
350252,27.289665,9
350272,7.234333,23
350284,15.967328,42
350288,5.8410006,13
350312,26.005333,6
350332,28.571667,5
350348,32.639668,19
350352,17.215,25
350368,-0.9250001,5
350376,30.257,11
350400,4.134,12
350400,-0.8413334,6
350416,9.491,33
350420,2.8883333,5
350460,7.0169992,11
350492,16.401003,23
350492,9.453667,31
350508,9.687335,12
350536,28.432333,7
350556,49.721333,34
350572,5.569667,9
350588,42.947998,24
350596,9.591997,26
350600,32.253666,11
350636,28.139668,9
350640,32.830334,11
350640,10.577666,13
350648,11.436334,19
350660,2.1916666,5
350672,30.859667,9
350676,2.469,7
350700,27.469,7
350716,40.529663,19
350728,30.800999,13
350740,27.218666,6
350748,14.837333,22
350748,5.5940003,12
350784,4.759667,9
350792,10.657666,13
350796,10.720667,12
350804,17.346334,19
350832,4.9633327,10
350844,29.753334,10
350848,31.537666,13
350864,3.306,8
350868,1.9083333,5
350876,15.990999,23
350944,21.378334,25
350976,39.169334,28
350980,15.816002,28
350980,3.0863333,9
350992,10.926334,29
351004,0.7190001,7
351028,8.094002,12
351032,4.277666,13
351060,27.335667,7
351068,1.2120001,16
351076,2.4840002,12
351096,27.389,7
351096,28.018333,5
351132,7.486,18
351144,20.386,38
351156,27.165333,6
351188,13.671001,23
351216,36.729332,18
351236,43.561665,35
351236,7.7806664,12
351260,0.66366696,11
351296,5.175,15
351344,10.363667,21
351360,58.40367,51
351368,4.932,6
351376,5.100001,20
351424,7.2706666,12
351436,15.3356695,17
351452,2.8823333,7
351472,26.071667,5
351512,21.05267,38
351516,6.740001,20
351516,9.840334,11
351528,62.36766,73
351544,3.8393333,8
351560,5.726,8
351572,15.041336,14
351588,27.795666,7
351592,10.316334,19
351608,-0.7383333,5
351612,28.933334,10
351636,14.617668,23
351644,4.4193335,8
351648,7.424667,14
351668,8.471669,15
351676,0.61566687,7
351696,30.582333,7
351708,6.192667,8
351712,7.1456666,17
351720,1.1053331,6
351740,1.7883334,5
351744,8.356,8
351764,14.060669,32
351776,6.649,17
351800,3.902,6
351820,10.199669,19
351848,0.7256665,7
351880,20.086334,29
351900,14.626669,40
351904,11.072002,26
351928,0.9890001,7
351976,33.312668,18
351980,7.634333,13
351988,14.428337,35
352004,25.420332,31
352036,8.770667,12
352056,1.7883334,5
352056,4.642999,19
352064,12.738335,15
352124,13.595669,17
352128,10.045999,38
352136,39.946667,20
352156,6.339334,8
352188,19.243666,31
352212,4.0753336,6
352232,46.348663,26
352236,11.948335,25
352264,1.9423332,7
352380,26.475334,56
352408,26.362333,7
352428,24.838333,5
352432,26.048325,55
352440,37.870663,52
352484,2.8536668,11
352488,34.261333,14
352492,11.448668,16
352508,2.3216667,5
352548,11.128668,16
352560,56.491325,74
352572,44.213333,20
352580,5.339333,8
352608,7.2229996,9
352636,3.0256665,7
352656,32.05633,19
352660,52.29934,38
352680,28.965,5
352692,30.243,9
352708,26.922333,7
352712,0.54166657,5
352728,13.117668,23
352732,1.2049999,5
352736,0.97233343,7
352760,26.585333,6
352780,2.195,5
352812,5.3100004,20
352816,73.158,64
352836,25.931667,5
352840,8.091666,15
352856,44.460667,32
352864,25.818666,6
352868,5.702667,8
352880,35.672333,17
352904,4.799667,9
352908,24.682333,7
352928,38.916,18
352928,26.211666,5
352948,26.678333,5
352948,25.845,5
352980,9.826332,19
353000,2.647667,13
353036,7.6879992,14
353052,38.47767,13
353068,0.9926667,8
353068,47.016663,30
353076,14.671001,53
353104,28.882332,7
353104,4.403,9
353112,30.050335,11
353168,8.728001,14
353172,46.226665,30
353224,5.0176663,13
353256,52.565994,38
353260,5.9663334,9
353276,-0.11500001,5
353280,13.169331,28
353300,-0.12833333,5
353300,30.763002,49
353308,5.186,8
353320,0.86833346,5
353332,27.369333,8
353360,8.627666,13
353364,11.867001,11
353376,7.837,11
353384,25.025333,6
353384,25.478333,5
353392,47.01433,33
353432,4.819999,10
353436,4.687666,13
353464,43.45067,22
353464,2.439,7
353484,2.0316668,5
353524,41.927666,23
353528,15.615335,16
353556,33.18933,18
353588,10.848668,16
353608,31.701998,56
353608,6.786666,20
353640,0.19933343,8
353640,6.5393333,8
353660,-0.9283334,5
353660,35.092667,18
353664,42.535667,27
353676,7.223,9
353684,4.4949994,5
353684,3.6353335,6
353688,29.369,7
353696,2.0983336,5
353704,25.931667,5
353724,3.5283332,5
353728,34.22,10
353760,10.395335,16
353804,20.61333,30
353832,13.358668,26
353880,13.113003,19
353908,66.06234,37
353912,10.716668,20
353932,2.6416667,5
353940,18.298004,54
353944,5.2886662,16
353968,11.615002,15
353968,7.3363347,9
353976,-1.0973333,8
353988,1.0616667,5
353996,29.415667,7
354036,19.738003,24
354064,-1.771,7
354064,13.876334,19
354072,39.214664,24
354076,10.566667,20
354092,25.642334,7
354128,38.31433,13
354160,5.648999,17
354196,19.577667,33
354204,5.1169996,11
354216,30.938667,36
354216,17.95733,22
354220,27.392,6
354240,1.3663332,9
354256,26.829666,9
354260,-0.16833341,5
354268,8.957666,13
354288,3.086,8
354300,6.582667,8
354308,5.148333,5
354320,1.4516668,5
354356,5.824,12
354360,10.138335,25
354392,10.882668,18
354392,33.589333,8
354404,9.640666,12
354424,-0.13166666,5
354436,-1.1863333,11
354436,26.824997,55
354456,-1.045,5
354472,2.1573331,12
354480,27.633667,11
354500,24.904999,5
354528,38.251335,34
354544,32.623665,11
354552,24.087997,24
354576,38.098667,26
354600,7.3746667,14
354612,37.21367,21
354620,31.630333,11
354628,-0.70766664,7
354628,12.529668,19
354648,27.702333,7
354660,6.050667,12
354688,16.378334,15
354688,3.4323332,7
354704,35.074665,14
354728,44.28167,25
354732,1.2223336,7
354732,3.1603334,11
354740,34.594334,13
354784,7.0076675,13
354796,11.524666,14
354812,15.103333,20
354828,10.362667,8
354848,5.2286663,16
354852,26.085333,6
354884,3.2859998,8
354896,8.570668,12
354912,-2.1010003,7
354932,26.925,5
354932,33.319668,9
354936,26.690336,31
354936,42.280663,52
354956,0.40166664,5
355012,39.003334,20
355012,33.784668,14
355048,19.669334,28
355076,30.109001,7
355104,14.041002,23
355144,41.621002,33
355148,71.897995,54
355172,19.781334,24
355176,29.142334,7
355192,24.825,5
355216,4.3433337,10
355216,13.809333,28
355220,5.1590004,7
355248,-1.3709999,7
355260,42.956337,29
355280,5.029333,8
355300,27.825,5
355308,27.450666,12
355344,22.504004,32
355344,9.087001,11
355356,31.730667,12
355388,31.960997,43
355408,0.20833349,5
355444,9.684001,22
355460,35.894333,13
355464,16.550001,30
355476,6.2159996,8
355508,1.237,11
355536,8.729668,19
355556,-2.745,5
355580,2.365333,6
355608,26.46866,66
355640,3.4649997,15
355692,36.09467,54
355732,23.683668,31
355740,35.11267,58
355756,11.888668,16
355760,15.693334,30
355788,6.8890004,7
355792,-0.75699997,9
355808,12.739668,19
355820,7.3199987,20
355828,7.1629996,9
355832,6.4370003,11
355836,3.1323335,7
355860,2.2826667,8
355876,5.5813346,14
355880,32.310333,11
355896,37.678665,16
355916,3.2050002,5
355920,0.48000002,10
355940,33.33,20
355960,-0.08166671,5
355984,1.9286668,6
355984,10.748668,16
356000,23.817003,21
356004,24.851665,5
356004,1.3216665,5
356020,-1.0783333,5
356024,4.615,5
356040,26.931667,5
356060,0.029666781,9
356060,2.395,5
356092,2.7059999,8
356104,7.0603337,11
356132,26.213333,10
356156,50.159996,70
356168,9.378665,16
356180,43.838005,44
356188,0.5716666,5
356216,28.562332,7
356232,12.8583355,25
356252,21.814669,24
356268,0.9743333,13
356280,26.095667,7
356284,31.491001,13
356308,0.8789999,7
356332,5.6606665,12
356336,25.969666,39
356348,2.563333,10
356372,-1.6703331,9
356388,31.493332,10
356392,-0.4416666,5
356436,3.8569999,11
356448,32.335,15
356452,30.448668,46
356464,5.5389996,7
356468,17.581337,34
356472,0.44833323,5
356480,9.469334,8
356488,26.451668,5
356516,36.331,13
356544,14.532665,18
356544,12.464669,14
356556,5.596667,10
356572,0.29900026,7
356596,35.486668,10
356624,39.77,20
356624,28.649,7
356624,1.2343334,13
356644,27.545,5
356652,4.9723334,7
356672,26.848999,7
356684,4.3259997,8
356684,8.205,15
356704,1.6116667,5
356720,3.973,9
356728,28.788,14
356748,2.595,5
356768,-1.225,5
356772,16.579002,17
356772,46.52767,73
356788,-1.2283334,5
356832,18.076002,28
356836,42.211998,16
356876,42.108665,26
356884,7.5706677,12
356884,37.131332,24
356896,37.69867,16
356932,29.866333,9
356944,10.688335,15
356952,2.3983335,5
356992,38.586334,29
357000,5.5673327,12
357008,50.473667,31
357020,14.703002,19
357020,-0.88833326,5
357044,3.4876668,13
357064,31.210335,11
357084,34.363,19
357116,13.791001,13
357136,27.605,5
357180,-2.893,11
357208,30.165663,47
357228,50.678665,46
357240,7.772667,8
357244,33.725334,16
357248,2.705,5
357260,11.571334,44
357260,-0.018333197,5
357268,1.3316667,5
357288,7.967001,11
357336,8.906333,19
357344,8.170334,21
357344,5.4713326,14
357348,9.966668,20
357376,-0.18100011,7
357380,0.74300015,9
357384,31.357334,12
357404,0.8950001,5
357424,1.2803338,11
357428,0.59766674,13
357440,10.39467,24
357448,1.3583336,5
357468,2.627,11
357484,33.126335,9
357484,30.463665,11
357504,27.378334,5
357512,6.6736674,11
357516,3.176,8
357532,35.037334,32
357568,3.1596665,9
357600,3.7893333,8
357604,39.551,23
357608,19.238668,26
357608,43.374336,23
357652,7.203666,11
357652,7.740334,11
357652,5.1643333,13
357660,31.994667,14
357688,2.6496668,9
357688,27.193,9
357692,-0.20666659,10
357716,0.699,7
357720,2.7316666,15
357724,1.323,9
357744,8.0789995,7
357752,4.279,7
357772,12.221002,13
357796,4.1569996,11
357800,1.5756665,7
357840,1.2700005,10
357852,8.231337,14
357868,47.831337,44
357868,26.795666,7
357892,2.7986665,6
357896,32.907,11
357916,29.838333,5
357944,38.256332,19
357948,5.7946663,14
357956,28.480999,53
357976,-2.0283332,5
357988,5.400333,11
358000,0.14200008,6
358028,4.7933335,20
358036,30.386333,9
358056,12.109001,17
358068,18.596003,38
358072,0.3003335,11
358076,1.6783333,5
358108,8.882999,9
358112,6.9596667,19
358136,-0.83800006,6
358164,6.8213344,14
358164,-0.10766667,7
358172,9.8446665,24
358192,0.7423333,7
358216,2.9819999,6
358232,27.690338,41
358236,0.2583332,5
358252,20.05,20
358272,6.7763343,9
358276,2.9886665,6
358284,-1.8089998,13
358292,26.771667,5
358304,1.4483333,5
358324,24.771667,5
358344,0.6916666,5
358364,2.7350001,5
358376,11.038334,25
358384,25.345,5
358396,11.641998,26
358424,67.38833,65
358428,27.582664,8
358428,4.8443327,13
358448,0.81833315,5
358468,4.130333,21
358472,32.39367,11
358496,6.9359994,18
358512,8.1553335,16
358536,5.052333,17
358560,0.86866665,6
358580,21.613667,21
358608,6.2606664,12
358616,11.002,26
358628,-1.1893333,12
358684,1.4413332,14
358708,22.866331,59
358712,22.765335,26
358716,45.158333,25
358732,1.7850001,5
358764,20.983332,20
358768,34.124332,13
358784,3.235,5
358800,7.887668,23
358812,29.902332,7
358856,5.588,14
358860,15.200668,32
358904,24.738,34
358904,32.721,23
358916,13.331667,15
358940,0.82300067,9
358940,27.296333,9
358956,4.0480003,24
358972,3.9613328,14
358996,29.246666,10
359004,10.798668,16
359024,34.027,21
359028,25.932,6
359064,6.0643344,23
359084,40.374,22
359092,4.9453335,16
359104,34.06333,20
359104,4.138334,5
359140,-0.6403334,9
359140,0.8396666,9
359160,25.385,5
359160,4.849,17
359188,17.336998,31
359208,6.1349998,5
359248,50.929,27
359252,27.923668,11
359268,10.479,27
359296,28.322334,7
359320,31.116669,40
359340,1.2616668,5
359340,31.003666,11
359388,5.024,12
359400,3.7149997,15
359408,40.386337,39
359416,20.087336,42
359428,-1.9416666,5
359436,27.626333,9
359460,5.347,11
359472,6.787001,11
359488,26.835667,7
359492,17.842003,26
359492,2.3816667,5
359508,6.9593325,18
359512,1.5083333,5
359516,3.1790001,7
359520,27.929,7
359532,0.5316664,5
359552,2.9416666,5
359572,30.774334,13
359592,2.1349998,5
359660,21.609335,38
359696,29.423,9
359696,51.20833,45
359716,2.205,5
359736,29.2,10
359744,13.685997,38
359756,0.9716668,5
359764,1.445,5
359772,27.248001,14
359776,-0.6883333,5
359796,-0.038333297,5
359808,30.819666,9
359808,8.180333,11
359836,2.6256666,7
359840,95.26066,72
359880,9.377,21
359892,7.7113357,14
359900,-1.1450001,5
359912,5.0883336,5
359916,27.342335,27
359936,6.4363327,9
359940,2.8820002,6
359940,1.2956667,7
359956,23.289669,29
359964,26.668999,7
359980,28.74,10
360000,32.863667,11
360008,-0.2976668,7
360020,2.021333,14
360020,26.638332,5
360028,5.688333,5
360052,39.592667,28
360076,31.780666,12
360104,27.929,7
360124,25.458332,5
360136,54.632996,29
360156,1.6549999,5
360164,48.79267,28
360176,10.613,39
360180,2.5186667,6
360184,0.15166664,5
360200,-2.8416667,5
360200,29.245333,6
360240,8.983334,10
360256,10.889336,18
360256,6.410999,33
360276,28.299667,9
360296,20.594666,24
360308,9.6310005,13
360328,2.3616667,5
360328,2.6943333,13
360340,31.237,11
360348,2.4183333,5
360364,26.216333,9
360376,7.896333,9
360380,44.790337,31
360396,2.4116669,5
360412,36.835335,16
360440,2.5790002,7
360476,42.542667,28
360476,3.176333,9
360492,13.954666,24
360504,1.9956666,7
360512,25.991665,5
360524,3.0016668,5
360524,52.662003,36
360548,15.062668,18
360576,5.938999,7
360584,3.9916666,15
360584,13.688334,15
360604,2.3416667,5
360632,32.230667,12
360644,2.58,10
360648,45.168,34
360660,15.890334,21
360660,3.2723331,7
360680,26.325,5
360688,5.269,7
360700,30.744333,13
360720,31.82,10
360724,4.0319996,6
360756,29.739666,9
360768,3.1569996,11
360780,57.584663,34
360792,5.363,9
360804,7.889667,9
360820,29.886665,10
360836,-0.8473333,8
360840,12.714002,12
360860,5.243333,10
360868,27.976,8
360904,69.91133,54
360924,1.6183335,5
360984,48.792,36
360988,18.456663,30
360996,20.37267,18
361008,-1.5849999,5
361088,12.683334,20
361120,19.438,34
361124,19.524002,32
361140,-2.5383334,5
361152,68.377655,73
361156,9.746001,8
361168,40.29667,20
361176,4.0716667,5
361180,4.429,7
361196,2.005,5
361200,-1.075,5
361212,4.497,11
361232,2.0016665,5
361240,14.298334,25
361260,13.225,15
361284,2.8503337,11
361292,4.4559994,8
361312,12.07967,29
361344,7.851668,15
361360,6.617334,32
361364,1.1183333,5
361364,6.427667,13
361384,2.0049999,5
361412,2.3509998,13
361424,0.15333319,10
361432,19.431665,35
361440,5.4596667,19
361452,7.305667,7
361456,3.8769999,11
361472,4.5926666,8
361504,33.070667,12
361524,7.5593333,18
361544,1.0716667,5
361556,15.337,31
361556,8.681002,13
361576,9.029334,8
361592,3.8430002,9
361612,-0.07833326,5
361624,9.602335,17
361644,57.631004,43
361664,14.047334,22
361688,10.709667,19
361712,1.4286667,6
361712,34.412334,17
361752,3.6000001,10
361760,30.238,34
361772,8.0183325,15
361772,26.165,5
361788,0.7956667,7
361792,-2.0716667,5
361812,4.0183334,5
361840,28.742332,7
361864,13.587668,23
361880,5.8809996,23
361880,31.053333,10
361908,41.997005,61
361916,31.559666,9
361924,-0.5496665,11
361932,33.395668,17
361944,28.266335,9
361960,32.366333,9
361968,5.563,9
361972,4.574667,14
361996,8.439,7
362020,8.4573345,12
362028,8.182333,17
362032,39.087334,22
362052,0.8616668,5
362056,26.315666,7
362084,6.3989997,7
362104,36.837,21
362112,35.968334,15
362140,21.098667,36
362164,36.426666,20
362172,2.6656668,17
362172,7.4226665,8
362192,3.4923332,7
362212,6.121667,25
362220,26.245667,7
362232,0.035000086,5
362252,14.173336,20
362284,10.068667,16
362304,14.979333,18
362304,3.761667,5
362308,9.328,14
362336,28.500336,41
362340,4.763,9
362352,7.574001,12
362372,6.7483335,5
362396,5.1753335,6
362400,7.598666,16
362408,5.815,25
362436,-0.34433317,7
362444,10.845335,26
362448,8.347668,13
362484,15.883669,21
362496,3.6850002,15
362500,33.420998,13
362524,31.113335,10
362524,42.4,20
362536,9.413334,10
362548,26.571999,6
362564,34.87533,16
362568,24.904999,5
362624,21.458336,25
362640,17.426336,19
362656,23.163334,30
362668,2.5223331,7
362684,7.831666,15
362688,-0.32166672,5
362692,25.933668,31
362736,2.9236665,11
362748,35.251,23
362768,26.511665,5
362788,39.258667,26
362788,8.788334,25
362800,8.439334,8
362808,2.9183333,5
362808,2.7883334,5
362832,18.957998,24
362836,27.175667,7
362836,2.529667,9
362844,7.003,9
362884,4.100667,12
362888,30.483665,11
362892,34.918335,15
362928,29.389668,9
362936,8.941001,13
362948,26.178333,5
362968,10.136667,20
362972,6.419666,9
362976,53.048332,35
362988,0.8883333,5
362992,-2.855,5
363016,28.699999,10
363020,15.996001,18
363052,34.805,15
363052,32.068665,16
363064,4.270667,12
363076,10.044667,14
363100,9.873001,9
363104,5.852333,7
363112,7.558333,15
363148,4.293667,11
363168,24.878334,5
363244,24.601002,33
363244,18.506336,19
363272,26.802334,7
363280,44.925663,57
363292,0.3516667,5
363300,5.455,5
363312,10.035667,17
363336,8.719667,9
363340,32.239998,60
363368,4.2260003,8
363424,40.119335,28
363456,10.223999,22
363460,23.230667,42
363488,27.229332,8
363512,16.484001,22
363536,40.072994,49
363544,35.721336,14
363568,0.20600009,8
363596,11.173669,21
363608,0.9453335,16
363612,6.2869997,11
363632,3.7363334,9
363704,43.49701,61
363708,41.633,19
363732,2.6090004,7
363748,24.441671,35
363752,1.5816666,5
363756,27.161995,36
363776,24.878334,5
363796,4.8349996,5
363816,11.562336,17
363824,4.805667,7
363824,4.146,18
363836,2.7383332,5
363844,50.778,34
363872,-1.0126667,12
363880,3.777,11
363896,7.7776675,13
363896,0.9053332,6
363924,7.150333,11
363952,29.124666,14
363972,1.4250001,5
363980,21.949665,39
363992,6.2246666,24
364016,2.4963334,9
364036,40.042664,28
364036,11.852,16
364076,1.8299997,10
364084,44.261,23
364084,27.424,12
364104,1.8316665,5
364156,11.596671,20
364212,6.584666,14
364228,16.733667,31
364236,-0.36133337,6
364240,17.419668,39
364264,42.930664,62
364292,3.007667,13
364300,36.432663,18
364304,3.7466664,10
364332,5.952333,7
364352,33.465,15
364368,31.051003,33
364368,17.949001,17
364392,8.125,15
364432,38.07,20
364440,6.9493337,18
364452,5.764999,15
364488,20.31667,30
364492,7.871666,15
364504,6.321,13
364512,26.851665,5
364524,1.6096668,9
364524,-2.5716667,5
364552,1.269,7
364560,49.416664,30
364560,2.2696667,9
364648,41.628002,34
364676,22.566338,29
364700,12.085669,37
364752,60.179337,48
364780,18.727665,33
364780,-3.211,7
364800,13.6449995,25
364800,2.185,5
364836,5.169667,9
364852,7.6943345,13
364860,26.875338,46
364872,3.749667,9
364900,10.332334,7
364900,5.7506666,12
364904,19.137001,31
364920,0.28499985,5
364920,3.9983335,15
364936,6.6029997,9
364940,26.605,5
364948,3.6489997,7
364948,30.320333,11
364984,11.570667,12
365004,36.874664,14
365012,27.559,7
365028,13.686667,20
365028,10.927336,22
365036,-0.3746667,6
365056,1.6983333,5
365092,9.172001,16
365112,17.858997,27
365132,-1.4916667,5
365136,5.6369996,11
365140,15.927003,21
365176,5.1833334,10
365200,22.561007,43
365216,12.460337,21
365244,30.606998,11
365264,36.387333,22
365272,46.61433,33
365272,8.228,14
365284,3.9149995,5
365292,-0.775,5
365292,1.4849999,5
365336,8.583668,11
365372,37.933334,20
365376,7.5366673,10
365444,6.8489995,17
365472,31.119005,57
365480,31.383,9
365508,27.609001,7
365540,39.54467,64
365552,9.769999,20
365584,5.363667,11
365588,14.526669,20
365600,58.509003,57
365604,1.5250001,5
365648,3.6769998,11
365688,45.418335,25
365720,8.909333,18
365752,34.379997,50
365764,3.4236665,11
365816,69.58133,54
365820,6.802333,17
365820,48.481003,33
365836,10.172667,18
365848,4.215667,7
365848,-1.6176666,7
365868,-0.09500027,5
365920,10.898665,26
365932,37.310333,21
365964,3.4959998,8
365964,1.7636669,11
366000,3.3196666,9
366000,13.844334,33
366040,9.086667,10
366048,33.884003,12
366052,9.934,22
366068,2.6983333,5
366072,29.756,8
366124,14.279333,18
366144,12.209667,19
366144,33.579334,18
366204,50.013996,92
366216,8.694334,23
366224,16.443335,20
366232,42.154,22
366236,0.5316665,5
366256,8.387668,13
366256,3.4286666,6
366284,11.858334,15
366312,7.9256673,7
366332,2.3616667,5
366352,42.07467,24
366360,21.258667,26
366360,-0.0076666474,7
366380,26.564999,5
366380,6.0490003,7
366388,37.562664,38
366400,25.998333,5
366420,3.9450002,5
366440,2.4783335,5
366464,37.23033,21
366476,4.693001,9
366496,19.439001,27
366504,34.765335,36
366524,6.9006653,12
366532,26.362999,9
366544,27.185,5
366552,0.055000067,5
366564,14.411667,25
366572,4.1383333,5
366608,2.1763337,9
366644,31.266335,9
366676,36.79267,28
366680,50.488,44
366708,43.197,41
366708,1.6723335,7
366720,8.413668,11
366728,9.146999,21
366740,-0.38833332,5
366772,32.78367,11
366776,1.1396666,9
366780,12.466001,18
366788,8.656668,20
366792,25.298332,5
366796,4.6416664,5
366828,2.406333,9
366832,7.0463343,9
366832,30.941,13
366880,4.9106665,12
366900,46.866,28
366908,13.183334,20
366952,15.73667,30
366964,10.948668,16
366968,10.697335,22
366988,38.9,20
366988,4.775333,6
366988,30.199665,9
366996,28.635666,7
367008,0.27833343,5
367024,2.2290003,7
367028,24.851665,5
367052,36.965332,16
367060,14.622669,18
367072,-1.3016667,5
367116,10.134001,22
367124,10.141999,16
367132,10.909002,27
367148,27.009333,8
367156,1.5486668,6
367176,26.362333,7
367204,10.456667,20
367208,31.560999,13
367236,2.1293335,8
367248,11.163334,10
367272,25.589996,50
367292,-2.475,5
367320,37.54933,18
367340,6.147333,12
367360,15.007,31
367360,1.8116667,5
367368,34.807335,12
367396,4.3696666,9
367408,8.150667,12
367424,37.403996,62
367452,33.217,11
367452,26.782333,7
367480,12.902667,28
367480,-3.0743334,7
367484,38.267334,22
367516,-0.4103333,9
367520,6.953333,10
367548,9.284668,24
367564,8.533667,11
367584,35.81167,25
367592,30.690332,11
367608,16.381002,23
367636,9.293667,11
367652,15.440669,22
367684,15.688335,25
367696,8.357336,22
367708,11.519335,18
367752,6.0713334,14
367768,23.419664,29
367772,19.137333,22
367824,3.8613331,14
367848,0.23866677,6
367852,42.743332,20
367860,23.232666,38
367872,26.843338,30
367904,16.288002,14
367928,1.3453335,6
367928,38.979004,17
367936,15.990336,21
367948,-0.27166665,5
367972,30.603666,11
368008,18.822666,18
368012,6.495333,16
368028,29.043,39
368032,1.7383335,5
368080,7.6176667,13
368096,12.875334,16
368112,7.968667,26
368116,0.16299999,9
368148,1.7676667,13
368152,34.329666,9
368164,4.384333,13
368200,5.604,12
368216,8.557667,13
368228,8.79,20
368244,68.11934,68
368252,7.1343336,13
368272,3.8870006,11
368272,6.3246665,14
368284,30.122665,8
368300,5.0523334,7
368300,26.909,7
368316,-0.3206669,8
368324,3.2953334,6
368360,9.483002,29
368368,0.5669997,11
368372,30.397999,14
368396,7.519667,9
368440,21.268333,35
368448,37.256332,19
368456,5.408334,15
368496,4.957333,12
368500,34.155,15
368516,1.9316661,15
368536,6.099667,9
368540,6.5236673,11
368600,33.785,15
368620,15.271999,26
368640,0.7333329,10
368652,28.822666,8
368684,54.822994,79
368704,4.2416663,5
368760,8.651334,14
368788,42.749,37
368808,26.138332,5
368828,46.031,73
368856,36.07467,24
368876,26.718334,5
368896,6.185666,17
368896,2.0249999,5
368932,4.103,9
368944,28.007998,34
368960,2.662333,7
368972,45.79665,80
368980,36.367004,21
368992,3.3616672,5
369000,5.034666,14
369008,2.199,7
369016,4.8613334,14
369056,31.214,12
369088,27.222668,8
369128,24.330671,32
369128,12.48267,28
369144,4.024667,14
369160,18.92067,42
369160,2.296,8
369200,31.413334,10
369224,11.911333,24
369236,36.87967,19
369272,3.3930001,9
369296,7.552668,18
369300,26.639,7
369316,30.116335,29
369324,27.008999,7
369360,35.50467,54
369384,13.760334,21
369392,10.603,19
369412,26.985,5
369416,10.456,8
369440,39.55967,29
369448,1.9926666,8
369472,35.585,15
369476,4.386333,9
369476,1.2956667,7
369492,3.7350001,5
369504,2.9923332,7
369512,25.831665,5
369532,26.831667,5
369564,34.184,22
369592,7.298333,15
369596,3.4293332,8
369636,11.840334,11
369644,33.784,12
369652,75.501,73
369668,29.949333,8
369668,27.071999,6
369672,4.3150005,5
369684,16.84167,45
369736,11.169,17
369752,19.107,21
369776,7.0066667,10
369808,51.54466,34
369828,12.774333,13
369828,27.631666,5
369868,30.866667,10
369912,4.7203336,11
369912,34.72567,57
369944,29.369328,48
369960,30.857334,12
369976,3.6193333,8
369980,28.325,5
369996,9.223669,21
370016,26.798332,5
370036,3.5416667,5
370044,0.56899977,17
370056,0.46300054,19
370060,51.33267,58
370084,4.1266665,10
370084,26.982334,7
370104,-1.9610002,17
370104,24.945,5
370112,5.6256666,7
370132,28.655666,7
370140,2.0696666,9
370152,-0.26833332,5
370156,32.321335,24
370176,-1.0483335,5
370180,2.0323331,17
370184,29.333668,11
370188,5.6896667,9
370204,0.12166679,5
370208,3.1316667,5
370212,2.342667,8
370224,5.477334,12
370252,3.4623332,7
370264,9.911,13
370264,-1.152,14
370292,2.8790002,7
370292,8.545668,7
370316,10.795335,16
370324,44.56333,30
370352,2.1463332,9
370364,9.023334,10
370396,28.296001,8
370408,33.621334,14
370424,27.668999,7
370428,22.648006,34
370476,13.85533,46
370492,8.620334,21
370540,7.9319997,16
370540,30.597334,12
370540,42.586334,29
370552,19.310331,31
370584,5.687,11
370588,29.039665,9
370612,35.282665,18
370632,-0.485,5
370640,17.685,25
370644,34.448334,15
370652,27.545,5
370680,3.393333,10
370696,34.581,13
370712,10.205001,15
370740,1.859,7
370756,8.844999,15
370776,-1.4683332,5
370784,9.217002,11
370800,17.09,30
370804,0.7390003,7
370832,30.883999,12
370836,30.059666,9
370852,26.278332,5
370856,2.2016668,5
370860,44.22267,68
370872,6.7723327,17
370896,2.7153335,6
370900,1.3536673,11
370920,34.299,17
370944,11.300335,21
370948,0.5190003,7
370968,9.146,18
370980,6.706667,20
370992,31.317,11
371000,5.1679993,14
371044,-2.4156668,13
371044,8.390334,11
371052,14.926001,18
371088,7.563666,11
371100,8.541001,33
371128,0.7390002,7
371148,2.0283334,5
371156,20.646002,28
371172,20.949999,30
371172,13.923669,21
371200,32.07033,11
371244,8.146,18
371248,11.081666,25
371264,4.215,5
371272,2.3526666,18
371276,0.32899988,7
371288,45.696335,29
371304,2.0699997,10
371316,3.777,11
371344,6.6313334,14
371364,29.104,12
371380,9.863,9
371384,25.365,5
371404,2.8616667,5
371416,19.479334,28
371444,0.9523332,7
371464,0.044999957,5
371476,15.078001,24
371480,34.643677,51
371496,27.564999,5
371528,29.256,8
371528,3.9139996,12
371596,15.187668,33
371608,11.083336,20
371612,-4.149667,21
371640,70.893005,59
371688,31.057333,12
371696,42.770332,21
371716,27.538334,5
371732,12.667001,11
371756,30.26,40
371764,-1.8859999,12
371792,26.789,7
371796,21.689,47
371808,2.0743332,13
371836,0.8033333,10
371840,13.439004,27
371852,12.598335,15
371864,38.947998,14
371876,4.3,10
371896,11.074668,14
371912,3.9129996,9
371916,4.2083335,5
371932,34.329002,17
371964,8.434,12
371972,1.8516668,15
371976,8.247001,11
371992,0.10833323,5
372008,-0.27633333,11
372012,26.151667,5
372028,8.567667,13
372036,2.1890001,7
372040,1.6923335,7
372048,27.851665,5
372060,29.244999,5
372064,62.084335,53
372068,27.391666,5
372096,29.869,7
372096,2.4293332,8
372104,1.1936667,11
372120,20.667,21
372120,5.032,6
372128,3.626,8
372140,28.365,5
372148,-1.0676666,7
372164,8.159667,9
372168,1.4490001,7
372168,0.20500016,5
372184,35.993332,20
372212,36.60367,11
372220,0.51766694,13
372252,3.0356665,17
372272,1.6450002,5
372280,44.55967,29
372300,29.835667,7
372304,12.437669,23
372316,2.3463333,9
372324,8.532,26
372328,1.2256668,7
372344,2.849,7
372352,4.224,12
372392,2.8753333,16
372396,11.996999,11
372400,32.401333,14
372412,14.944002,22
372420,4.8719997,6
372428,27.835667,7
372436,2.9736664,11
372440,0.3950001,5
372440,2.2256665,7
372456,0.9150001,5
372456,2.1489997,7
372500,5.577,11
372516,35.408333,15
372520,6.9800005,20
372532,10.4609995,23
372536,4.9616666,5
372552,4.3749995,5
372560,3.2353334,6
372580,3.2083335,15
372588,28.449,7
372596,6.4803333,11
372620,11.453334,30
372624,30.240334,11
372644,25.392,6
372656,7.4089994,17
372672,16.362999,19
372696,-0.6799998,10
372696,32.221,13
372708,4.9329996,9
372716,0.2116667,5
372724,10.124998,25
372740,25.238667,6
372744,6.6873326,12
372744,27.643,9
372776,6.2929997,9
372776,31.284332,13
372804,1.4683335,15
372824,2.6383336,5
372848,11.408667,26
372864,15.347334,22
372876,15.958334,25
372884,29.246334,9
372884,-1.4316665,5
372900,16.436335,19
372904,2.3816664,5
372924,30.279999,10
372932,6.3846655,14
372952,3.0076666,13
372952,3.8289998,7
372956,2.7086666,6
372960,7.994667,14
372980,7.0253334,6
372988,2.1963334,9
373008,-1.705,5
373012,30.869333,8
373012,6.475,15
373016,12.648,14
373032,0.55200005,6
373060,27.109001,7
373072,4.111333,14
373092,22.096666,20
373096,14.497002,21
373112,2.7316666,5
373116,-2.5183334,5
373160,9.794001,22
373164,18.532,26
373196,15.856667,20
373212,5.017667,13
373236,-1.06,10
373260,12.217999,24
373288,3.7756667,7
373304,33.635666,17
373316,40.421997,26
373332,33.64367,11
373332,-0.60766673,7
373360,27.549,7
373392,7.176333,19
373400,47.057346,72
373408,9.712999,19
373412,9.561001,13
373468,8.895,15
373472,7.179333,18
373488,34.304665,24
373492,25.898333,5
373564,7.541334,24
373584,9.951334,24
373600,0.5263335,9
373628,2.3589997,7
373652,39.599,17
373672,9.200334,11
373696,35.810318,71
373704,36.727665,53
373740,1.7163334,9
373756,8.341667,15
373788,13.91467,34
373808,7.2110004,13
373816,14.379667,19
373824,8.229667,9
373836,53.350334,41
373844,27.269001,7
373844,5.8563333,9
373848,3.1619997,6
373856,2.9616666,5
373904,7.038334,15
373904,4.7439995,12
373924,2.215,5
373924,2.2316668,5
373952,2.6690001,7
373956,39.605667,27
373980,14.254668,14
374000,28.844,12
374000,29.483665,11
374020,0.17500007,5
374040,7.928332,15
374048,29.575665,7
374056,15.0580015,14
374056,56.531006,53
374060,2.3083332,5
374076,4.3223333,7
374088,1.909333,8
374096,2.8683333,5
374124,33.375668,17
374136,6.356333,19
374156,4.0860004,8
374176,24.865,5
374180,12.743669,21
374200,8.402001,16
374212,23.627003,31
374232,0.79499996,5
374236,4.574666,14
374240,5.19,10
374260,1.5850002,5
374264,1.0189998,7
374276,31.703667,11
374292,18.856333,29
374308,5.7339997,12
374344,4.242332,17
374392,46.724,32
374400,10.629,27
374440,12.4746685,24
374440,2.520667,12
374452,48.872,36
374492,3.964333,13
374504,16.692,26
374532,0.6589999,7
374552,26.505,25
374556,6.455332,16
374560,-0.6276667,7
374568,18.743998,32
374576,-0.4383334,5
374636,12.932336,17
374656,0.37500012,5
374660,19.002333,27
374696,13.873335,30
374720,14.638332,15
374736,35.91134,44
374740,-0.69499993,5
374748,12.064335,23
374764,11.005667,17
374816,34.041,13
374832,23.597,21
374848,40.68567,27
374860,25.680334,31
374872,31.71,10
374892,1.1636665,11
374896,16.930002,20
374912,38.411003,13
374924,27.709,7
374932,32.238335,15
374956,10.138666,16
374960,6.710667,12
374972,5.21,10
374988,1.0793333,8
374996,-1.0346665,6
375004,31.370333,11
375040,3.6369996,11
375052,5.264,12
375088,33.464,12
375104,35.554333,13
375108,25.566666,30
375140,33.744667,54
375144,4.236334,9
375164,5.8416667,15
375188,10.5303335,11
375208,4.048333,5
375224,44.340332,21
375232,33.335667,17
375268,35.41167,45
375304,12.372668,18
375332,3.4223332,7
375344,11.634668,34
375344,18.969667,19
375388,8.281333,14
375388,8.647,11
375408,25.818333,5
375416,52.71933,48
375436,3.7456663,7
375460,4.4160004,18
375488,2.9043336,13
375500,2.799668,39
375520,-2.5483332,5
375524,12.969002,27
375556,3.1529999,9
375556,6.0056663,17
375556,1.0679992,24
375576,1.5716665,5
375628,11.569336,18
375636,9.34,20
375652,10.4106655,32
375660,8.396999,21
375672,2.2816668,5
375672,30.599667,9
375684,5.371333,14
375692,0.6783335,5
375700,6.2390003,7
375712,-0.38833332,5
375744,15.630335,21
375748,1.9506669,12
375776,-1.0043334,7
375796,24.886002,28
375816,30.52,10
375864,8.279001,17
375872,7.608001,14
375892,26.125,5
375900,4.0696664,9
375908,41.63966,49
375928,28.091667,5
375948,28.665,5
375956,14.418667,16
375976,3.459,7
376008,-1.4206669,8
376040,36.82367,21
376060,29.449993,40
376076,54.260994,83
376076,0.56299996,9
376096,1.5096667,9
376116,16.568996,27
376160,9.895335,16
376176,2.155,15
376188,22.392666,28
376224,5.1573324,12
376256,10.222335,17
376260,6.0730004,9
376284,66.38066,52
376288,28.616001,8
376292,1.0126667,8
376312,2.6423328,7
376320,2.462333,7
376348,38.708996,47
376348,7.208334,15
376376,6.359,7
376396,32.564,12
376400,12.803336,20
376420,24.865334,6
376428,28.049,7
376432,35.96467,14
376440,2.8116667,5
376468,42.319664,39
376476,3.3470001,11
376560,10.286999,21
376560,48.173332,30
376564,13.081335,24
376580,26.418333,5
376588,27.795666,7
376592,0.14566667,7
376600,25.831665,5
376608,3.6816666,5
376624,58.346336,49
376644,1.5083333,5
376652,4.6450005,15
376652,1.8343334,13
376680,3.4256668,7
376708,34.814667,14
376728,27.378334,5
376736,11.181334,14
376740,26.504333,33
376784,16.148335,35
376788,35.507668,13
376804,27.005001,5
376820,10.827666,23
376824,2.285,5
376840,17.034998,25
376856,3.679333,8
376860,1.3983331,5
376884,6.1323333,7
376888,7.1756663,17
376964,7.013,19
376984,11.455001,25
376988,36.733337,50
377008,21.092333,37
377008,27.244999,5
377016,14.231001,13
377024,5.3299994,10
377036,26.691666,5
377060,3.2463331,9
377068,8.728334,15
377080,4.335,5
377088,0.14499986,5
377092,8.371333,14
377108,27.749,7
377108,25.351665,5
377112,4.9283333,5
377136,1.4956667,7
377140,28.342333,7
377196,12.610669,22
377200,6.3383327,15
377208,35.21666,50
377232,3.259333,8
377236,30.573334,10
377244,20.779001,27
377292,35.064667,14
377296,4.5876665,13
377308,7.844999,25
377324,1.2756665,7
377348,8.816336,29
377368,31.856998,11
377404,9.651335,14
377412,41.24667,30
377424,12.889669,29
377436,13.3689995,17
377436,28.909332,8
377460,25.632,6
377468,7.244667,14
377500,27.406666,10
377504,29.059666,9
377532,19.72567,27
377540,9.333334,10
377564,8.721668,15
377584,10.180333,11
377608,33.063667,11
377612,0.98566675,7
377620,9.230668,22
377640,1.2783334,5
377664,39.402332,57
377668,30.801666,15
377684,2.4650002,5
377688,25.931667,5
377704,3.6486666,16
377780,38.179665,19
377792,14.452,26
377808,28.459663,49
377816,30.133,9
377852,4.896333,9
377852,2.363667,11
377876,22.002666,48
377904,6.4556665,7
377912,36.433334,30
377948,2.297,11
377948,46.361332,24
377956,4.777,11
377984,15.904335,33
378004,10.458002,14
378004,0.08833313,5
378024,8.455668,17
378028,34.963333,20
378048,5.9069996,11
378068,32.177002,11
378076,4.7590003,7
378080,5.767667,13
378136,35.628334,15
378176,28.262333,27
378220,1.1203334,11
378240,26.396328,59
378252,38.94967,29
378276,1.6330001,9
378300,4.0753336,6
378328,-0.871,7
378332,43.110996,63
378348,43.590668,32
378360,29.415667,7
378392,4.019333,8
378404,37.222668,38
378416,5.1653337,6
378436,41.509003,27
378436,-2.9383335,5
378440,0.6830001,9
378448,11.881668,25
378460,3.325333,6
378472,2.6986668,6
378488,3.0323336,7
378492,3.2049994,5
378524,7.4073334,22
378524,33.12633,9
378544,25.765,5
378544,-0.625,5
378552,9.031667,15
378572,26.649,7
378600,4.840667,12
378612,35.48567,17
378644,31.456999,11
378648,19.153,19
378672,5.8323336,7
378688,30.186668,10
378696,41.771328,64
378708,1.2216667,5
378720,19.565666,27
378720,28.957333,12
378740,0.7583333,5
378744,26.569668,9
378784,11.648666,16
378836,34.167667,13
378852,50.363,39
378868,21.080334,31
378896,2.4803333,11
378924,4.188999,7
378928,15.23767,23
378928,7.1349998,15
378960,4.3429995,9
378964,4.896333,9
379032,7.0326667,18
379032,37.105667,17
379048,35.20233,77
379052,2.3983335,5
379064,29.92467,34
379072,24.851665,5
379092,35.861668,15
379092,6.7136664,11
379100,6.0796666,9
379120,3.8523333,7
379140,4.8533335,10
379160,4.7416663,5
379176,3.3613331,14
379204,28.592333,7
379208,5.847333,12
379224,27.605,5
379244,5.581667,5
379264,9.318,14
379268,33.858,44
379288,-0.16966653,11
379356,35.15767,23
379400,54.457336,82
379408,14.253334,30
379420,32.822,16
379448,27.475666,7
379468,1.1716666,5
379472,15.719335,18
379488,42.18166,55
379508,3.299667,9
379532,8.963668,11
379580,40.206,28
379584,3.8843331,13
379592,61.565323,46
379600,1.765,5
379604,5.5113344,24
379664,4.6016674,15
379692,4.2623334,7
379708,10.875668,27
379716,27.825333,6
379732,22.862335,37
379752,1.6930001,9
379768,8.071667,15
379768,39.428,44
379784,8.144335,13
379796,0.50900006,7
379820,7.443001,9
379920,19.531668,25
379956,21.295671,47
379960,15.206999,41
379984,26.769001,7
379988,27.795666,7
380000,55.70067,62
380008,24.851665,5
380028,13.062334,27
380048,31.274,12
380092,16.539001,27
380104,35.334667,14
380104,19.188002,24
380192,7.8873334,22
380196,10.798668,26
380200,9.254666,24
380212,44.51533,46
380228,9.899334,8
380240,31.675667,7
380272,6.383666,11
380288,40.104668,24
380304,13.912002,26
380332,4.3256664,7
380344,22.088665,26
380352,0.071666956,5
380380,26.499666,9
380388,19.56833,25
380392,26.196663,30
380408,1.4483334,5
380444,39.661003,23
380476,27.262667,8
380496,4.855,5
380536,17.753002,39
380588,16.233,49
380604,12.842335,17
380608,1.1250002,5
380640,40.26533,36
380644,38.52966,59
380660,26.058332,5
380660,4.424333,13
380672,3.0256662,7
380696,4.3263326,9
380704,31.290333,11
380704,4.992667,8
380716,25.611668,5
380736,3.0426664,8
380756,1.6416667,5
380808,41.391,23
380828,22.353664,31
380836,11.086669,20
380860,27.736,8
380864,36.011665,65
380868,2.046,8
380880,40.569336,18
380884,25.145,5
380912,3.3636668,11
380916,5.039666,9
380920,12.908335,15
380928,2.8070002,11
380992,9.055332,16
381000,14.787004,21
381000,14.144003,22
381028,2.3356667,7
381044,2.194333,13
381056,-1.641,7
381064,26.191666,5
381068,12.152334,17
381132,8.708669,16
381132,36.553,19
381176,28.850334,11
381184,5.7676663,13
381196,4.241667,5
381232,50.75933,78
381236,5.07,10
381252,34.559,17
381260,1.9423337,7
381260,2.812,6
381284,44.32833,55
381284,30.102665,8
381288,6.739,7
381300,30.733334,10
381304,-0.265,5
381308,26.631666,5
381312,2.8256664,7
381340,4.9233336,10
381344,31.476665,10
381360,3.251,13
381364,5.0009995,13
381368,28.642334,7
381384,0.568333,5
381388,36.390335,11
381428,32.169,17
381440,5.974334,13
381440,5.2246666,14
381472,18.585335,26
381480,2.0133333,10
381492,8.330999,13
381492,28.458334,5
381512,27.838333,5
381520,46.241,23
381540,25.918999,7
381548,4.8313327,14
381560,29.696667,10
381588,40.52233,27
381596,4.783,9
381616,26.775665,7
381632,12.130333,21
381632,27.673,9
381644,29.069,7
381660,30.382334,7
381680,3.9749997,5
381688,35.774666,14
381716,34.512665,18
381728,1.3766669,10
381748,9.354,52
381796,8.059001,17
381816,3.6383333,25
381836,28.746666,10
381836,13.324001,22
381856,27.325,5
381892,0.036333084,9
381948,48.549335,28
382000,12.945668,27
382008,56.076004,48
382020,11.652667,18
382028,26.398333,5
382056,49.821327,94
382076,-2.3716667,5
382084,36.862,16
382088,9.558333,15
382096,25.551666,5
382140,8.814335,13
382176,27.112999,9
382180,36.586998,21
382216,22.187666,33
382248,14.312668,18
382296,39.610664,12
382316,9.928334,25
382320,25.925333,6
382328,23.259,37
382360,11.417,11
382376,9.728002,14
382388,5.0649996,15
382400,3.5533335,10
382420,25.851665,5
382440,0.9283335,5
382440,2.877667,13
382464,37.087334,22
382488,9.447334,12
382496,64.08465,124
382524,33.661667,15
382532,5.716334,9
382544,4.3616667,5
382576,20.703999,22
382604,4.609,7
382608,7.8163333,19
382628,39.78367,21
382628,1.9486666,6
382660,4.844333,13
382716,34.003,69
382720,0.19166684,15
382724,4.4379997,24
382728,40.321663,25
382760,3.1729999,9
382764,0.49966645,9
382784,24.431667,5
382788,15.386002,18
382808,4.888334,5
382824,31.612,16
382828,-3.1696668,11
382836,4.7889996,7
382852,15.441004,33
382856,4.1926665,8
382872,3.6896663,9
382920,38.919,17
382948,15.356671,30
382948,2.8023334,7
382976,26.112333,7
382988,23.724335,33
383052,8.578669,16
383080,6.5056667,7
383092,49.16967,29
383112,27.365,5
383124,41.071,63
383144,11.908668,16
383152,29.355667,7
383156,31.330334,11
383180,28.419333,58
383188,4.5796666,9
383192,4.5239997,12
383196,4.98,10
383228,3.0966668,10
383252,27.178665,6
383252,18.446001,18
383256,32.47167,15
383272,0.53499985,5
383292,0.36833334,5
383312,34.965,15
383324,4.5856667,17
383328,0.8829999,9
383340,27.782333,7
383360,2.4896667,9
383372,23.988333,45
383388,5.0523334,7
383408,-1.7450001,5
383420,37.65667,20
383460,3.3366666,10
383464,47.384666,34
383500,29.153,9
383512,44.055,35
383552,9.233334,10
383556,6.551334,14
383612,36.703663,51
383620,22.106668,40
383620,35.705334,16
383656,11.255332,26
383676,9.562,16
383676,5.954666,14
383688,1.5093334,8
383724,29.829666,9
383724,5.830667,12
383728,18.282331,27
383828,14.828665,26
383848,1.1683333,5
383864,20.928001,34
383892,4.1070004,11
383896,14.461669,55
383916,-0.6480001,6
383920,7.214667,14
383924,4.239,7
383936,26.478333,5
383940,34.788006,54
383968,35.41033,11
383992,34.75133,14
384016,1.9153333,6
384052,23.106998,21
384064,0.6073334,12
384092,2.7356668,7
384100,21.576666,40
384104,29.408667,46
384136,37.570335,21
384140,0.11399984,12
384144,33.28,10
384156,1.2416666,5
384160,24.825,5
384176,11.8029995,19
384180,31.529667,9
384204,5.535667,7
384224,7.6753335,16
384224,3.1916668,5
384228,6.237334,12
384244,-1.7149999,5
384248,9.321002,23
384248,0.17833352,5
384264,28.279999,10
384284,7.0763335,9
384288,10.413667,11
384292,4.1636667,11
384304,25.511665,5
384324,3.9993336,8
384332,4.1223335,7
384352,30.042332,7
384356,37.142334,17
384360,3.8323333,7
384372,2.705,5
384376,40.066,28
384384,5.575333,6
384388,27.962666,8
384448,5.2886662,16
384456,17.560335,21
384468,0.15166664,5
384468,5.6499996,20
384472,41.338,24
384504,0.35966682,9
384508,27.939667,9
384520,11.308667,16
384524,27.051666,5
384540,6.6859994,8
384576,45.212334,27
384596,1.5183331,5
384596,16.566336,19
384608,38.127,21
384624,22.780334,21
384644,2.5283332,5
384680,2.926333,9
384684,8.793997,22
384696,13.4016695,25
384708,29.122334,7
384716,20.645668,27
384740,-0.6930001,11
384744,7.225001,15
384764,27.312,6
384772,31.918,14
384784,30.626667,10
384792,0.8650001,5
384804,13.23467,24
384808,3.0903335,11
384820,0.45300007,9
384864,7.3950005,15
384880,5.917334,22
384912,14.79767,23
384916,3.9309998,13
384936,0.43833333,5
384952,31.48534,36
384956,8.693667,11
385016,12.442001,16
385024,5.8323326,17
385024,5.523999,22
385044,27.498333,5
385064,4.1233335,10
385068,57.135666,47
385088,0.07166672,5
385104,3.9049995,15
385108,11.241001,23
385120,3.4726667,8
385148,9.930001,10
385156,4.107667,13
385176,6.265667,7
385184,10.052334,7
385184,10.052,16
385204,-0.031666636,5
385212,0.8363335,9
385232,2.4556665,7
385232,-1.955,5
385244,10.531668,15
385252,-0.8249998,5
385260,49.773,49
385268,-0.43033314,9
385280,28.066334,9
385288,27.485,5
385324,31.097,11
385336,36.813,19
385348,36.21167,15
385364,2.1466665,10
385376,-0.9033334,10
385384,0.7796668,9
385396,7.7460012,8
385404,18.719334,38
385412,32.96633,9
385460,15.333,19
385464,5.635667,17
385468,12.031334,14
385496,4.2056665,7
385496,47.154335,23
385500,29.342999,9
385520,25.298332,5
385548,2.8376665,13
385572,8.702665,28
385576,10.7333355,20
385576,34.334667,14
385588,5.816666,10
385604,-0.724,8
385616,6.9566665,10
385624,0.3116666,5
385632,6.194665,14
385644,-0.45766664,7
385664,24.825,5
385684,32.364334,13
385708,16.993336,30
385708,5.998667,6
385716,12.567669,13
385736,11.362667,28
385748,7.866,8
385760,-0.009000063,13
385768,-2.4816668,5
385788,0.10166669,5
385808,3.014,12
385808,-1.6883334,5
385816,24.758999,27
385836,20.555,25
385856,34.244,12
385880,7.8203325,11
385892,15.619668,19
385892,5.4263325,9
385924,5.4069996,11
385940,32.24067,12
385968,30.420332,11
386008,67.57667,50
386012,10.800334,11
386032,41.59433,23
386064,6.977666,13
386080,30.595663,47
386088,29.626667,20
386144,5.141333,14
386160,13.293333,20
386200,19.814667,34
386204,1.4169999,11
386208,11.275332,16
386240,-1.297,9
386248,36.998,54
386252,4.2103333,11
386260,0.7916665,5
386284,1.9426665,8
386284,15.010334,21
386304,0.6003337,11
386312,1.0223334,7
386312,27.869,7
386316,39.275665,17
386332,25.531666,5
386336,7.969333,8
386340,2.6590002,7
386360,31.050333,11
386392,8.067667,13
386400,5.613333,10
386420,27.648998,7
386420,11.294001,22
386436,28.899666,9
386456,0.27966666,9
386456,19.500002,30
386476,1.2550001,5
386496,32.378334,15
386544,19.973667,31
386544,7.248999,17
386564,2.0616667,5
386584,13.904001,22
386584,24.891666,5
386588,25.834335,33
386616,-1.8743331,7
386632,33.954,12
386636,12.631001,23
386660,1.8036666,11
386664,-3.2343335,7
386692,36.31167,15
386696,49.005997,28
386700,30.813,9
386704,2.1503334,11
386720,26.931667,5
386736,0.10033369,11
386748,0.9156668,7
386756,12.717667,13
386784,8.947334,22
386796,30.764,12
386836,13.986669,20
386840,10.463667,11
386848,3.6353335,16
386860,2.5583334,5
386864,3.0456662,7
386880,24.958332,5
386888,18.25267,38
386904,25.745333,6
386920,10.711333,14
386940,30.353,9
386956,1.7396667,9
386972,43.027,21
387012,4.2966666,10
387012,6.751334,14
387020,29.184334,43
387032,25.011665,5
387040,1.372333,7
387076,29.819668,9
387080,0.85066664,12
387108,-1.6476667,7
387108,29.376,8
387140,27.862665,8
387160,-1.3950001,5
387180,9.122667,18
387196,26.809666,9
387212,34.28933,68
387220,1.7566669,10
387228,36.983997,52
387236,3.7900004,10
387256,-0.33500004,5
387268,5.5139995,12
387308,6.428,24
387380,32.546,38
387384,26.49633,29
387416,55.19667,40
387432,31.140999,13
387468,36.647003,21
387472,24.233664,41
387488,-2.4383333,5
387508,28.371666,5
387532,27.625332,6
387580,29.227333,12
387588,54.834335,43
387596,30.867,41
387600,26.031666,5
387608,26.411667,5
387616,3.7016664,5
387648,6.7766666,10
387652,5.491,13
387668,39.71967,49
387676,34.838333,15
387696,-0.6276666,7
387696,30.244,12
387700,5.513999,12
387724,29.262333,7
387728,0.24766672,13
387744,26.505001,5
387744,1.1406667,12
387748,2.4716666,5
387784,19.650333,21
387796,5.1706667,12
387796,8.167667,13
387812,26.135666,7
387816,4.5150003,5
387824,29.415665,7
387832,0.101666674,5
387836,27.391666,5
387844,24.865,5
387852,1.365,5
387860,-0.648,6
387880,1.2996668,9
387888,28.002333,7
387896,31.61933,38
387908,2.4049997,5
387916,27.096333,9
387932,7.8896666,9
387944,4.3996663,9
387944,44.840996,23
387952,0.5583334,5
387960,9.913667,11
387972,0.26233315,7
388000,7.104,12
388028,0.2823336,7
388032,8.797334,22
388036,35.493,19
388052,35.88,20
388056,1.2390001,7
388064,28.435667,7
388088,4.956333,9
388100,5.3203335,11
388136,12.584,12
388156,11.661003,23
388164,2.3856668,7
388172,24.791662,35
388188,28.456,8
388200,31.296333,9
388216,0.16900015,7
388268,49.054,42
388292,25.512,6
388324,16.720331,31
388332,5.5433335,10
388368,0.052999973,9
388368,28.945995,38
388388,54.98134,54
388420,34.287666,13
388444,2.5853333,6
388468,11.472002,36
388488,1.095,5
388508,45.513336,30
388508,2.7283335,5
388544,14.888332,25
388544,3.7063332,9
388548,20.194996,45
388572,27.772,6
388592,31.097332,12
388612,12.528667,26
388620,10.233002,19
388648,3.5346663,14
388676,5.951333,14
388712,3.8163333,9
388716,40.358665,26
388736,11.894002,22
388736,-0.4716668,5
388740,47.090664,42
388760,25.991667,5
388768,1.3360002,8
388776,5.8919992,16
388792,11.688003,14
388804,30.282333,7
388808,30.806667,10
388808,10.130668,12
388824,2.3716664,5
388828,31.486334,9
388836,-1.0976667,7
388852,0.001999855,6
388868,34.058334,15
388872,5.0296664,9
388900,0.72266686,8
388908,2.5413334,14
388908,2.063,9
388936,7.589666,9
388936,30.715668,7
388936,6.9260006,28
388956,30.764,12
388980,2.327,11
388980,3.7736669,11
388996,3.2283337,15
388996,5.700001,10
389012,4.9726667,8
389056,13.741668,15
389060,7.025334,16
389076,-1.955,5
389104,0.39900017,7
389104,11.696999,31
389140,2.9396667,9
389160,-0.48166662,5
389168,43.422333,27
389188,6.593666,21
389188,28.831331,44
389200,4.9693336,8
389208,27.538334,5
389240,31.773335,10
389248,3.2149997,15
389288,5.29,10
389300,17.461664,35
389320,3.405,5
389328,22.489998,30
389340,31.627666,13
389372,28.729332,8
389380,18.681671,35
389408,13.41667,20
389416,6.9963326,9
389428,-0.48866653,14
389460,49.021664,35
389480,27.671665,5
389484,35.57567,17
389508,3.0820003,6
389540,16.776003,28
389548,1.0356667,17
389556,30.354,12
389580,29.164333,43
389612,7.158667,16
389612,9.064668,14
389632,27.778334,5
389680,16.515,25
389700,9.565667,17
389700,25.404999,5
389704,44.044334,23
389720,25.911667,5
389728,44.03233,47
389732,0.4189999,7
389732,1.1260002,8
389748,4.715667,7
389776,6.2703333,11
389804,35.929337,18
389808,5.688334,15
389812,13.260332,21
389824,-0.95833325,5
389832,5.632,6
389900,40.527332,22
389912,41.74067,22
389948,0.5196667,9
389968,9.769,17
389968,-1.0583334,5
389972,16.074999,35
389992,3.7583332,5
390024,8.838001,14
390024,30.961334,14
390036,40.67166,65
390060,30.339666,9
390072,4.0063334,9
390088,2.0356665,7
390108,4.335,5
390124,44.604332,33
390164,25.984999,35
390172,37.73867,16
390172,9.434001,12
390176,40.065334,26
390192,26.491667,5
390200,3.169,7
390220,1.4450004,5
390224,9.228334,15
390228,2.2463331,9
390244,16.529001,17
390248,5.519,7
390256,27.709,7
390268,10.417002,11
390272,26.905666,7
390312,10.145332,16
390332,12.168334,15
390332,11.765334,16
390352,-1.4216666,5
390356,9.983667,11
390408,5.227667,13
390424,38.479332,18
390460,46.62067,32
390472,5.048667,16
390508,12.620335,21
390524,69.709,67
390552,27.682333,7
390556,33.32467,24
390572,16.494999,25
390572,4.9553337,16
390580,4.712333,7
390584,1.9423333,7
390608,6.003,9
390612,29.469,7
390636,1.5220001,6
390660,12.8966675,20
390672,8.906334,9
390680,37.42267,18
390716,24.408669,36
390716,30.337,11
390724,10.463668,11
390736,3.428333,5
390772,30.804,12
390776,1.331667,15
390804,6.3589997,7
390828,67.627335,42
390832,11.991337,24
390836,35.762,16
390856,7.752333,7
390864,27.609,7
390884,-3.5509999,7
390884,1.1783335,5
390912,27.089,7
390916,12.333668,21
390960,36.803,19
390976,45.850998,43
390980,-0.93499994,5
391044,16.45733,32
391056,0.15333354,20
391076,41.494667,24
391088,27.814667,44
391096,8.474333,13
391108,28.765,5
391176,6.5456667,17
391188,51.431,33
391196,4.5350003,5
391208,46.060997,33
391232,29.153667,11
391260,53.90367,41
391280,4.363667,21
391288,29.555666,7
391312,37.38533,26
391316,27.799667,9
391332,7.0436664,11
391336,26.592,6
391352,24.458332,5
391356,22.353666,31
391364,0.14733362,12
391388,2.4453335,6
391396,9.5183325,15
391396,5.9536667,11
391420,27.655998,8
391464,12.312334,17
391496,1.7126665,8
391504,39.892334,27
391508,15.907335,22
391524,0.53499985,5
391600,45.037,61
391608,14.503669,21
391636,4.229667,9
391652,35.007,11
391656,19.889,37
391656,1.7449999,5
391680,27.512,6
391692,6.19,10
391700,8.170335,11
391720,25.958332,5
391728,0.5329999,9
391732,8.277668,13
391740,26.251667,5
391768,26.352333,7
391792,58.191326,74
391796,11.702001,16
391804,38.01967,19
391816,24.271667,5
391824,32.818,14
391860,24.733,9
391860,32.039,17
391868,10.971998,16
391892,5.882667,8
391900,7.806999,21
391912,-1.1983335,5
391912,5.5603337,11
391916,28.341333,14
391936,4.0686665,6
391964,28.362331,7
391992,4.1089997,7
391996,21.623333,20
392004,24.265333,26
392012,1.4916667,5
392040,4.629667,9
392048,6.134333,13
392052,3.5800002,10
392068,27.442333,7
392100,27.899,47
392100,8.237667,13
392112,5.858333,15
392144,9.180334,11
392168,4.8953333,6
392188,15.009666,19
392192,1.912,6
392196,20.531332,24
392244,6.5246677,14
392248,7.4209995,13
392256,18.258667,16
392312,11.262336,17
392316,34.191666,15
392320,42.979332,18
392340,38.45601,68
392448,20.704332,33
392464,13.773664,31
392468,45.459,37
392472,0.8553333,6
392488,12.578,44
392504,28.589333,8
392524,4.3483334,5
392528,7.5186663,16
392528,6.26,10
392548,18.850002,20
392552,27.235666,7
392568,-2.3116667,5
392592,1.3266665,10
392616,38.864,22
392620,7.6210012,23
392628,2.0030003,9
392636,13.882335,17
392644,28.642334,7
392672,8.697,11
392672,33.347668,13
392692,25.078333,5
392700,7.914666,14
392700,30.805332,16
392732,4.4059997,8
392772,8.496668,20
392796,26.147,31
392812,18.299334,28
392816,30.550333,11
392832,4.306333,9
392896,9.903335,20
392896,15.803669,41
392924,-1.8643334,7
392928,14.333002,29
392960,30.579666,9
392976,45.53533,36
392980,-1.0883334,5
392996,9.322334,17
393000,-1.2013333,6
393016,11.479999,30
393024,2.7020001,6
393060,1.1503333,11
393104,12.125668,27
393104,14.289999,20
393124,22.091993,36
393136,28.196,8
393156,2.5983331,5
393156,14.528002,24
393188,4.6926665,8
393212,17.527336,22
393232,36.033997,32
393248,49.784332,23
393284,8.929333,18
393288,4.6099997,10
393292,4.6183343,15
393304,8.916335,29
393316,0.5486667,6
393336,29.970667,12
393336,27.251667,5
393356,24.878334,5
393360,6.3146667,14
393384,12.941668,25
393404,2.3583338,5
393416,5.4449997,15
393432,10.316,18
393436,17.52167,25
393452,-0.58833337,5
393456,7.511,13
393464,1.049,7
393484,8.435668,17
393504,3.507666,13
393532,35.869003,17
393532,31.164,12
393576,19.436666,30
393576,1.2203329,11
393592,35.211666,15
393592,11.974002,22
393596,-2.6683333,5
393616,-0.56500006,5
393644,2.455667,7
393680,30.074001,22
393700,25.011665,5
393716,23.016996,31
393732,9.037334,22
393736,7.2130003,9
393744,24.287333,42
393756,2.375,5
393756,6.02,10
393776,2.1716669,5
393812,26.506332,9
393836,3.285332,26
393848,29.293,9
393864,22.000002,30
393864,1.9390001,7
393888,6.215333,6
393892,3.950333,11
393924,5.3096666,9
393940,7.0406666,12
393952,3.6256666,7
393960,25.571667,5
393960,37.573666,51
393992,5.963334,10
394012,7.9210005,13
394036,8.176334,19
394040,23.21466,44
394056,10.4853325,16
394084,4.0803328,11
394088,30.602667,8
394096,9.465001,15
394104,-0.23166665,5
394116,2.2656665,7
394124,4.1883335,5
394144,27.485,5
394156,8.611668,15
394160,0.577,11
394168,22.373003,39
394196,31.847668,13
394196,32.906666,10
394204,2.683,9
394216,7.714667,14
394268,3.6386666,16
394312,14.654669,24
394312,41.506332,29
394316,31.150665,12
394340,2.3023334,7
394368,10.651332,14
394388,31.322666,18
394408,62.154327,53
394452,21.455997,28
394464,30.188,24
394464,9.914668,14
394496,28.79233,27
394508,2.757,11
394516,5.541,13
394560,17.109,27
394560,12.731001,13
394560,11.247001,11
394564,18.045666,17
394580,4.3016667,5
394608,-2.0263333,11
394612,6.5493326,8
394620,10.245001,15
394628,2.9016666,5
394632,11.80267,18
394640,5.9550004,5
394672,30.906666,10
394680,5.610999,13
394684,10.739334,18
394708,29.062332,7
394732,0.37200022,6
394744,8.885334,26
394784,3.8809996,13
394804,48.63,30
394812,12.132336,17
394824,30.113333,10
394848,22.86467,44
394864,32.141,13
394884,8.825001,15
394916,20.726,28
394932,7.795666,17
394936,27.298332,5
394948,8.355333,16
394984,32.287666,13
394996,32.748333,15
395028,6.1603336,11
395052,19.898666,26
395056,0.6190001,7
395092,32.259666,9
395096,41.197327,62
395116,3.9950001,5
395124,17.800669,32
395160,4.137,11
395176,48.017002,31
395176,4.5543327,13
395180,4.935,5
395216,5.9929996,9
395252,32.996334,9
395268,5.820999,23
395276,51.662003,46
395304,2.0839996,32
395304,30.909666,9
395364,10.248333,15
395368,37.777668,23
395372,46.093334,30
395388,-0.4646666,6
395408,5.9353304,26
395428,6.894667,14
395448,12.783335,20
395464,30.294666,14
395472,5.4836664,11
395496,13.092335,27
395512,3.1133332,10
395528,2.1486669,16
395532,26.069666,9
395536,11.034,22
395544,1.8093334,8
395560,28.536,8
395580,5.217,11
395580,24.851665,5
395584,5.02,10
395604,26.751667,5
395624,6.7503333,11
395640,33.47167,15
395660,1.1783335,5
395668,3.7403336,11
395672,7.449001,17
395688,51.799667,39
395692,5.782667,8
395712,8.490335,11
395724,5.8426666,8
395736,-0.5346668,16
395744,33.598,14
395756,1.0560001,8
395772,2.102333,7
395784,11.360668,12
395812,1.289,7
395816,10.3116665,15
395816,8.430334,11
395856,38.402,36
395856,1.6803334,11
395876,25.931667,5
395880,5.8253326,16
395904,8.117332,12
395928,29.947666,13
395940,8.375001,15
395972,58.473,39
395992,1.6016667,5
396004,8.775333,16
396004,19.243,19
396024,-0.81499994,5
396060,1.1956666,17
396064,32.295,15
396096,6.536334,9
396100,30.313,9
396100,36.356335,19
396120,65.768005,54
396124,0.85866654,6
396124,29.042334,7
396144,0.8650001,5
396148,0.09900001,7
396164,-2.8916667,5
396188,12.755335,16
396196,1.7459999,8
396224,4.6596665,9
396240,5.0336666,11
396248,50.448997,37
396248,7.598667,6
396264,8.2630005,29
396376,27.780666,32
396388,25.032331,37
396396,24.298332,5
396408,54.358665,36
396408,4.955,5
396424,23.054665,44
396436,3.199,7
396444,0.8816663,5
396448,33.857666,13
396448,1.813333,10
396476,28.316,8
396492,4.330333,11
396500,6.477667,13
396548,5.734,12
396576,30.062332,7
396580,39.15867,26
396704,24.100666,32
396712,31.60834,55
396720,22.44833,35
396748,4.883,9
396752,5.674,12
396752,57.60299,79
396764,35.73033,11
396788,6.4066663,10
396836,8.674,12
396864,8.64267,28
396884,0.52166665,5
396896,4.351667,15
396904,3.2083333,5
396912,49.088997,37
396916,26.491667,5
396940,28.895666,7
396944,64.44266,48
396964,8.811667,15
396964,2.375,5
396968,0.84899986,7
396996,13.8966675,20
397016,3.2576666,13
397032,10.735668,17
397036,2.5566669,10
397056,3.195,5
397068,5.8543334,13
397080,4.798667,6
397088,40.019997,30
397140,39.059334,18
397144,6.548667,16
397168,28.722332,7
397192,46.162003,26
397212,26.958332,5
397232,1.4873333,22
397252,1.5283334,5
397272,27.983332,60
397276,10.108667,16
397304,1.2793332,8
397336,31.078335,15
397352,8.427334,12
397356,49.65567,47
397384,5.3889995,7
397412,27.049,7
397432,34.518326,45
397452,2.6733332,10
397464,23.580667,32
397492,2.2156668,7
397492,7.215,15
397500,34.122334,37
397504,5.0943336,13
397524,3.2193332,8
397528,1.6523335,7
397528,29.206333,9
397544,3.815,5
397548,28.180332,11
397556,1.9189999,7
397580,4.215333,6
397584,3.519667,9
397640,7.941334,14
397652,46.57367,31
397656,1.3196671,19
397680,27.662334,7
397684,26.422333,7
397700,26.278334,5
397700,13.091668,15
397720,-0.45499992,5
397732,27.289333,8
397740,25.818333,5
397760,35.188004,54
397776,18.124336,23
397776,31.220333,11
397808,8.3689995,17
397824,5.3806667,12
397836,4.0323334,7
397840,35.31333,20
397840,8.595332,16
397860,1.2916667,5
397860,2.782,6
397880,33.534668,14
397888,30.414,12
397888,4.832333,7
397900,-0.99499995,5
397916,6.665667,7
397980,35.30667,20
398004,14.970667,22
398024,9.720333,11
398024,10.441333,34
398044,1.2883334,5
398048,20.008999,47
398072,1.9956667,7
398080,8.978001,14
398096,1.5473336,12
398100,28.915667,7
398120,0.46166658,5
398156,26.945997,38
398172,8.387667,13
398216,18.18667,30
398228,17.309332,18
398236,25.978333,5
398248,2.3016667,5
398256,15.107002,21
398272,26.559336,48
398276,27.025,5
398288,27.78,10
398308,25.458332,5
398316,8.576665,20
398336,30.575666,7
398372,9.068001,14
398392,26.765,5
398404,25.817337,32
398404,22.720999,33
398416,7.906667,20
398448,2.3226662,8
398452,3.6873336,12
398496,45.048668,26
398516,16.222668,28
398524,32.45933,18
398544,16.251333,24
398584,4.0433335,10
398592,9.854669,24
398612,1.6156666,7
398636,8.777001,11
398672,25.473001,39
398684,25.75333,40
398708,7.709334,18
398724,9.135998,28
398728,5.9336658,11
398736,1.7556667,7
398760,19.700668,22
398760,4.379333,8
398768,5.319333,8
398780,27.831665,5
398788,25.869,7
398824,31.739666,9
398828,14.802,26
398844,1.7383331,5
398852,4.002666,18
398864,3.7063334,9
398876,10.945665,27
398956,10.089333,28
398964,22.459332,28
398984,1.845,5
398984,10.773334,30
398996,17.86,30
399016,-1.9483333,5
399024,11.869001,17
399044,10.885001,15
399068,16.983667,21
399096,5.979333,18
399100,17.027002,21
399120,30.751,13
399132,5.9393334,8
399140,24.551666,5
399172,14.193002,19
399176,29.123667,11
399184,7.2369995,11
399216,7.949333,8
399216,17.801004,43
399236,4.5049996,15
399240,6.732333,17
399244,28.535667,7
399332,36.746334,29
399344,44.198334,25
399352,24.556334,29
399352,-0.49500012,5
399388,31.637,11
399424,4.906333,9
399428,26.279001,47
399440,38.104004,22
399460,3.6416664,5
399460,15.885667,27
399464,4.813,9
399480,-0.5383333,5
399484,1.1983333,5
399492,9.245668,17
399508,7.1473336,12
399552,14.579001,17
399564,30.414669,14
399572,7.0343337,23
399584,12.264333,23
399616,7.3143325,13
399632,2.9050002,15
399644,30.722332,7
399676,27.470333,11
399680,2.1729999,9
399684,16.155,25
399704,28.869,7
399708,57.203003,39
399712,8.545667,7
399744,11.785334,16
399764,25.378334,5
399780,6.9356666,17
399780,34.233,19
399816,10.884335,13
399820,8.899334,28
399824,7.647001,11
399852,-0.24366653,9
399864,4.617,21
399864,27.456667,10
399864,5.890332,11
399872,-1.1050001,5
399892,1.2083333,5
399908,33.437,11
399936,3.4436665,11
399964,17.45167,25
399972,9.623,9
399984,0.09833324,5
399988,10.946668,20
400000,20.124668,34
400008,1.5316668,5
400016,38.743668,11
400024,5.2066665,10
400032,1.1220002,6
400044,2.4769998,11
400076,31.787,11
400108,5.279333,8
400116,38.635002,25
400132,3.6356673,27
400152,0.018333316,5
400176,4.291666,15
400212,57.394005,42
400220,13.329334,28
400240,25.904999,5
400244,-0.5676664,17
400288,6.670667,12
400288,5.3836665,11
400308,2.7216668,5
400352,9.070333,11
400352,26.226671,50
400380,8.461,23
400396,22.695333,46
400396,5.9169993,11
400416,1.1783335,5
400440,2.284,22
400444,6.338667,16
400484,16.82067,22
400504,3.6083333,5
400516,11.881664,25
400520,15.100001,20
400536,3.6483335,5
400548,30.783667,11
400552,28.175999,8
400556,0.69500005,5
400592,34.41033,11
400596,29.906666,10
400608,6.2413335,14
400620,48.367996,44
400636,-2.1376667,7
400640,5.635,5
400656,3.1349998,5
400676,25.849667,9
400676,14.790001,20
400684,10.587669,23
400704,32.224,12
400712,28.506332,9
400728,7.377667,13
400736,8.904333,13
400744,29.236,8
400748,2.697,11
400764,3.4896665,9
400772,32.215668,7
400792,0.20500004,5
400796,1.8926668,8
400816,25.338333,5
400852,4.3896666,9
400872,14.933668,31
400880,-0.8176667,7
400884,14.210999,23
400892,4.1150002,5
400904,1.1953334,6
400916,3.9426665,8
400928,33.546333,9
400944,0.15566659,7
400948,2.2549999,5
400968,0.62500024,5
400976,4.7693334,18
400996,1.2116667,5
401000,33.584667,14
401016,5.221667,5
401020,26.491667,5
401020,30.980999,13
401032,86.77466,74
401036,0.13833332,5
401072,6.079999,10
401080,5.198333,15
401088,37.675667,17
401092,1.1083331,5
401116,7.7763324,9
401144,15.745668,27
401168,32.597668,13
401196,48.385666,27
401212,-0.119666696,11
401216,36.00267,18
401224,31.601004,33
401232,25.338333,5
401244,1.0623333,7
401260,3.802333,7
401280,3.433667,21
401300,0.6250001,5
401320,6.3750005,15
401336,30.333,9
401340,12.827999,24
401356,28.559666,9
401380,6.4136662,11
401384,5.2703333,11
401444,2.9716668,15
401448,31.822334,17
401464,37.128998,27
401476,67.43767,63
401492,6.400666,12
401512,29.252998,9
401516,7.7676663,13
401532,6.0499997,10
401532,3.4016664,5
401552,26.805,5
401568,13.621,13
401588,0.10499978,5
401656,7.751998,26
401688,27.009333,8
401720,23.131,33
401752,7.149333,8
401784,13.941333,24
401788,0.37966657,9
401796,38.868656,66
401820,5.973,9
401836,1.0533332,10
401844,99.456345,99
401852,11.435333,16
401856,0.3316667,5
401860,11.136667,10
401864,-0.6683333,5
401872,3.858333,5
401876,3.7216668,5
401900,6.049667,9
401908,6.744,12
401916,10.136667,10
401936,24.891666,5
401992,5.723666,21
402016,4.9420004,6
402048,18.194672,44
402088,48.42267,38
402096,37.07633,49
402096,12.043333,20
402108,-0.40166664,5
402136,3.6456668,7
402156,33.038334,15
402172,8.419667,19
402200,-0.46433353,7
402236,56.102333,47
402240,21.183666,21
402264,3.8389993,7
402284,32.383667,11
402284,28.558332,5
402308,12.362333,27
402372,8.980668,22
402384,33.58967,19
402436,24.302673,38
402448,72.869316,78
402464,11.043335,20
402468,0.5493336,8
402484,4.0396667,9
402500,29.309334,8
402504,21.114334,33
402508,2.518667,6
402524,14.681667,15
402532,3.1256666,7
402552,11.050334,11
402560,0.48900008,7
402588,28.945667,7
402596,18.081337,24
402608,-0.25499994,5
402612,1.6383333,15
402640,0.44233346,7
402656,21.277662,33
402672,34.385334,16
402684,14.120667,22
402684,3.3470001,11
402692,25.744999,5
402708,6.6610003,13
402712,-1.0650002,5
402736,28.907667,13
402772,3.3249998,15
402800,27.552998,29
402804,35.972336,17
402804,19.444666,24
402808,3.0896668,9
402824,5.0016665,5
402828,3.7083335,5
402888,11.820335,21
402960,17.077665,33
402968,49.241997,36
402976,11.084,22
402988,28.429,7
403012,6.5196667,9
403032,7.580334,11
403048,6.6199994,20
403068,26.478333,5
403076,15.718666,16
403100,59.148335,75
403104,5.229667,9
403148,6.437,11
403148,19.582998,29
403152,31.657665,13
403168,0.7750001,5
403176,2.2723336,7
403204,7.290665,32
403264,33.841667,15
403268,21.106335,29
403288,2.0816665,5
403316,27.335667,7
403324,15.472335,37
403344,28.131332,44
403372,2.1373334,12
403372,1.9280002,14
403376,45.03267,28
403392,0.56499994,5
403396,5.5109997,13
403408,6.4863324,9
403420,4.925667,7
403432,8.064666,14
403436,3.4200003,10
403456,6.545334,6
403476,14.255668,17
403496,3.3416667,5
403512,3.4346662,14
403524,1.5089998,7
403544,5.1749997,5
403576,7.495333,16
403584,19.272337,37
403592,12.017333,12
403648,35.90867,16
403660,8.503668,21
403684,6.7676673,23
403704,29.211334,14
403712,3.1323333,7
403740,2.683,9
403748,4.1963334,9
403776,29.446333,9
403784,29.346333,9
403816,25.662666,8
403844,90.34865,106
403856,36.08967,49
403860,29.757,11
403880,7.655333,26
403936,17.677668,23
403976,7.8396664,29
403980,28.657,11
404004,2.4823334,7
404036,6.094667,14
404048,7.1836677,11
404076,23.101665,55
404080,8.016666,50
404124,8.259666,19
404156,12.926335,19
404164,7.116667,10
404176,25.925,5
404208,3.573666,11
404216,19.225,35
404228,7.6176662,13
404232,63.20967,49
404244,2.2696667,9
404248,2.205,5
404260,25.722332,7
404268,34.991,13
404280,1.0983336,5
404288,9.443668,11
404300,25.938334,5
404308,9.1883335,15
404320,5.0416665,5
404324,0.106333375,9
404328,10.911668,15
404360,32.387665,13
404368,5.594,12
404388,29.729,7
404388,13.988667,16
404448,19.016666,30
404448,15.946668,20
404468,0.14166671,5
404476,5.4789996,7
404492,18.452003,26
404512,0.675,5
404516,47.044,32
404516,12.697334,12
404532,31.604668,14
404592,37.889668,19
404596,8.913666,21
404600,9.453669,21
404656,57.703667,31
404660,12.608665,16
404668,15.843001,19
404680,-0.735,5
404716,2.6173332,12
404724,30.743666,11
404744,3.0016665,5
404748,47.209,37
404796,29.980667,12
404812,35.72567,17
404824,9.055668,27
404832,1.1583333,5
404852,2.1956668,7
404872,25.591667,5
404892,2.815,5
404904,17.57567,27
404908,40.656334,19
404916,41.551662,65
404924,-0.16166663,5
404948,35.794666,14
404952,30.739666,9
404968,11.758334,15
404972,1.0716668,5
404992,0.038333297,5
404992,10.633667,11
405028,1.6796664,9
405060,8.809,17
405064,25.964998,35
405080,13.946002,28
405096,30.206333,9
405116,34.847668,13
405132,6.4996657,9
405136,20.312336,27
405144,6.2990003,7
405156,16.176336,19
405160,1.7556665,7
405176,-0.16500008,5
405180,-1.8636668,9
405192,2.8393333,8
405200,32.87867,16
405220,10.693335,10
405228,1.7923334,7
405228,32.021,13
405244,29.967667,13
405260,4.7460003,8
405264,28.585,5
405300,8.323334,10
405312,1.3839998,12
405324,27.525333,6
405332,0.385,5
405384,30.611,13
405384,58.607002,41
405396,18.869333,18
405404,25.225,5
405424,0.94833326,5
405424,1.189,7
405444,0.4316666,5
405444,1.5350001,5
405460,16.96967,19
405468,34.36667,60
405500,6.0933332,10
405504,26.193,9
405532,13.7073345,22
405548,8.025332,26
405552,12.661001,13
405560,26.929,7
405584,2.536333,9
405604,18.051666,25
405628,14.143002,19
405636,9.672998,19
405652,37.542336,17
405660,32.274666,14
405672,6.160333,11
405672,4.735,5
405680,0.565,5
405692,3.2949998,5
405712,30.355999,8
405736,1.4269996,11
405748,5.843,9
405792,31.457,11
405792,13.013335,30
405800,37.37867,16
405840,5.7173333,12
405852,8.891667,15
405908,83.00934,68
405916,10.885335,16
405928,19.710667,32
405972,26.627668,33
405980,8.829334,18
405980,31.554333,13
405988,8.816,18
406024,7.5936666,11
406032,10.517667,13
406032,13.151669,15
406052,-0.46833324,5
406056,27.762667,8
406060,27.015667,7
406076,4.5816665,5
406084,14.618002,24
406096,3.4736667,11
406104,27.315666,7
406116,1.6516666,5
406120,30.439667,9
406152,7.8673325,12
406156,14.824669,24
406184,4.769,17
406216,5.6016665,15
406268,15.386335,29
406284,8.492332,17
406288,47.388664,26
406320,4.636,8
406324,1.3366665,10
406340,26.318333,5
406344,1.8349998,5
406372,28.835667,7
406384,74.871994,66
406404,1.2983334,5
406404,3.9093328,8
406416,43.099667,19
406424,25.871666,5
406444,28.386665,10
406448,0.33266664,8
406456,38.20233,47
406476,0.87499976,5
406476,2.7223332,7
406496,13.222668,18
406496,24.771667,5
406496,25.518333,5
406508,35.572,16
406528,-0.5583333,5
406532,5.989667,9
406548,33.021,13
406568,28.993334,10
406576,31.933666,11
406600,15.315333,26
406604,4.599,7
406624,0.18166661,5
406624,2.6753333,6
406628,35.215,15
406652,28.529,7
406672,1.2450001,5
406684,4.0580006,14
406700,58.446,38
406704,26.398333,5
406708,12.473669,21
406768,36.529,17
406780,12.652667,18
406788,19.33967,29
406824,21.166666,30
406836,8.304667,14
406840,4.664333,13
406844,33.493,19
406888,9.662,16
406904,10.692334,17
406908,24.798332,5
406968,25.594,32
407008,18.218334,25
407040,28.797998,34
407048,55.763664,51
407108,22.278332,25
407144,7.0396667,9
407188,23.178995,37
407208,11.452001,16
407224,28.661335,44
407236,29.072334,7
407276,89.40567,77
407284,6.881334,24
407284,9.2350025,15
407304,11.229005,17
407312,8.236334,9
407312,5.285667,7
407332,2.7956662,7
407348,29.429667,9
407352,3.2983336,5
407372,5.655,15
407372,20.470667,22
407404,-0.714,8
407420,31.590666,12
407428,-0.45133328,6
407432,33.406998,21
407448,-0.73833346,5
407456,31.759666,9
407468,2.2263331,9
407492,7.207001,11
407496,29.095667,7
407496,2.9533334,10
407504,41.159332,38
407516,25.778334,5
407520,5.292333,7
407532,6.8430004,9
407532,8.032333,7
407592,10.613001,19
407608,11.159668,19
407612,26.631666,5
407636,-1.7443333,7
407656,52.937004,31
407668,29.582666,8
407676,2.1850004,5
407700,4.486,8
407704,29.249,7
407712,45.639328,48
407720,28.038334,5
407728,4.8686666,6
407756,27.863667,11
407776,33.477333,12
407796,3.391667,5
407828,8.176,8
407856,51.688004,34
407880,10.244334,13
407884,47.106003,68
407900,23.731997,36
407900,1.937,11
407904,2.555,5
407916,0.42966652,9
407920,28.258333,5
407920,0.15166664,5
407948,32.175667,7
407956,2.0776663,13
407968,26.305,5
407980,36.315002,15
408008,16.034334,23
408024,8.637,11
408036,7.158998,17
408036,1.3923335,7
408044,25.404999,5
408072,-0.38699996,9
408092,30.717333,12
408108,49.229332,38
408116,6.707,11
408132,22.854666,24
408132,6.016666,10
408164,0.88600004,8
408168,34.491,13
408184,1.3983333,5
408188,-0.45499992,5
408208,26.345333,6
408208,27.338333,5
408260,23.710665,32
408308,14.6550045,25
408336,14.186333,19
408336,27.580671,32
408348,66.79667,60
408376,30.41,10
408380,6.1303334,11
408392,12.887004,21
408400,6.4510007,13
408416,30.159666,9
408428,-0.9543333,7
408440,28.964,12
408464,16.614,22
408484,1.1250002,5
408484,6.5989995,17
408500,17.905998,18
408516,3.4693332,8
408516,15.156333,19
408552,7.599667,9
408556,38.159332,18
408580,26.822334,7
408592,40.777668,23
408604,35.830666,22
408616,10.391668,15
408624,-1.4516666,5
408624,1.0236666,11
408644,6.7243333,13
408668,-1.1656666,13
408676,5.974333,13
408688,-1.1783333,5
408696,14.026001,18
408700,31.048,14
408740,7.738667,16
408768,3.5159998,18
408772,-0.47399998,8
408792,0.40166688,5
408800,-0.29066658,8
408808,26.563328,30
408852,29.590332,11
408856,35.715332,16
408860,25.026669,40
408864,8.012,16
408884,25.605667,7
408884,1.1483333,5
408908,24.852,6
408912,7.8343334,13
408920,28.626333,9
408928,-0.48166668,5
408936,14.930333,21
408940,-0.69766665,7
408956,29.622334,7
408960,29.185,5
408972,4.6429996,9
408988,-1.4843334,7
409000,27.249,7
409008,35.161003,13
409016,-1.0476668,7
409032,4.0860004,8
409044,29.493,9
409064,26.265,5
409068,53.595665,37
409084,6.4056664,17
409092,29.002333,7
409112,39.743332,20
409124,26.742666,8
409132,41.502,16
409164,5.5643334,13
409172,31.004,12
409188,14.552002,26
409208,0.45033312,11
409228,17.091333,14
409232,18.668335,25
409240,10.181001,13
409268,29.756332,9
409272,28.776001,8
409292,1.1583333,5
409300,12.0060005,18
409316,25.895666,27
409320,1.8649995,5
409320,3.095667,7
409344,26.731998,6
409356,12.614,22
409356,2.3899999,10
409376,-1.1116667,5
409384,28.122334,7
409388,18.105665,17
409408,-0.7683333,5
409416,1.082667,8
409444,2.1956666,17
409472,0.875667,7
409524,11.466334,29
409536,7.632,16
409548,39.12767,33
409556,26.738333,5
409584,29.302334,7
409592,33.987335,62
409640,3.7273335,12
409648,17.051672,25
409648,30.343664,31
409688,30.957333,12
409688,0.37333333,10
409692,8.003667,11
409708,27.551666,5
409708,26.510338,31
409728,1.4383333,5
409744,27.179667,9
409748,6.5016675,15
409760,3.2526667,8
409764,42.839333,18
409792,7.0323334,7
409812,0.93166685,5
409812,16.158998,17
409824,12.039667,19
409852,4.3666673,10
409868,33.217003,11
409872,-0.57166666,5
409872,40.839333,28
409892,-2.895,5
409900,3.6223333,7
409904,13.701,23
409912,4.1103334,11
409924,3.0993333,8
409948,4.559666,9
409968,25.831665,5
409984,6.3736677,21
409984,4.5366673,20
410000,18.406334,19
410012,29.562332,7
410020,32.103,9
410040,1.4523332,7
410076,33.00467,14
410096,-0.12833333,5
410100,13.481002,33
410112,13.192667,28
410124,37.090332,21
410136,6.5330005,9
410156,1.4359999,8
410164,8.799,7
410164,14.691,13
410184,28.469,7
410196,30.302666,8
410220,24.980333,31
410220,10.539667,9
410304,13.633668,21
410348,15.513998,32
410364,41.32733,42
410384,2.9263334,9
410388,38.095345,56
410392,38.207333,22
410408,1.7386668,6
410420,6.6346664,14
410428,26.651667,5
410432,5.187,11
410456,5.7929997,9
410460,35.902336,17
410460,-1.5209999,7
410480,26.078333,5
410488,27.729,7
410500,25.985,5
410508,39.29,20
410536,33.210667,12
410564,1.7956669,7
410572,12.5060005,18
410596,14.394002,22
410600,4.1830006,9
410640,9.099001,17
410648,30.931,13
410660,0.66499996,5
410664,24.230669,52
410712,26.499336,28
410748,20.337332,22
410768,0.57466674,14
410776,20.907331,32
410784,22.263329,30
410788,-2.0716667,5
410804,3.128333,5
410804,6.028,14
410816,28.389,7
410824,26.998333,5
410844,3.325667,7
410848,6.937,11
410884,7.0730004,9
410888,12.049335,28
410904,16.550001,20
410912,27.625332,6
410940,28.746334,9
410940,5.445667,7
410948,18.155334,26
410964,4.8653336,6
410968,-0.23166656,5
410984,30.807001,11
411000,48.196335,29
411004,3.0183337,5
411004,29.279999,10
411008,6.296666,10
411044,30.983665,11
411044,31.203,9
411064,26.045,5
411068,0.11199999,6
411072,40.762333,17
411088,-0.31833327,5
411116,31.903667,11
411148,48.17533,36
411156,34.852333,17
411172,1.0279999,14
411208,8.377667,13
411216,8.005667,17
411236,26.445,5
411264,4.7189994,7
411268,10.5146675,24
411284,1.1983334,5
411292,28.418667,6
411308,29.210333,61
411316,46.50567,27
411328,30.310333,11
411340,2.9506664,12
411392,11.0563345,19
411408,33.64,20
411420,28.282333,7
411420,6.4333334,20
411436,28.615665,7
411444,29.088,34
411448,1.3356669,7
411480,6.0716667,15
411488,4.8866663,10
411512,8.629001,17
411520,36.977,21
411528,0.15733302,12
411564,11.399668,19
411572,6.1103334,11
411596,4.1126666,8
411624,2.7223334,7
411652,8.440001,20
411656,3.696,8
411676,26.571667,5
411708,29.776001,8
411728,0.65166664,5
411736,36.842,56
411736,50.314663,54
411748,41.744667,24
411756,3.525,5
411764,4.8296666,9
411768,-0.39499998,5
411784,25.404999,5
411788,-2.995,5
411796,0.22333336,10
411828,1.367,11
411832,41.93466,24
411832,5.9330006,9
411844,11.364668,14
411856,1.3119998,6
411864,4.3050003,5
411884,28.342333,7
411892,7.338667,16
411900,32.826332,9
411904,26.005001,5
411920,1.6056665,7
411972,14.062668,18
411984,24.272669,38
412004,27.445,5
412024,0.605,5
412028,2.178,14
412032,12.3826685,28
412064,52.22667,40
412072,33.423668,11
412076,9.700334,11
412088,36.275337,16
412104,-1.7676667,7
412108,6.590333,11
412124,1.7683332,5
412132,6.270333,11
412148,5.0733333,10
412160,29.715668,7
412256,57.121002,33
412256,44.688004,24
412256,9.892333,27
412276,26.380333,51
412284,4.702333,7
412304,1.8689998,7
412304,5.0573325,12
412320,3.4253333,16
412332,9.430667,12
412336,27.122665,8
412340,27.671667,5
412352,25.758333,5
412364,-0.3546667,6
412372,28.278334,5
412380,30.557,11
412388,24.103668,21
412392,0.7850001,5
412404,6.203333,10
412432,4.690333,11
412440,2.6306667,12
412468,5.8719997,16
412508,11.687336,32
412528,44.82467,24
412528,27.371666,5
412556,28.619,7
412576,25.945,5
412584,48.451996,36
412604,18.531338,34
412608,36.380005,20
412628,0.078666925,6
412652,9.573001,19
412680,12.954668,24
412688,35.46167,15
412700,7.147333,12
412708,1.825,5
412732,17.563667,31
412744,31.760334,11
412752,6.4969997,11
412772,0.995,5
412844,12.942668,18
412860,27.096334,29
412888,5.4036665,11
412900,2.33,10
412924,40.59266,48
412944,76.322,66
412956,9.475665,17
412972,26.255667,7
412972,11.826001,18
412980,36.728,14
413012,26.476,8
413012,8.633333,10
413016,4.546999,11
413080,18.437,31
413124,10.769335,28
413136,46.896996,31
413164,27.562332,7
413184,31.263996,42
413204,3.941667,5
413208,6.2869987,11
413224,1.5983334,5
413228,47.805336,26
413228,0.73833334,5
413276,3.7076664,13
413292,36.305336,16
413320,2.8356662,7
413336,21.904665,64
413352,13.759669,19
413364,4.6723332,7
413380,31.369,7
413388,35.909,17
413416,9.294333,13
413428,8.374001,12
413436,26.938334,5
413468,5.9966664,10
413476,73.29733,62
413488,18.708336,25
413488,2.6616666,5
413496,-0.08833337,5
413508,44.306,18
413560,10.990999,13
413596,42.082336,27
413616,27.831665,5
413648,2.586,8
413672,21.10867,46
413676,16.57967,29
413684,52.565666,47
413724,7.331001,13
413744,2.8723335,17
413756,12.652333,27
413780,39.754665,14
413780,17.924667,24
413796,5.6133337,10
413824,38.673332,20
413840,10.408332,15
413872,31.017334,12
413888,9.064001,12
413908,26.939667,9
413908,18.674,32
413920,9.276999,31
413928,26.191666,5
413944,6.3830004,9
413948,3.8156667,7
413964,-0.19166672,5
413992,28.142334,7
414004,20.712997,29
414012,28.731667,5
414032,7.1336646,21
414052,-2.2516668,5
414072,9.412001,36
414084,3.9060001,18
414104,25.765,5
414144,5.875,35
414152,41.908333,25
414152,7.173333,20
414168,13.768669,16
414188,1.753,9
414204,30.444334,13
414208,29.533333,10
414228,25.331667,5
414256,-1.6023332,13
414284,25.535667,7
414292,7.452,16
414320,29.169666,9
414320,26.014326,33
414348,27.939,7
414356,61.65766,53
414364,4.7036667,11
414368,13.403004,19
414376,0.5423331,7
414400,8.326333,9
414420,27.098333,5
414452,38.654667,24
414456,19.703335,20
414492,6.506334,9
414496,12.119667,19
414528,5.7663336,9
414544,27.557997,44
414548,3.9676661,13
414552,25.705334,6
414560,16.855667,27
414572,-1.1983334,5
414580,3.615,5
414592,30.950333,11
414596,26.512,6
414600,8.104668,14
414648,15.842334,17
414656,10.855,15
414676,3.612333,7
414692,6.1763334,9
414720,2.1823332,7
414728,31.994663,34
414748,8.039334,18
414748,2.1816669,5
414752,19.316002,38
414752,3.1859999,8
414772,-0.008333385,5
414776,28.275665,7
414800,8.504,12
414804,7.0613337,14
414820,2.2516668,5
414828,1.8176668,13
414840,3.2396667,9
414864,1.6263334,9
414876,12.548002,14
414884,17.756,28
414900,0.036333323,9
414904,39.092003,16
414920,2.4350002,5
414920,7.319668,9
414936,4.9649997,15
414940,0.12166691,5
414968,6.9419994,16
414976,4.4729996,9
414988,26.238333,5
415000,11.376665,20
415012,8.406334,19
415020,6.157,11
415020,4.2950006,5
415048,1.3589997,7
415052,17.882,16
415080,8.881668,15
415092,2.4936666,11
415104,6.917667,13
415120,4.685667,7
415124,5.3016667,5
415124,10.319335,28
415128,29.564,12
415156,8.659667,9
415216,14.694335,23
415216,5.708333,15
415220,35.737667,23
415244,1.4723334,7
415248,15.307003,31
415252,27.629665,9
415284,7.2426667,8
415316,31.919,17
415332,9.510667,12
415332,15.206003,28
415336,13.594334,23
415352,3.7596667,9
415360,3.329,7
415380,0.09833324,5
415400,9.519,17
415412,16.613,19
415416,7.2530007,9
415452,4.147667,13
415488,8.273,19
415496,36.32,20
415508,31.881334,14
415520,-0.39733338,8
415568,37.609333,18
415592,68.29,60
415620,9.5476675,13
415648,4.364667,14
415664,7.6003337,11
415672,14.106999,41
415692,0.91833305,5
415704,36.175327,46
415716,37.002335,17
415756,4.4066668,10
415768,13.2663355,19
415780,24.592,6
415800,0.018333316,5
415828,27.569,7
415884,28.361668,45
415888,5.0216665,15
415904,41.923325,60
415912,33.878662,36
415928,5.070333,11
415956,3.0456672,7
415992,43.614,22
415996,3.2266665,10
416004,15.341002,23
416020,2.528667,6
416020,4.5056667,7
416060,20.807663,43
416088,10.942335,17
416104,4.3203335,11
416132,39.034,32
416164,16.145332,36
416164,37.676334,19
416168,32.526333,9
416204,16.384998,25
416204,3.3366663,10
416228,13.595335,16
416232,5.625667,7
416252,5.458667,6
416256,2.275333,6
416276,12.315669,27
416292,8.2333355,10
416316,-0.9446666,6
416344,14.6223345,17
416416,46.503334,40
416440,19.42467,24
416444,29.006672,60
416452,6.4063334,9
416460,54.052002,36
416504,31.053665,11
416504,32.305332,16
416512,34.138336,15
416536,36.554337,23
416540,2.279,7
416572,-0.31733334,8
416580,43.13967,19
416604,1.0293332,8
416608,12.179335,18
416624,1.3716667,5
416644,25.818333,5
416660,34.187668,13
416668,15.343999,22
416668,23.960331,41
416680,29.182999,9
416688,0.45833325,5
416692,2.8786669,6
416708,27.064999,5
416724,8.822666,8
416744,10.662002,16
416764,9.702,26
416764,24.851665,5
416776,34.661,13
416792,30.238998,7
416812,41.475334,26
416812,5.7573338,12
416852,9.458333,15
416852,29.9,10
416872,7.4449997,15
416876,3.6619997,6
416892,19.483,29
416928,10.086332,19
416928,4.9643335,13
416944,33.901,13
416968,24.541332,24
416980,33.444332,13
416988,33.937,11
417000,0.20166671,5
417012,38.570335,21
417036,5.7963343,9
417048,33.176666,20
417056,-0.5749999,5
417064,29.444334,13
417096,6.9190006,27
417112,38.19867,16
417136,35.64267,18
417148,39.51767,23
417156,8.231668,15
417164,26.069,7
417168,6.0616665,5
417192,13.219999,20
417196,5.3789997,7
417200,10.009666,9
417216,0.27499986,5
417224,5.6986666,6
417236,24.971666,5
417256,27.129333,8
417264,11.582334,27
417292,30.255667,7
417312,25.378334,5
417340,8.283667,21
417348,2.153,9
417360,12.553669,31
417384,31.366333,9
417396,33.058,14
417396,10.463001,9
417412,26.292334,7
417416,3.2949998,5
417436,40.44366,61
417456,3.2469995,11
417492,34.859665,9
417512,4.5883336,5
417520,11.293667,31
417536,1.3720002,6
417556,3.5296671,9
417560,19.440332,31
417560,4.845333,6
417576,16.906666,40
417580,-3.175,5
417600,1.9016668,5
417600,31.28,10
417636,2.0996666,9
417644,30.547,11
417688,8.713668,11
417712,58.696335,39
417716,16.903334,20
417764,43.935677,47
417772,41.111668,15
417780,8.132,16
417784,4.6980004,24
417840,15.033002,19
417848,5.969666,19
417856,6.659333,18
417876,27.802334,7
417884,-1.1676667,7
417888,7.457334,12
417908,3.3383336,5
417912,17.757666,33
417944,4.453,9
417972,7.480667,22
417992,26.258333,5
418020,28.595665,7
418032,3.377333,22
418036,9.873667,31
418052,59.22133,44
418088,6.683,9
418116,-0.1776666,7
418128,4.524667,24
418132,13.394666,24
418156,30.086666,10
418164,7.7996683,9
418164,3.6493335,8
418180,6.2053337,6
418200,2.193,9
418216,27.499666,9
418224,34.226997,51
418244,26.198334,5
418280,2.133,9
418296,8.817667,33
418312,15.754667,24
418344,7.907333,12
418356,5.3936663,11
418356,14.683001,39
418372,3.689,7
418376,6.2646675,24
418384,-0.26433325,7
418388,11.076,8
418392,0.46833336,5
418420,32.156998,11
418420,1.0490001,7
418440,3.0613332,14
418468,27.508999,7
418488,30.649,17
418492,-1.4913332,26
418532,4.6586666,16
418616,25.940666,32
418636,50.582,36
418648,42.08232,57
418664,17.310999,33
418668,-1.2383333,5
418684,2.994,12
418688,-2.7346666,6
418688,16.072668,18
418688,5.855,5
418732,9.793667,11
418736,8.540667,12
418768,5.6029997,9
418816,30.104,12
418816,24.741003,33
418836,17.198336,25
418844,24.685665,7
418852,1.123,9
418864,30.017996,44
418872,29.095665,7
418900,4.672333,7
418904,5.897666,13
418908,9.759333,18
418908,33.017,11
418924,25.978333,5
418944,32.10367,11
418952,5.9789996,7
418972,35.398666,16
418984,0.7060001,8
419004,9.239334,8
419020,3.5563333,9
419024,18.379667,29
419056,1.2196666,9
419080,8.585333,6
419096,15.384334,23
419104,47.153328,40
419140,33.957,11
419160,19.533333,20
419172,6.005666,17
419180,15.979665,39
419216,28.739666,9
419224,-2.7156668,13
419264,7.842002,26
419268,5.7143326,13
419300,28.036,8
419316,38.401,13
419316,15.334334,23
419320,25.485,5
419336,0.9350002,5
419380,0.7153333,16
419400,1.5816666,5
419404,42.551994,66
419436,44.565002,25
419456,0.90833354,5
419464,1.165,15
419496,16.09467,24
419504,34.284,12
419528,71.633995,52
419564,5.4096665,9
419568,8.546001,18
419580,4.289667,19
419584,22.539999,30
419600,4.963,9
419612,0.5223336,7
419660,9.341667,15
419680,25.698334,5
419696,7.037001,21
419700,28.761002,33
419708,2.7323337,7
419740,38.010002,40
419776,0.05300021,9
419784,3.2329996,19
419792,9.361336,24
419796,4.8316665,5
419816,1.1183333,5
419820,15.066669,30
419852,8.643001,9
419884,14.167669,23
419904,21.603334,30
419944,36.828335,15
419992,23.135,35
420004,26.995337,46
420028,13.357002,31
420032,29.369,7
420052,43.519,27
420084,38.761337,14
420088,9.588,24
420112,1.4756664,7
420168,34.604668,14
420180,32.459,37
420196,4.0823326,7
420216,21.297003,41
420216,0.12499988,5
420236,3.7883332,5
420244,2.9023333,7
420260,26.561005,43
420272,13.841002,23
420280,28.986334,9
420300,25.404999,5
420316,3.006667,20
420328,6.239,7
420340,5.0889997,17
420360,2.7016666,5
420372,5.5846663,14
420396,46.171333,34
420416,0.6583333,5
420420,39.62767,23
420460,3.027,11
420496,22.208,34
420508,9.950666,22
420512,7.771002,13
420516,1.2350001,5
420568,7.4110003,13
420576,2.179,17
420584,12.999333,18
420596,0.7983334,5
420604,31.98267,58
420632,4.475667,7
420644,7.641666,15
420652,-2.095,5
420672,3.4723334,7
420672,-0.3383333,5
420692,2.2583332,5
420700,4.392334,7
420720,24.825,5
420720,33.04233,7
420740,4.128333,5
420760,9.893333,10
420760,33.71699,41
420764,4.3519998,6
420788,27.455666,7
420808,-0.6883333,5
420848,84.91334,70
420868,21.542002,26
420900,31.647667,13
420908,37.595,25
420924,45.313667,41
420928,2.968333,5
420948,29.937332,12
420948,26.605,5
420976,13.897668,13
420980,5.9326663,8
420980,26.729332,8
420996,3.1350005,5
421008,-0.17433345,7
421048,9.45,10
421072,37.046333,19
421080,5.7593336,8
421116,3.016333,9
421148,6.139666,19
421156,3.8433337,10
421204,52.498665,56
421216,42.455666,17
421228,12.626,18
421232,44.183662,91
421244,-0.9210002,7
421248,-0.45500004,5
421256,4.4243336,13
421284,31.733,9
421292,31.675,15
421308,7.102,16
421336,4.2569995,11
421344,16.354002,22
421344,8.088333,15
421344,25.829666,9
421396,2.5876667,13
421412,4.3756666,17
421420,39.76967,19
421436,6.143333,10
421464,30.215666,7
421468,0.9006665,12
421488,27.738333,5
421488,42.01267,38
421524,4.6549997,15
421560,10.702668,18
421580,54.13066,42
421584,7.348,24
421596,-1.7236667,9
421620,4.413,9
421628,34.437332,12
421648,25.858334,5
421648,29.235666,7
421668,2.1116667,5
421676,29.909,7
421692,0.44866657,6
421696,1.7316668,5
421716,20.943335,30
421736,29.779999,10
421764,34.81067,12
421780,7.067001,11
421784,24.485,5
421784,39.49433,23
421800,0.27833343,5
421804,1.485,5
421824,32.386665,10
421860,8.236334,9
421900,6.553334,10
421908,45.788673,96
421920,11.709667,29
421944,20.755333,36
421976,8.079666,19
422008,15.247335,22
422052,11.829667,19
422052,27.497,11
422068,47.097,31
422092,9.110001,10
422104,41.196335,49
422120,4.0476665,13
422128,33.376335,9
422148,28.331665,5
422176,35.29467,14
422204,6.067999,14
422220,23.42967,29
422236,38.782,46
422248,3.8290002,7
422268,31.772,16
422268,43.67433,23
422284,32.867332,12
422288,3.955,5
422304,29.899666,9
422316,28.822334,7
422352,17.762,26
422356,31.963333,10
422372,8.602333,17
422380,29.582333,7
422380,8.645333,6
422384,20.005,25
422400,-0.1776669,7
422408,-1.1609997,7
422436,4.3389997,7
422436,6.043,9
422452,39.849335,18
422492,8.271334,14
422504,41.422333,17
422524,10.786002,18
422524,-0.12166667,5
422524,48.594994,35
422544,-0.6650001,5
422544,27.744999,5
422556,30.792,16
422572,-1.1676667,7
422592,9.189,17
422616,6.502666,18
422620,27.675667,7
422640,8.939001,17
422644,11.854,22
422660,5.595,5
422664,27.798332,5
422680,10.468666,16
422684,4.0016665,5
422732,11.082668,18
422736,6.528,14
422756,52.724663,34
422780,7.0036664,11
422792,5.6316657,15
422800,33.086998,11
422824,13.518334,35
422836,6.1029997,9
422844,27.550999,13
422876,2.2143333,13
422880,38.055,25
422908,5.395333,16
422908,7.7426667,18
422908,31.189,7
422948,10.749334,18
422952,31.777,11
422956,8.247333,12
422976,1.2949998,5
422988,30.926666,10
423044,19.178003,34
423052,36.039665,19
423116,22.020664,32
423124,46.801,43
423128,12.166333,19
423144,1.7249999,5
423152,2.7086663,6
423160,32.523666,11
423180,27.689667,9
423200,26.545,5
423204,48.74667,40
423208,7.8446665,14
423236,1.7096668,9
423240,3.426,8
423248,22.107336,22
423256,32.751,13
423260,5.2416663,5
423280,-1.425,5
423300,10.815334,16
423332,6.166,8
423364,11.630333,21
423368,-0.47366667,9
423376,20.039999,30
423392,5.555333,6
423404,1.2956667,7
423412,3.5816667,5
423420,58.607666,43
423428,26.032,6
423444,28.252666,8
423452,14.934001,22
423468,4.510667,12
423472,3.8683338,5
423472,11.407001,11
423472,1.5356665,7
423496,4.452,6
423520,4.917333,12
423528,25.802666,8
423548,28.109,7
423548,-1.5716667,5
423564,16.938005,24
423580,29.949333,8
423584,-0.1316669,5
423584,3.156333,9
423596,22.270332,31
423600,0.5416665,5
423604,27.591667,5
423620,27.678333,5
423624,0.9183333,5
423632,2.7496662,9
423640,31.874666,14
423652,29.062332,7
423668,4.597334,12
423696,3.629,7
423704,38.812004,16
423756,38.917664,13
423760,21.918999,27
423780,1.0516669,5
423788,-0.00066655874,8
423796,7.5883327,25
423816,3.2023335,7
423832,30.546333,9
423832,34.114334,13
423836,30.043665,51
423860,2.9323335,7
423864,29.286,8
423884,25.298666,6
423904,2.148333,5
423940,8.346333,19
424004,31.238667,16
424024,63.099,47
424028,3.238667,6
424060,48.04367,61
424076,3.290667,12
424084,32.59167,45
424100,37.043,19
424112,0.6176667,13
424116,7.423333,10
424144,3.1826663,8
424144,33.225,15
424144,5.379,7
424156,2.8779995,14
424200,6.3103337,11
424204,35.538334,15
424224,26.825,5
424232,16.480669,22
424240,37.284668,24
424268,2.7956667,7
424276,7.241001,13
424284,31.921001,13
424304,1.975,5
424308,6.2123327,27
424324,4.5980005,14
424344,25.665,5
424356,3.3176668,13
424360,12.340335,21
424384,14.902999,19
424412,28.835667,7
424468,19.247,31
424480,21.150002,30
424488,46.89099,33
424496,0.569,7
424500,39.160667,22
424516,-1.8010001,7
424524,2.9556668,7
424528,8.100669,12
424556,28.686666,10
424564,5.4733334,10
424564,9.388665,16
424596,5.1123333,17
424604,33.856667,10
424608,9.277667,13
424620,9.051332,14
424632,27.142334,7
424648,4.692333,7
424680,1.544,12
424700,27.578333,5
424700,31.611,13
424728,1.9489999,7
424748,4.3283334,5
424752,9.784334,13
424788,9.713,9
424804,34.977337,52
424808,13.335002,15
424808,24.298332,5
424824,-0.755,5
424840,28.609333,8
424844,31.592999,9
424856,3.7393334,8
424868,45.298325,65
424880,5.2766666,10
424884,2.2623332,7
424888,2.335,5
424956,18.67933,28
424972,12.737333,22
424996,20.979668,29
425004,49.922997,29
425012,-0.38333333,10
425024,27.629,7
425052,31.746666,10
425060,37.628,14
425064,36.962334,27
425080,27.851665,5
425116,12.491002,23
425152,4.4863334,9
425164,21.706001,28
425168,33.464,22
425172,9.585665,27
425236,35.749336,18
425252,15.485002,25
425256,26.931667,5
425272,15.465002,25
425284,1.1426668,8
425284,29.629,7
425292,1.1116668,5
425320,7.2556677,7
425320,-0.013666391,9
425328,30.350334,11
425364,33.176334,9
425420,13.051667,25
425432,57.052,66
425456,2.6486669,6
425460,36.084667,24
425472,7.0676665,13
425492,28.282667,8
425512,28.14266,48
425512,0.33499992,5
425536,13.746667,20
425548,32.896336,19
425548,4.406333,9
425564,0.84566665,7
425584,5.1096663,9
425596,29.327333,12
425600,29.019667,9
425640,19.194004,32
425660,25.011665,5
425676,37.363,19
425680,26.505001,5
425688,12.811001,23
425700,1.8316667,5
425724,29.926334,9
425756,4.7826667,8
425792,10.697666,23
425808,9.624333,13
425832,5.9853334,6
425832,36.264,62
425856,0.12866667,6
425872,18.923004,49
425904,8.674,12
425912,15.153335,20
425936,35.78533,16
425964,5.8450003,15
425976,6.438666,16
425984,10.760668,12
426036,7.0583334,15
426044,15.000001,20
426048,1.2753335,16
426060,71.909,67
426084,32.590668,12
426088,3.439,7
426092,6.434,12
426108,30.751667,15
426120,5.063,9
426124,2.3096662,9
426148,4.1990004,7
426148,30.943333,10
426180,4.6793327,8
426180,33.701332,14
426184,9.003,9
426220,2.8563333,9
426236,30.588667,36
426252,4.289333,18
426296,10.322999,19
426296,33.818336,15
426332,1.793,9
426352,-2.0616667,5
426372,8.3029995,19
426412,13.921667,15
426412,51.410004,40
426464,77.91365,71
426488,15.943003,19
426496,11.733667,21
426516,27.389,7
426528,33.562,16
426532,50.62333,40
426544,2.329,7
426560,10.208669,16
426608,8.473333,20
426624,12.140003,20
426644,9.236334,9
426664,4.853333,10
426668,27.032,6
426712,6.883667,11
426724,7.645001,15
426728,29.54733,42
426776,38.886997,61
426816,0.9466667,10
426820,13.371334,24
426828,23.793003,29
426828,13.065001,25
426876,10.343999,12
426884,6.6686664,16
426904,8.716332,19
426928,31.513666,11
426956,27.745003,35
426984,17.852335,27
427000,6.359333,18
427012,5.1379995,14
427040,20.384665,34
427048,1.393,9
427068,8.109,17
427084,6.3430004,9
427088,2.5949998,5
427100,37.131668,15
427120,-1.9083333,5
427136,36.234337,13
427152,25.227333,42
427208,12.080002,30
427228,17.419003,27
427284,4.0413322,14
427304,-0.79166675,5
427312,53.547997,44
427324,27.338333,5
427332,28.834997,45
427344,29.671665,5
427376,17.477333,42
427384,7.4900007,10
427396,4.1083336,5
427404,39.431,23
427484,18.356668,20
427496,38.436993,41
427508,51.683662,31
427512,3.089,7
427540,27.003666,11
427544,19.932331,37
427560,33.794334,13
427580,2.073,9
427588,17.363,19
427608,9.705668,17
427640,37.626667,20
427644,3.3946662,14
427740,41.125,25
427744,29.331331,34
427752,26.147673,43
427768,0.43233347,7
427796,48.865997,38
427804,11.977666,13
427812,6.7569995,11
427828,8.873669,21
427840,3.9390001,7
427844,34.484,12
427864,31.679667,9
427884,7.9600015,20
427892,7.0710006,13
427916,11.029335,18
427932,8.243334,10
427936,1.1916666,5
427936,5.127666,13
427948,16.573668,21
427968,26.189333,8
427968,3.5083334,5
427976,9.81,10
427992,4.0420003,6
428000,37.072334,17
428020,3.4709997,13
428028,26.575666,7
428040,0.4383334,5
428040,35.997337,12
428044,36.002335,17
428060,-0.75166667,5
428080,4.856666,10
428116,6.641334,14
428144,5.3186665,16
428152,12.04367,31
428152,9.509666,9
428188,4.5730004,9
428192,36.244003,12
428216,28.40767,43
428232,41.426666,20
428232,28.910334,11
428236,-3.2316666,5
428248,6.0779996,14
428284,32.156334,9
428284,4.724334,13
428292,6.6483335,15
428320,6.839668,9
428368,14.027002,21
428372,39.956665,20
428376,3.478334,35
428408,13.300669,22
428428,5.2346663,14
428444,12.8429985,19
428448,25.438334,5
428448,2.9499998,10
428468,1.045,5
428484,18.139002,27
428496,3.8676667,13
428516,7.124001,12
428516,3.6183333,5
428528,6.6836667,11
428552,9.405332,26
428588,10.536001,18
428596,7.7933335,20
428624,11.179335,18
428628,19.611668,25
428652,29.542334,7
428660,9.701998,16
428668,9.616666,20
428672,-0.5616665,5
428700,2.8466668,10
428704,5.4196663,9
428732,35.412,26
428764,6.128333,15
428776,9.597,11
428800,17.360664,32
428800,19.451666,25
428828,32.042,16
428836,4.8383327,15
428860,2.7426667,8
428864,3.2456667,7
428876,35.763,19
428892,17.731,23
428896,27.782665,8
428896,-0.7016666,5
428904,2.617,11
428936,3.9699998,10
428952,8.134999,15
428956,31.284332,13
428972,0.13833332,5
429008,11.017668,13
429044,6.6963334,9
429048,7.9630003,19
429080,3.346333,9
429088,17.389338,38
429100,-2.0916667,5
429116,19.928333,55
429128,6.6200004,20
429152,32.954334,13
429156,10.062333,17
429172,3.7749996,5
429176,32.387333,12
429184,15.129002,17
429196,25.951666,5
429208,0.6296669,9
429264,42.93667,20
429288,35.661,23
429292,4.4956665,7
429304,45.24567,37
429320,12.522669,28
429356,37.341003,13
429368,6.954,12
429376,12.690332,21
429392,3.0730004,9
429400,15.672667,28
429412,0.20833337,5
429444,6.010333,11
429452,13.216999,21
429460,2.1270008,21
429476,29.848667,16
429488,31.690334,11
429544,17.210335,21
429556,15.365668,17
429564,0.13833308,5
429592,32.813,9
429660,37.892334,17
429664,31.56433,53
429664,27.748997,47
429680,18.549667,29
429700,0.39666677,10
429708,0.8903332,11
429716,28.396332,9
429720,36.414665,14
429728,5.1016665,5
429736,0.37633348,9
429768,5.971,13
429776,7.9946675,14
429788,13.015,15
429804,11.0423355,17
429820,28.607666,13
429828,10.277667,13
429832,27.215666,7
429844,1.4786668,6
429848,1.0983336,5
429856,1.3953335,6
429868,0.58500004,5
429872,38.15367,21
429876,1.8893332,8
429904,27.553001,9
429920,11.288666,16
429948,5.229,7
429956,10.953333,20
429992,38.620667,22
429996,24.840332,31
430012,8.511999,16
430016,0.645,5
430036,34.136665,20
430052,9.083334,10
430072,7.021333,14
430096,12.391666,15
430100,13.142335,27
430124,2.5453336,6
430128,33.17967,19
430140,6.6536665,11
430148,2.2583332,5
430172,7.360668,12
430184,3.0136664,11
430196,20.683662,31
430256,7.0660005,18
430264,9.654337,23
430272,17.313665,31
430288,4.8486667,6
430292,-1.5383334,5
430292,29.519665,9
430324,5.1530004,9
430336,2.4903336,11
430340,40.052002,36
430344,14.764338,13
430388,4.0876675,13
430420,4.352667,8
430472,33.11767,13
430480,18.72133,34
430528,35.05467,14
430536,48.332985,49
430548,-2.4816666,5
430560,64.413,59
430580,4.2103333,11
430584,25.298666,6
430604,2.0049996,5
430608,42.790665,32
430632,14.590335,21
430644,5.019999,10
430660,29.182333,7
430672,28.395668,7
430704,12.354669,24
430732,37.819336,18
430740,2.7296662,9
430744,57.000336,41
430764,26.711666,5
430768,24.668,24
430772,30.829334,8
430776,29.663666,11
430800,2.0696666,9
430812,5.3196664,9
430820,26.278332,5
430824,7.1610003,13
430828,13.258336,15
430836,5.2753334,6
430864,5.120333,11
430872,4.573,9
430888,31.785,15
430900,28.355667,7
430908,10.483667,21
430916,3.0423334,7
430936,7.9393334,18
430936,0.2850001,5
430940,9.686666,10
430980,32.777,11
431004,7.5653334,16
431008,10.492666,18
431008,26.595667,7
431036,27.855999,8
431052,3.113667,11
431060,44.982666,38
431080,0.28833342,5
431088,7.176333,9
431100,15.687666,23
431128,4.0323334,7
431140,3.671,13
431144,13.155334,16
431168,0.9956666,7
431180,7.399667,9
431184,34.001335,14
431188,-1.1016667,5
431216,1.6629999,9
431216,3.3893332,8
431224,22.115667,47
431268,3.8076665,13
431276,0.581,13
431276,9.777335,22
431280,9.072,16
431288,0.004999995,5
431308,2.8823328,7
431316,30.406666,10
431324,2.2363334,9
431344,5.325667,7
431352,8.262333,7
431396,5.157,11
431408,15.981668,25
431416,27.398333,5
431428,16.850334,21
431452,6.576333,9
431460,33.491997,46
431484,2.4753332,6
431488,12.78167,15
431572,12.55667,30
431580,15.648003,24
431592,10.468668,26
431596,1.6986665,6
431604,34.119663,49
431624,1.845,5
431632,0.4200003,10
431648,8.450999,13
431660,30.026333,9
431668,1.1750001,5
431668,6.490667,22
431680,3.1183333,5
431696,5.4523335,7
431716,5.7903337,21
431724,0.9956665,7
431768,12.060669,22
431788,29.698334,5
431796,10.073334,20
431796,27.710665,32
431816,25.265667,7
431844,31.400667,12
431852,20.097336,32
431860,4.6253333,16
431880,5.582333,7
431892,29.996334,19
431912,8.188999,17
431932,1.4283335,5
431964,17.963667,21
431992,1.3256665,7
432000,8.555666,17
432028,7.819,7
432032,32.564327,43
432036,7.3803344,11
432036,53.132004,36
432056,4.5523334,7
432080,32.437,11
432084,1.7756667,7
432120,3.6699998,10
432128,32.840332,11
432148,47.962997,29
432168,26.531666,5
432180,6.727667,13
432188,3.6423337,17
432196,6.415667,7
432208,4.912334,7
432232,6.916333,9
432236,3.082333,7
432256,28.528332,55
432268,30.179667,9
432300,9.272667,28
432348,12.216666,20
432372,15.071335,34
432396,17.137999,24
432404,5.0713325,14
432408,1.503,9
432428,24.851665,5
432432,56.404663,44
432440,6.8970003,11
432516,4.9626665,28
432520,14.047337,22
432540,15.356001,28
432540,-0.76833344,5
432572,27.889334,8
432584,8.307,11
432616,35.794666,44
432620,4.2163334,9
432628,6.0559993,28
432672,9.630334,11
432692,3.2916663,5
432712,0.59833324,5
432720,28.069,37
432728,19.042332,27
432752,26.57,10
432756,6.7730002,9
432768,31.279333,38
432780,0.45533347,6
432796,35.919003,17
432800,34.430664,12
432812,5.4936666,11
432816,0.6830004,9
432840,28.882332,7
432840,5.615333,6
432844,0.70066667,12
432868,0.008666754,6
432916,16.666334,19
432944,14.033003,19
432948,19.889,27
432952,6.9996667,9
432972,29.489,7
432992,3.9499998,10
432992,20.999342,48
433024,3.7243338,13
433028,1.9563334,9
433048,28.831667,5
433104,17.989336,28
433108,13.580335,21
433144,10.3813305,24
433148,29.177,11
433172,-2.148,16
433180,3.2026665,8
433196,33.871002,13
433236,18.704002,72
433240,11.152334,17
433252,2.1046667,14
433268,30.362667,8
433268,0.82566667,7
433288,3.3350003,5
433308,10.254667,14
433316,25.958002,34
433352,39.510334,21
433376,40.30233,17
433380,23.784336,23
433432,4.584333,13
433456,9.246667,20
433460,23.295334,36
433476,34.057,11
433488,51.781334,34
433488,0.44599962,8
433532,7.900334,11
433552,26.465,5
433576,35.843002,29
433584,23.485666,27
433604,20.709667,29
433632,6.447333,12
433632,5.3123336,7
433660,29.552334,7
433660,15.260336,21
433692,15.658332,35
433716,1.8113333,14
433780,11.51,30
433800,31.434002,42
433820,-0.4949999,5
433832,55.451668,35
433840,26.404999,5
433840,41.97033,31
433860,26.931667,5
433892,29.597666,13
433924,38.84767,23
433928,3.6296668,9
433936,17.633,19
433936,29.529667,39
433960,-0.80733335,8
433988,36.86767,13
434012,17.907333,22
434024,4.623,9
434044,-1.645,5
434056,6.7169995,11
434088,3.9570003,11
434108,25.931667,5
434108,32.884335,43
434132,28.885334,6
434140,30.275002,45
434152,0.6516669,5
434160,28.991667,5
434164,10.531334,14
434180,1.3583332,5
434208,8.009334,38
434276,40.68267,28
434284,41.63767,33
434292,18.132666,28
434312,17.345335,26
434328,7.4136667,11
434356,7.5733337,20
434376,1.5683334,5
434404,6.3823333,7
434440,44.559334,28
434448,9.740334,11
434500,4.734333,13
434532,24.0,60
434544,0.38700008,11
434592,31.609337,38
434604,16.996002,18
434608,44.718,74
434628,25.965332,6
434636,20.321001,23
434656,29.062332,7
434664,4.6846666,14
434684,8.7473345,12
434728,11.476001,18
434732,13.419001,17
434748,4.1619997,16
434748,26.058334,5
434768,25.904999,5
434792,31.790333,11
434800,25.883997,52
434800,3.0793333,8
434820,1.6716666,5
434820,2.5549998,5
434844,30.254333,13
434864,1.4850001,5
434864,4.963667,11
434912,24.255,45
434916,3.674333,13
434920,10.265001,25
434952,3.5826669,8
434972,-2.1316667,5
434976,16.65267,28
435000,6.382333,7
435004,12.0476675,23
435020,2.715,5
435040,27.211666,5
435048,5.802666,18
435048,45.334335,33
435068,10.305335,16
435144,14.594669,24
435168,9.923332,30
435176,15.171333,34
435196,12.264333,13
435220,3.1610003,13
435220,27.209335,38
435240,1.145,5
435244,14.629003,17
435260,9.702001,16
435264,-1.8816667,5
435280,2.3983335,5
435316,27.112999,9
435336,42.918003,24
435344,17.247002,31
435348,27.622665,8
435368,4.5716667,5
435380,6.516333,9
435408,30.2,10
435428,4.437333,12
435476,4.497333,12
435480,37.374672,54
435608,27.907331,32
435644,26.362997,59
435648,44.02267,78
435660,7.9243326,13
435692,60.314667,54
435696,5.911,13
435724,18.909666,19
435728,36.948997,17
435756,5.1786666,16
435760,8.496334,9
435764,8.702335,17
435780,33.107666,13
435800,2.5130002,9
435828,7.645667,17
435840,41.680332,21
435860,1.1349999,5
435868,6.8390007,17
435912,4.7076664,13
435992,10.383334,20
436004,26.948,44
436032,57.097664,63
436040,2.5373333,12
436060,3.4016666,5
436088,28.142334,7
436092,10.250667,22
436120,0.90566677,7
436148,13.009668,29
436164,4.9103336,11
436168,37.08,20
436168,-1.6883333,5
436176,67.29567,77
436204,30.373001,9
436216,1.6343336,13
436240,33.078667,16
436248,-0.20966673,11
436268,26.111668,5
436328,32.54667,40
436416,22.76567,37
436416,31.844666,44
436424,40.954666,24
436452,3.009667,9
436488,37.336,68
436500,5.2529993,19
436520,1.7583332,5
436540,7.5406685,22
436544,2.4886668,6
436548,7.321667,15
436588,35.803665,11
436596,8.3880005,14
436600,-1.1979996,46
436632,4.473,9
436656,7.2313323,14
436700,10.219002,17
436716,2.3183327,15
436740,19.589336,38
436744,0.5969999,11
436756,4.37,10
436764,27.172,6
436824,9.385,15
436856,18.885998,28
436860,2.6296663,9
436872,19.313004,29
436876,2.8249998,5
436936,55.535664,97
436952,15.480001,20
437028,30.792665,38
437036,18.247,21
437044,23.235668,27
437048,-0.2783333,5
437084,69.98199,56
437104,34.878,14
437132,7.3746676,24
437152,19.282333,27
437156,20.87267,18
437184,-0.85766673,7
437188,30.219667,9
437196,10.224332,23
437204,3.2350001,5
437220,25.892,6
437240,8.351001,13
437272,21.718332,35
437276,9.528001,14
437292,8.181001,13
437296,36.920998,23
437296,3.3616667,5
437304,31.542667,8
437320,-0.22133338,6
437320,29.069,7
437324,0.16233349,7
437340,3.5183332,5
437356,1.7696666,9
437360,8.539667,9
437372,33.225666,17
437376,4.7483335,5
437396,7.183,9
437400,26.585667,7
437404,15.952003,16
437424,0.2783333,5
437436,4.075001,15
437444,5.9840007,12
437452,35.081,13
437476,1.4066665,10
437480,7.344667,14
437508,27.482666,8
437512,32.151665,15
437516,34.556,18
437524,4.173667,11
437528,2.7316668,5
437544,2.1956663,7
437548,4.3963337,9
437560,4.4793334,8
437588,29.862333,7
437596,-0.1656661,13
437712,22.06367,41
437728,50.715004,35
437740,28.982334,7
437756,32.532665,58
437784,17.319,47
437800,13.318335,15
437812,25.895666,7
437816,11.67067,22
437852,4.324666,24
437872,1.3183336,15
437904,10.084002,22
437916,8.222001,16
437944,9.153334,10
437956,34.397,21
437964,9.910335,41
437968,3.1810002,13
437984,10.326667,10
438016,32.14733,12
438020,7.615332,16
438040,8.359668,19
438060,0.10166669,5
438060,13.636333,19
438064,7.6736665,11
438076,27.738335,15
438080,26.218334,5
438088,0.40233338,7
438124,31.703667,11
438128,13.948667,16
438148,2.975,5
438168,-0.018333316,5
438192,10.679001,17
438220,26.649,7
438220,16.171,33
438224,14.202331,37
438268,5.0773335,12
438280,3.4916666,15
438288,2.2350001,5
438296,7.666,18
438312,28.612,6
438324,27.997,11
438344,5.109333,8
438356,8.6050005,15
438360,20.835999,48
438364,26.085,5
438392,-0.4973333,8
438396,12.426002,18
438456,10.428334,25
438488,17.607,31
438520,7.395333,16
438528,2.3666663,10
438528,22.174667,34
438528,30.977667,33
438544,-0.06466675,6
438556,3.0756664,7
438572,1.3836666,11
438584,5.6489997,7
438604,42.076336,19
438620,11.526333,19
438648,7.4003334,11
438664,4.810333,11
438668,2.8316662,5
438700,13.226334,29
438728,28.973001,39
438728,10.658335,15
438752,0.12533331,6
438772,21.489002,27
438788,34.097332,22
438788,5.8829994,9
438816,6.3323336,7
438844,8.911333,14
438856,3.2966664,10
438872,5.5456667,7
438872,29.211998,36
438872,16.125002,25
438892,0.8196665,9
438912,2.1916668,5
438916,30.937,11
438924,8.997667,13
438952,4.199666,9
438952,6.1466665,10
438964,8.116667,10
438972,-0.11500001,5
438988,6.653,9
438996,15.330335,31
439004,28.349333,8
439016,-1.0016667,5
439020,7.5546675,14
439032,0.6656667,7
439032,32.043667,11
439068,29.491,13
439072,34.127666,13
439076,5.507,11
439104,-0.77733326,8
439104,34.382668,18
439112,5.656333,9
439128,28.565334,6
439148,-1.1083333,5
439168,12.115,25
439204,4.949667,9
439224,19.519337,28
439236,41.541,33
439252,1.3290002,7
439252,8.364,12
439256,20.722334,27
439264,-0.35433352,7
439300,32.16033,11
439324,8.836,18
439336,29.673,9
439344,8.787668,23
439364,0.45500028,5
439372,6.2796674,9
439384,1.6449999,5
439400,38.46967,19
439400,3.6289992,7
439408,2.0386667,6
439432,5.5360003,8
439432,0.90199983,6
439452,2.2750003,5
439452,1.815,5
439472,28.098333,5
439496,12.511334,24
439504,52.509995,60
439508,6.9696665,9
439536,27.062332,7
439556,34.167667,13
439576,8.63,10
439584,17.974003,22
439620,2.8786669,16
439632,6.511333,14
439644,9.778335,15
439672,4.9276667,13
439712,80.285,65
439732,42.124,22
439740,3.4789999,7
439752,15.93,30
439760,26.718334,5
439768,2.5429997,9
439788,27.003,9
439804,10.507669,33
439808,25.951666,5
439828,10.875,15
439840,14.546668,20
439844,28.686333,9
439844,2.9333334,10
439864,24.811666,5
439888,6.4306674,12
439896,6.8990016,17
439912,33.198997,17
439924,2.9223332,7
439956,1.2389996,17
439960,4.080667,12
439960,32.003,9
439980,2.7483335,5
439988,50.25367,31
439988,29.249,7
440012,2.4786663,6
440036,8.907999,14
440140,23.817337,32
440160,27.551666,5
440204,59.93399,62
440236,4.0860004,8
440236,9.796332,19
440272,50.297,71
440292,1.5450001,5
440308,33.529335,18
440328,2.6516666,5
440336,8.233667,11
440336,15.111667,25
440356,0.6149999,5
440376,2.0049999,5
440424,40.85733,22
440456,54.055004,105
440468,8.850332,11
440472,11.958003,24
440500,1.1926665,8
440508,51.978336,45
440508,-4.019,13
440520,34.244,12
440528,2.5783334,5
440540,26.071667,5
440540,1.4066668,10
440564,2.9813335,14
440584,25.471666,5
440596,5.8146663,14
440612,11.310333,21
440628,-0.023000062,11
440648,7.7909994,13
440660,32.684002,12
440664,25.550333,31
440696,5.309,17
440752,8.551999,26
440764,15.1516695,25
440776,4.4299994,20
440780,20.203333,30
440804,4.105667,7
440816,11.392002,16
440832,10.6623335,17
440836,-0.9916667,5
440844,10.235332,16
440856,5.781,13
440872,28.006332,9
440884,11.3,10
440888,-1.2873333,8
440892,0.6650002,5
440912,28.355667,7
440924,5.196333,9
440944,0.16166675,5
440952,-0.85500014,15
440956,4.4269996,11
440976,32.235332,36
440976,28.465,5
441000,26.452,6
441020,18.005667,17
441048,27.648998,7
441064,34.308666,16
441092,16.99567,37
441100,30.733002,9
441104,8.958,14
441108,16.761003,33
441120,1.1583334,5
441128,-2.755,5
441172,33.587666,13
441188,7.6349998,15
441208,9.222,26
441236,25.808668,36
441240,8.432335,17
441244,32.188,14
441288,8.904,12
441288,13.63667,20
441316,28.315666,7
441336,4.1216664,5
441356,6.1889997,17
441376,7.7433333,10
441396,0.865,5
441412,18.657335,42
441432,7.613,19
441464,33.854332,13
441464,13.752335,17
441488,9.791333,14
441508,4.6169996,11
441508,1.065,5
441528,4.2883334,5
441532,54.18802,74
441536,-0.53100014,7
441560,39.561337,24
441564,6.7696667,9
441592,27.445667,7
441604,16.089333,18
441640,41.23,20
441648,12.834667,14
441668,27.427668,33
441688,2.8916664,5
441700,7.2643332,13
441708,26.805,5
441740,2.5466669,10
441740,46.024998,25
441752,33.397,11
441760,4.881667,5
441788,1.5056667,7
441808,10.625668,17
441840,6.4643326,13
441856,65.53767,63
441864,8.825999,28
441908,5.167,11
441920,10.2993355,28
441944,18.040668,22
441948,25.713333,10
441988,22.309,37
441996,8.966333,19
442000,8.647665,13
442004,8.741667,15
442040,31.343666,11
442044,0.5813334,14
442076,4.273,9
442100,45.918335,25
442104,1.8523331,7
442108,3.6219997,16
442120,12.243,29
442148,28.975666,7
442152,3.8169994,11
442184,1.4330001,9
442208,6.474666,14
442236,11.624333,13
442264,30.019997,40
442276,-0.26333308,10
442296,77.22967,49
442316,26.045,5
442344,13.286669,20
442348,16.046001,18
442352,9.813,9
442384,4.5559998,8
442420,46.517662,53
442428,17.700335,21
442448,12.668667,16
442448,-0.31766665,7
442456,0.14899993,7
442468,-0.44833332,5
442480,0.88199985,6
442508,24.016666,40
442520,20.869335,18
442540,4.2683334,15
442544,13.913001,19
442568,1.0220001,6
442568,-0.44833326,15
442568,8.424,12
442584,2.5903327,11
442612,27.829,7
442612,30.337,11
442640,6.8459992,18
442648,0.8896668,9
442656,5.5169997,11
442692,15.660333,31
442700,6.9269996,11
442704,10.468,14
442728,43.434,22
442744,4.191,13
442748,8.717335,12
442760,6.568,14
442764,-0.34033334,9
442776,4.2323337,7
442804,28.735666,7
442812,12.724333,13
442832,3.3016667,5
442836,44.541,23
442864,5.7250004,15
442888,2.1709995,13
442908,-0.0149998665,5
442920,8.648,14
442936,19.695333,26
442940,4.4483333,5
442948,28.528671,46
442956,26.885,5
442956,32.734,12
442972,3.7486668,6
442976,29.299667,9
442976,26.845001,5
443012,27.366333,9
443016,2.7133336,10
443028,14.342667,18
443032,0.9416667,5
443080,6.7819996,16
443096,14.629002,17
443116,27.011665,5
443120,38.544003,22
443132,9.381001,13
443140,26.785,5
443204,13.847336,22
443220,15.936668,20
443224,15.794333,23
443248,68.46965,69
443252,26.435999,8
443280,12.686334,19
443312,3.5759997,8
443392,30.461998,36
443396,38.224327,43
443412,18.445002,25
443412,27.238333,5
443424,5.3489995,7
443448,5.0496664,9
443456,29.509335,8
443476,3.2416668,5
443492,37.52,20
443504,2.6756668,7
443512,-2.6116667,5
443516,3.1523333,17
443520,61.732323,67
443524,25.298332,5
443540,0.85866666,6
443560,28.838333,5
443572,7.8476667,13
443588,30.642334,7
443608,41.641335,24
443624,33.917667,13
443628,3.3750002,5
443640,15.229668,29
443648,28.378334,5
443660,3.0030003,9
443684,3.963,9
443708,5.245667,17
443712,1.897666,13
443736,2.6486669,6
443768,51.945,45
443776,31.94,10
443792,6.792,6
443816,6.485333,6
443824,44.229668,29
443840,34.402,16
443844,2.2983332,5
443848,28.283667,41
443868,1.3689997,7
443880,29.919666,9
443888,33.472668,18
443904,1.0913332,14
443924,-0.035000086,5
443928,32.445,15
443964,13.166334,19
443968,10.894001,22
443988,34.388668,16
443992,0.20233333,7
444008,6.859999,20
444016,5.780666,12
444028,2.316333,9
444056,6.0056663,7
444076,4.8183336,15
444084,0.065666676,7
444104,37.142998,29
444112,47.278667,26
444120,6.5496664,9
444140,0.40166664,5
444184,15.006002,18
444200,33.885002,15
444220,2.3396666,9
444232,55.616333,39
444272,32.271,13
444288,32.398,14
444288,41.837334,22
444292,24.878334,5
444324,31.868332,55
444332,8.490001,10
444348,4.515,15
444368,0.44499993,5
444412,6.1466656,20
444432,3.9683328,5
444432,24.452,36
444444,12.54333,30
444464,24.111332,24
444492,34.425,15
444492,30.464,12
444512,24.838333,5
444520,1.1823336,7
444568,32.288002,14
444572,11.855668,27
444632,32.551666,15
444636,12.465668,17
444660,-1.8443334,7
444664,24.345333,36
444680,1.185,5
444680,10.630334,11
444684,2.2350001,5
444700,35.76568,67
444716,27.576332,9
444744,28.815666,7
444764,6.883666,21
444776,36.26967,19
444792,14.319,27
444796,26.285,5
444812,24.825,5
444824,4.0516663,15
444824,6.363333,20
444832,25.885,5
444832,31.926332,9
444848,-0.25133336,6
444860,27.508999,7
444884,5.441,13
444884,29.639666,9
444884,4.9819994,6
444904,28.191666,5
444908,12.053668,21
444924,31.433334,10
444928,28.005,5
444972,11.54567,17
444976,9.5806675,12
445008,4.4330006,9
445024,4.4639993,12
445028,23.745335,36
445048,1.8716667,5
445060,12.557668,13
445080,36.596336,39
445084,2.3786669,6
445108,3.3756666,7
445128,29.737,11
445132,8.379,27
445144,11.141335,24
445152,-2.0116668,5
445156,5.679,7
445160,33.821,13
445172,0.6783333,5
445216,33.434666,14
445224,34.806667,20
445228,35.319336,18
445256,25.615665,7
445260,1.2030001,9
445268,34.241,13
445288,20.713001,29
445304,6.736333,9
445308,1.5283332,5
445336,35.243336,20
445336,29.069332,8
445372,6.536333,9
445380,5.320334,11
445396,23.394667,34
445400,25.711666,5
445432,23.017,31
445436,6.9896665,9
445516,14.880335,21
445524,18.383997,32
445540,38.645332,26
445544,30.437662,43
445552,4.193,9
445568,28.569,7
445592,5.4639993,12
445612,32.525,15
445616,18.730999,23
445628,2.1896667,9
445656,40.517334,22
445676,5.604,12
445696,-0.9616667,5
445716,8.072,26
445752,41.21467,34
445796,9.193667,11
445796,25.415003,35
445800,35.608665,26
445820,2.6016662,5
445836,3.0300002,10
445844,0.4806671,12
445856,1.1416667,5
445864,26.431667,5
445876,1.7550001,5
445900,-0.5536666,9
445912,28.639668,9
445920,34.403667,51
445940,5.148333,5
445940,31.168999,7
445960,24.351665,5
446004,6.8753324,16
446008,22.429,27
446024,37.463665,51
446028,-1.0116665,5
446064,3.4933333,10
446064,16.248335,15
446100,9.986001,18
446108,2.7603326,11
446120,3.5216665,5
446124,31.808334,15
446152,4.542333,7
446164,58.493668,51
446184,-0.2783333,5
446240,5.7279997,14
446260,5.335,5
446264,21.352669,28
446280,26.518333,5
446296,31.816,8
446316,37.78067,52
446316,3.7083335,5
446344,44.572002,56
446344,3.0356665,7
446364,0.09833336,5
446372,27.522333,7
446376,9.471336,24
446408,36.401,23
446412,-2.3866665,10
446432,4.4790006,17
446436,33.485,15
446452,30.837,11
446464,27.682333,7
446512,14.523334,20
446540,0.73899984,7
446564,42.901665,25
446580,27.097332,42
446592,37.72767,13
446628,8.049666,9
446628,18.57133,44
446672,4.9370003,11
446684,12.186667,30
446720,50.928337,35
446776,36.008003,14
446800,57.344,32
446812,1.8563334,9
446836,7.392,6
446856,2.0983334,5
446864,40.159664,59
446876,14.159666,19
446876,25.818333,5
446896,25.439333,8
446904,25.882334,7
446916,0.41166663,5
446928,28.873663,61
446948,27.602667,8
446968,19.644333,23
446972,30.229,17
446984,3.7830002,9
447020,28.733,9
447024,12.054665,24
447036,28.915665,17
447040,3.725667,17
447044,0.13499999,5
447056,0.38966656,9
447076,5.8229995,9
447076,25.325,5
447108,10.865332,16
447132,1.4713335,14
447144,2.9196668,9
447176,37.675003,25
447216,51.81167,45
447236,17.032001,26
447244,23.611668,25
447256,37.47,20
447264,27.515667,7
447288,28.289333,8
447288,10.532669,18
447296,33.761,13
447328,28.029999,10
447336,1.6966667,10
447348,0.28499997,5
447352,6.2019997,16
447364,2.822333,7
447368,0.39499998,5
447388,17.446999,31
447400,9.969667,9
447404,3.8296664,9
447408,27.178333,5
447428,11.943001,19
447432,1.616,8
447456,3.3106663,12
447468,11.968666,16
447484,6.9713335,14
447484,31.671001,13
447500,2.227,11
447504,0.8716669,5
447540,8.802667,18
447544,3.8936663,11
447548,30.463667,11
447572,17.834,22
447592,8.500668,12
447600,6.347667,13
447604,1.3993337,8
447612,24.891666,5
447624,26.085,5
447652,8.934335,13
447652,5.9700003,10
447676,9.364334,13
447680,-0.58433354,7
447704,35.004333,13
447708,3.0189998,7
447740,29.612999,9
447752,58.431,53
447776,9.761667,25
447804,8.104334,13
447812,13.048667,26
447832,26.011665,5
447840,3.3596663,9
447868,0.23966658,9
447888,51.322334,37
447896,2.6856666,7
447900,24.093666,31
447908,0.7783332,5
447920,26.512,6
447948,2.8873336,12
447956,30.819668,9
447992,9.020333,11
448012,26.991667,5
448024,-0.3643334,17
448044,0.5626668,8
448044,28.34467,34
448056,37.39134,54
448088,8.633668,11
448096,2.587667,13
448120,7.375334,16
448128,21.098667,26
448140,1.7783334,5
448152,5.998667,16
448156,8.581667,15
448192,5.684333,13
448196,33.077,11
448240,3.0303335,11
448240,4.7239995,12
448256,50.590668,32
448260,-0.5383334,5
448260,26.838333,5
448280,-0.2650001,5
448284,23.790665,32
448316,4.929667,9
448320,3.0629997,9
448336,40.243,19
448360,7.905334,26
448368,3.6143336,13
448372,5.3729997,9
448376,9.7613325,14
448396,-0.1716665,5
448400,31.253334,10
448436,6.543333,10
448444,31.990334,11
448448,8.043001,19
448464,25.898333,5
448468,14.161668,25
448484,4.0316663,5
448504,2.2083333,5
448516,6.772334,17
448528,43.397667,23
448548,29.126999,11
448560,18.534334,23
448572,0.027999878,14
448596,4.263,9
448604,31.482666,8
448608,4.951667,15
448612,5.427,21
448624,24.418333,5
448632,4.655,5
448652,7.9903326,11
448656,34.195,15
448668,3.3103328,11
448684,2.0223334,7
448688,26.491667,5
448692,1.9633334,10
448696,11.005333,16
448704,0.49500012,5
448712,29.858334,5
448716,5.0889997,7
448768,9.181,13
448852,27.14233,37
448896,71.07866,46
448924,6.075666,7
448944,35.397335,62
448956,1.1359999,8
448968,0.35199994,6
448976,-0.45500016,5
448988,24.861328,34
449000,28.729332,8
449012,44.80366,61
449060,6.5050006,15
449084,1.072,6
449088,8.189667,19
449108,24.224335,33
449132,10.594001,12
449136,0.15566671,7
449148,27.256668,40
449176,6.6736665,11
449196,7.3050003,15
449200,47.796,28
449204,4.2223334,7
449216,11.925667,17
449240,2.9163332,9
449260,5.695,5
449260,30.457,11
449280,25.765,5
449300,27.545,5
449308,1.504,12
449332,25.837666,33
449336,29.229,7
449352,3.955,5
449352,8.511,13
449380,4.5623336,7
449380,5.0603333,11
449388,8.269668,9
449416,2.3656662,7
449436,33.221336,14
449464,3.1890001,7
449484,1.0083333,5
449492,21.185999,28
449496,72.76833,75
449500,10.173668,21
449524,27.502333,7
449528,3.4656663,7
449544,5.851667,15
449548,13.341333,14
449572,6.9769993,11
449576,7.651001,13
449592,4.7969995,11
449608,5.159666,9
449608,6.779333,8
449628,-1.5303333,9
449640,29.342667,8
449656,4.807334,12
449660,23.679668,29
449676,14.694,12
449684,0.9990001,7
449688,4.4589996,7
449712,-0.8043333,7
449720,4.0269995,11
449724,4.7530003,9
449756,26.892996,29
449760,3.6963334,9
449764,3.3403332,11
449780,36.022335,17
449780,1.5850002,5
449784,-1.0943333,7
449812,33.687332,12
449844,5.802,16
449876,14.471004,23
449880,6.696333,9
449896,25.818333,5
449908,29.775667,7
449952,33.116997,11
449952,29.635004,35
449956,30.321331,44
449972,0.5483334,5
449976,26.711666,5
449996,29.483665,11
450012,7.8866663,10
450012,2.533,9
450016,2.7283332,5
450048,26.256002,38
450056,5.1170006,11
450056,5.5166664,10
450068,2.4016666,5
450084,4.305667,7
450092,32.366333,9
450128,49.803,29
450144,3.7416663,15
450144,9.349667,19
450156,3.2923326,7
450204,11.328335,15
450208,6.9343324,13
450228,3.6116672,5
450236,29.896,8
450304,19.683332,40
450312,11.417,21
450332,25.831665,5
450336,26.236,8
450356,3.995,5
450384,66.747665,73
450404,25.818333,5
450432,11.089667,19
450436,55.549995,50
450452,17.943333,30
450452,-1.0483334,5
450500,14.455337,16
450512,2.4816673,15
450524,47.996666,30
450524,41.576004,18
450532,29.011667,5
450552,3.1956668,7
450576,29.430332,11
450600,12.863001,19
450612,39.411667,15
450632,4.206,8
450652,4.4083333,5
450668,19.890997,23
450692,27.759327,48
450716,1.6486669,6
450724,17.736,28
450764,4.9073334,12
450776,21.770332,31
450776,37.252335,27
450816,0.9343332,13
450840,6.9386687,16
450856,47.824333,33
450868,26.732334,7
450880,8.315333,26
450888,39.802666,18
450900,25.698334,5
450908,1.5916667,5
450908,29.547668,13
450924,3.322,6
450928,2.775,5
450936,13.229002,17
450976,8.047667,13
450988,3.0110002,13
450996,0.5983334,5
451012,46.905334,26
451060,4.194,12
451080,2.2883334,5
451104,27.661339,44
451140,49.385994,38
451164,20.700336,21
451168,29.569,7
451172,5.065667,17
451188,26.918333,5
451192,25.711666,5
451204,35.804,52
451208,24.891666,5
451252,31.137,11
451256,6.2976665,13
451260,14.169001,17
451276,4.3150005,5
451280,26.792334,7
451284,1.3686665,6
451292,26.090668,32
451304,28.309,7
451304,25.658333,5
451348,7.661333,14
451364,33.141666,15
451368,11.477335,22
451388,-0.18500006,5
451396,8.594,12
451400,0.12966657,9
451416,24.811666,5
451440,19.031334,34
451448,7.660667,12
451468,-0.30499983,5
451488,24.465,25
451520,36.981003,13
451528,5.4466667,10
451564,7.803667,11
451580,15.427669,13
451600,38.64867,46
451624,5.6636667,11
451632,25.296001,48
451668,32.183666,11
451680,22.316332,29
451700,25.211666,5
451700,6.496,8
451716,39.443665,21
451728,3.1323338,7
451744,4.849,7
451748,29.832335,37
451768,1.9219999,6
451772,26.763668,11
451784,1.0929999,9
451796,-0.681,7
451804,11.578665,26
451812,29.172333,7
451824,3.8143334,13
451832,2.105,5
451852,2.9423332,7
451872,30.553333,10
451880,0.7590003,7
451880,13.649668,19
451908,5.5789995,7
451916,16.520004,30
451924,7.837667,13
451944,29.328999,7
451948,6.33,10
451956,2.3696666,19
451968,-0.6650001,5
451976,-0.68166685,5
452068,14.931669,25
452104,23.558332,45
452116,53.121666,35
452152,33.460667,12
452192,37.56066,62
452196,47.504,32
452232,42.039665,29
452260,39.735336,16
452264,32.462666,18
452268,18.162998,29
452268,8.929667,9
452312,6.0109997,13
452312,30.356998,11
452316,35.584335,13
452320,33.92767,13
452360,7.6936665,11
452388,12.989667,19
452392,17.173334,20
452420,29.258999,7
452432,3.423667,11
452444,7.723666,21
452444,6.5169997,31
452464,0.7783333,5
452492,42.92267,18
452516,40.999336,18
452544,3.0423336,7
452568,3.8386664,6
452576,15.636,28
452584,18.132671,38
452604,35.706,28
452664,9.424669,24
452684,-1.4983333,5
452700,49.347,31
452708,1.5453336,6
452736,29.509666,9
452788,4.653333,20
452804,4.4456663,17
452808,2.211667,5
452884,37.306667,20
452896,53.271,73
452900,69.802986,79
452920,-1.405,5
452932,2.0696669,9
452940,1.7616668,5
452948,21.001665,35
452956,0.13199997,6
452976,30.192999,9
452976,39.92433,23
452992,9.123,9
452996,2.365,5
453004,2.9389997,7
453020,2.7123332,7
453020,2.7153332,6
453024,2.235,5
453044,-1.7983333,5
453052,28.789333,8
453080,35.478333,15
453092,4.840667,12
453116,14.93067,42
453116,4.389666,9
453124,13.859337,18
453176,2.6543334,13
453180,36.752,16
453196,28.931667,5
453196,15.058667,26
453200,27.058334,5
453216,18.448334,25
453236,32.379665,9
453236,4.22,10
453284,4.7439995,12
453284,1.2173333,22
453304,3.3083334,5
453304,36.509003,17
453336,5.319334,8
453340,8.318001,14
453340,0.6096666,9
453392,33.121,13
453428,24.97433,53
453448,25.718334,5
453468,41.766335,19
453468,17.560999,33
453488,1.6283332,5
453496,5.8640003,12
453576,9.236667,20
453592,71.951,63
453684,8.352331,27
453704,0.17166674,5
453708,46.92633,29
453736,26.179005,67
453744,6.3996663,9
453752,1.7239999,12
453764,1.5783335,5
453792,3.9656665,7
453796,36.31167,15
453804,64.17966,79
453832,20.32,20
453840,5.5529995,9
453860,28.458332,5
453908,7.5873346,12
453912,19.693329,30
453916,13.977001,21
453920,25.037003,31
453940,3.1426663,8
453984,8.453667,11
453988,36.362335,17
454004,0.565,5
454008,11.774668,24
454012,39.83467,24
454028,0.5500001,10
454032,3.0456665,7
454044,5.049333,8
454048,3.075,5
454076,28.576,8
454088,3.8999999,10
454104,35.971336,24
454108,2.8060002,8
454116,0.24900007,7
454120,34.56067,22
454140,0.6563333,9
454140,1.2050002,5
454152,29.026333,9
454160,26.738333,5
454180,6.1399994,10
454200,27.085,5
454240,20.204,22
454244,2.690333,11
454244,17.727,21
454256,57.962334,37
454260,24.918333,5
454300,2.9933333,10
454324,8.079,17
454348,10.748667,26
454360,5.4983335,15
454360,30.159666,9
454368,14.613668,31
454380,26.904999,5
454392,26.322666,8
454400,1.7393333,8
454428,4.359,7
454436,29.093666,11
454452,13.185334,26
454456,-2.1116667,5
454472,48.464333,23
454484,34.008,14
454508,9.984666,14
454532,35.343002,19
454544,12.688335,15
454580,6.7073326,12
454588,19.046335,29
454616,16.162336,27
454628,12.7403345,21
454636,4.0346665,14
454636,-0.8950001,5
454664,31.959667,9
454672,1.3003335,21
454676,8.120001,10
454688,31.957666,13
454712,-1.6113334,6
454720,32.024002,12
454740,3.7156668,7
454804,18.098335,35
454824,2.3819993,26
454852,33.274002,12
454868,48.659332,48
454888,16.848999,37
454896,5.0369997,11
454924,0.48633337,9
454944,-0.14933348,12
454944,47.322998,19
454964,2.6783338,5
454968,4.590333,11
454996,0.929,7
454996,11.901001,13
455056,6.8643327,23
455084,10.724002,22
455100,32.850334,11
455104,25.744999,5
455132,3.1056666,7
455160,32.528336,15
455176,36.058334,45
455184,57.816677,90
455196,26.625,5
455220,10.501668,15
455220,38.487335,22
455248,32.914333,13
455248,2.9523335,7
455260,17.989668,19
455288,30.720001,10
455296,3.3240001,12
455296,31.339666,9
455324,3.7663336,9
455332,46.429333,28
455352,9.308001,14
455380,8.653999,12
455388,0.65199995,16
455404,34.11767,13
455408,-3.0543332,7
455432,1.4890001,7
455484,11.631334,24
455528,20.421333,24
455556,18.539,37
455576,30.60667,70
455580,41.034668,24
455588,3.8183334,15
455612,30.254667,14
455632,26.805,5
455660,0.28899992,7
455664,16.160336,21
455680,26.145,5
455704,21.563997,32
455708,0.78233325,7
455716,-2.149,13
455732,23.82533,36
455736,26.785,5
455740,2.7729998,9
455772,3.2929993,9
455776,29.619667,9
455788,6.798,14
455788,33.7,20
455812,2.1929998,9
455824,7.443,9
455864,10.313,19
455872,13.781668,25
455872,6.6339993,12
455884,0.81500006,5
455920,11.574001,12
455924,10.074333,13
455960,11.393002,19
455988,28.122334,7
455992,18.349333,18
456000,2.4363332,19
456020,25.778332,5
456060,1.6766665,10
456092,47.091667,25
456100,20.270668,72
456132,3.7633336,10
456152,37.481003,13
456184,24.896996,31
456192,36.03367,51
456220,5.7096663,9
456244,12.519333,28
456252,31.425,15
456272,26.151667,5
456272,32.384335,13
456284,49.810997,33
456288,33.977,11
456292,3.2216666,5
456308,3.6996667,9
456324,32.63333,10
456372,7.400334,21
456380,12.869333,18
456400,11.859003,27
456412,5.652666,8
456436,29.633,9
456440,18.896334,29
456476,7.4500012,10
456504,12.758666,16
456516,14.261997,26
456520,31.222334,37
456544,2.539,7
456544,6.196666,10
456556,35.72,20
456572,29.702333,7
456576,0.31166673,5
456604,35.191666,15
456648,35.92634,19
456668,2.0783334,5
456668,9.001001,23
456688,11.077,21
456696,30.529,7
456704,26.146332,9
456724,1.0350001,5
456728,7.142667,8
456740,12.234336,13
456752,43.496,58
456756,3.9890003,7
456772,2.2616665,5
456784,5.767,11
456792,40.122337,17
456792,5.099666,9
456820,4.4440002,12
456828,4.153,9
456840,34.837997,14
456860,25.511665,5
456868,6.3633337,10
456880,10.331668,15
456896,32.026333,9
456912,3.950333,11
456948,33.225666,17
456956,7.847,11
456968,26.765,5
456992,36.471336,24
456996,3.1056669,7
457004,55.581,53
457012,2.2549999,5
457024,1.3989998,7
457028,15.156001,18
457032,3.7216663,5
457060,-1.2903334,9
457092,8.312,16
457104,1.5349998,25
457108,9.163,19
457112,25.404999,5
457132,24.825,5
457132,8.719,7
457144,17.487,21
457152,4.797,11
457164,0.8650001,5
457168,32.246334,9
457188,-0.48500013,5
457228,12.325331,16
457232,0.39366674,11
457240,22.472332,27
457252,11.065001,25
457260,-0.44833338,5
457272,0.23500013,5
457280,25.025,5
457304,8.435999,18
457324,2.147667,13
457336,10.278001,14
457348,6.127,11
457352,49.73033,31
457364,4.506667,10
457380,4.2169995,11
457380,2.1456666,7
457384,3.8563333,9
457392,5.0490003,7
457416,28.699667,9
457424,4.1636667,11
457440,8.024666,14
457448,30.642666,8
457452,5.0923333,7
457452,7.778332,15
457468,29.715666,7
457492,2.2636669,11
457524,6.9093337,18
457544,2.101667,5
457636,32.785336,46
457652,17.512335,27
457696,4.491667,15
457696,26.680332,11
457704,32.819664,59
457704,28.797667,53
457724,1.539,7
457724,3.7816663,5
457744,26.085,5
457752,29.702333,7
457760,6.612,16
457768,31.008667,16
457796,33.011,13
457820,11.819,17
457828,26.709333,8
457844,25.565334,6
457864,28.465,5
457888,10.215,15
457916,56.659668,39
457916,8.884334,13
457936,46.593994,42
457952,2.5429997,9
457972,13.0146675,14
457972,-0.048333168,5
457992,46.208668,26
458000,4.2790003,7
458004,7.1090016,17
458032,0.96333325,10
458048,7.9540005,12
458072,14.695001,25
458088,13.790335,21
458088,4.6966667,10
458108,-2.625,5
458120,26.609333,8
458120,18.793999,22
458140,-1.8383334,5
458152,4.7993326,8
458164,36.66133,14
458208,2.597,11
458216,15.228667,16
458232,18.084335,23
458252,30.587,11
458264,3.7459998,8
458280,0.6456667,7
458284,3.715,5
458320,-0.4303336,9
458344,41.643997,32
458348,12.522335,17
458356,-0.7736666,9
458380,32.133,9
458400,7.664334,13
458404,67.674324,83
458420,1.5249999,5
458436,6.712667,8
458444,12.220667,22
458448,0.12899983,17
458488,6.1036663,11
458492,3.714666,14
458512,27.698334,5
458512,8.572,16
458524,6.0596666,9
458552,29.473333,10
458588,40.64633,19
458592,2.9833336,10
458596,5.3693333,18
458616,4.3723335,7
458624,5.249,7
458660,0.7930002,9
458672,39.146667,20
458696,6.3963337,9
458696,1.6920002,6
458712,31.46467,24
458724,27.545666,7
458728,4.002667,8
458732,78.46266,78
458796,7.4693327,18
458812,10.403335,20
458828,33.711666,25
458836,16.09367,31
458852,8.636667,10
458856,25.831667,5
458856,3.9616668,15
458880,-2.201,7
458900,33.923668,11
458912,30.648,14
458924,14.051334,24
458936,3.135333,6
458976,5.484333,13
459012,50.597664,33
459012,36.946335,19
459052,4.4363327,19
459064,24.037003,41
459092,0.35233325,7
459096,4.5569997,11
459108,23.541332,24
459124,2.1356668,7
459132,34.173332,10
459152,4.9203334,11
459164,5.84,10
459188,22.57467,44
459208,33.399666,19
459212,-2.5679998,6
459212,27.604,12
459220,8.029,17
459232,5.8683333,5
459236,3.6523335,7
459260,1.5056667,7
459280,24.958332,5
459304,15.577669,23
459328,3.9953332,6
459348,25.465,5
459392,6.2336664,11
459396,51.087997,44
459420,31.915667,7
459436,-1.8869998,39
459452,9.5546665,14
459468,8.914001,12
459472,6.119666,9
459504,5.849666,9
459508,27.179667,9
459528,50.05433,73
459540,28.709667,9
459560,7.6710005,13
459576,5.6363335,9
459580,3.0016665,5
459584,5.3346667,14
459608,3.3753333,6
459620,11.460335,11
459628,10.330666,12
459640,30.988998,47
459648,4.972333,7
459648,0.23500001,5
459672,11.142002,16
459676,1.8223333,7
459688,32.470665,12
459704,4.946,8
459720,28.569332,8
459724,30.910667,12
459732,27.215668,7
459760,26.673332,10
459780,2.3683333,5
459800,13.522336,17
459808,61.79,40
459816,3.4410002,23
459836,0.6149998,5
459860,1.4076669,13
459892,13.667667,23
459896,-0.30166662,15
459908,27.233997,32
459912,2.7616668,5
459924,27.619,7
459952,31.070332,11
459968,13.985668,27
459972,31.981667,15
460004,7.1009994,13
460016,8.947334,12
460028,43.382004,26
460048,10.507,11
460052,13.740002,20
460072,5.9536667,11
460100,30.330666,12
460116,32.915665,17
460116,32.750336,11
460128,27.668999,7
460144,22.380667,32
460176,5.8483334,15
460188,8.013667,11
460192,7.3929996,19
460204,18.856333,19
460224,33.853,9
460268,14.981002,23
460284,34.92167,15
460284,40.831,23
460292,12.994003,22
460312,5.037,11
460356,33.705334,16
460368,38.623665,21
460404,9.711,23
460408,13.493667,31
460432,27.942333,7
460444,10.784001,22
460468,14.971668,15
460472,0.6990001,7
460484,3.8610003,13
460492,27.951668,5
460508,15.188333,35
460524,5.2666664,10
460548,31.331333,14
460584,2.703,9
460612,17.765331,26
460628,32.210335,11
460648,2.895,5
460652,6.9366665,10
460656,29.55766,33
460668,53.143333,50
460672,3.335333,6
460684,29.209,7
460708,1.23,10
460736,0.23899996,7
460804,13.592333,17
460820,25.035667,37
460832,27.375668,7
460848,3.6123333,7
460876,55.612,56
460892,3.3049998,15
460912,28.598667,16
460936,7.7583327,15
460936,42.550995,63
460940,-1.0943333,7
460956,-1.2083333,5
460964,3.0723329,7
460992,15.328335,25
460992,1.3223332,7
461012,-0.28166676,5
461012,28.398333,5
461056,7.6436667,11
461060,-0.012666583,12
461072,47.62433,33
461084,29.502333,7
461104,9.953667,11
461108,29.196003,38
461116,27.129333,8
461148,32.473,19
461152,27.769667,9
461160,9.224668,14
461176,2.5089998,7
461204,4.142333,7
461212,29.817665,13
461228,19.943333,30
461248,0.81966686,9
461260,4.287999,14
461268,2.7816663,5
461272,16.939999,30
461288,3.7116666,15
461332,5.342,16
461364,12.409668,19
461364,10.947668,23
461368,8.569667,9
461384,26.527,31
461412,12.147334,12
461424,8.478001,14
461432,2.4416664,5
461436,2.587667,13
461444,-1.1616666,5
461468,37.942,26
461472,2.283,9
461472,-0.911,7
461484,7.251,13
461500,28.496,8
461500,5.0256667,7
461504,0.3416667,5
461520,-0.11500007,5
461520,5.944,12
461532,26.655998,8
461532,27.095665,7
461540,-1.1416667,5
461568,3.7096665,9
461604,10.372668,18
461616,10.417999,24
461656,18.439667,29
461656,4.9033337,10
461696,32.90667,10
461704,2.7506666,12
461704,12.535003,25
461716,1.8483334,5
461728,6.185334,6
461748,4.4193335,8
461748,-0.14166665,5
461756,5.9709997,13
461780,27.822666,8
461784,31.612999,9
461796,24.392336,57
461812,12.391334,14
461812,30.275665,7
461840,4.8849998,15
461844,1.0259998,8
461880,-0.1503334,9
461900,5.0349994,15
461908,1.1656666,7
461928,4.4456663,7
461956,1.5356666,7
461992,8.898333,45
462020,27.922005,56
462032,50.263664,31
462052,7.3580003,24
462056,30.743,9
462104,6.4776664,13
462124,16.857668,23
462160,41.132004,26
462180,15.606334,19
462184,72.416,48
462204,12.4433365,20
462212,6.542667,8
462232,9.982666,18
462256,5.3393335,18
462276,15.798668,16
462284,-0.42433345,7
462300,10.331333,24
462304,0.5423335,7
462320,27.391666,5
462360,35.846333,19
462368,0.90400004,12
462380,0.65166676,5
462380,32.802338,37
462396,28.668999,7
462424,28.328999,7
462504,40.637,31
462520,49.718338,35
462528,19.218664,26
462564,3.2736666,11
462568,11.172001,16
462576,8.700666,12
462600,30.296001,8
462608,5.7126665,8
462644,4.869666,9
462684,7.3133335,10
462684,42.270004,30
462712,4.985667,7
462744,20.675331,36
462752,29.306667,10
462760,88.341324,114
462780,2.4429998,9
462780,0.44166684,5
462808,0.40566647,7
462852,10.409332,18
462868,37.835335,46
462880,39.294003,32
462916,3.756333,9
462928,34.818333,15
462948,-1.4283334,5
462948,4.5346665,24
462952,6.1196666,9
462972,27.712,6
462980,27.662666,8
463016,7.3963337,9
463028,4.2180004,14
463056,25.555666,7
463060,33.060333,11
463108,10.661,13
463124,34.97867,16
463164,32.91433,53
463172,10.444,12
463192,-0.71833336,5
463208,14.605,25
463228,3.4363332,9
463252,25.160666,22
463260,11.954334,13
463288,4.5723333,7
463292,27.706665,10
463316,3.9790003,7
463336,28.425,5
463408,91.25667,150
463448,21.549664,39
463456,15.9766655,30
463476,27.705666,7
463492,40.948658,66
463504,3.6306667,12
463544,2.2066667,10
463616,37.159332,18
463648,46.92634,39
463672,37.728,14
463700,1.5023332,7
463728,28.129,7
463760,84.89033,71
463764,55.112995,89
463772,7.3836656,11
463780,0.16833329,5
463796,5.506,8
463812,3.2533333,10
463824,1.5723332,7
463836,26.278667,6
463844,68.14633,49
463864,10.2733345,10
463892,12.354668,14
463912,22.014334,33
463936,9.734333,23
463948,0.803,9
463956,3.3283334,5
463968,40.58967,19
463968,2.001667,5
463984,3.3523333,7
463984,18.326664,30
464004,2.703,9
464072,36.705334,26
464076,21.837666,23
464092,0.12166655,5
464124,48.18833,35
464124,6.1926665,8
464132,14.157335,32
464180,5.224667,14
464200,4.6096673,19
464200,16.940336,31
464212,14.6900015,20
464228,29.342333,7
464284,20.558666,26
464292,8.522003,16
464296,10.263666,21
464308,8.265667,27
464316,2.9683332,5
464348,3.319333,8
464348,12.154667,14
464360,36.794334,13
464376,32.24433,23
464384,26.163,9
464392,32.597,11
464412,26.451668,5
464428,3.8690004,17
464448,-2.8716667,5
464504,17.360666,32
464572,46.129997,40
464572,17.427,31
464592,26.918333,5
464612,31.873333,10
464620,1.1556667,7
464636,56.51767,63
464648,5.5123334,7
464648,3.5163336,9
464672,31.412998,9
464676,26.347664,43
464700,4.6523333,7
464708,7.594999,15
464712,3.3130002,9
464720,24.798332,5
464728,0.6783335,5
464756,30.553,9
464764,4.996333,9
464784,2.3516665,5
464804,7.3276668,23
464840,-2.0986667,14
464844,32.363,49
464860,-0.028333187,5
464880,6.368333,5
464904,14.295002,15
464944,10.742,16
464944,26.111664,35
464964,28.111666,5
464980,-0.13033342,9
464984,-0.031666756,5
465008,16.575336,26
465052,13.099,17
465064,8.568,14
465080,37.835,25
465084,0.9183334,5
465092,55.414658,84
465104,4.3616667,5
465104,8.734333,13
465112,5.5126667,8
465152,12.061668,15
465168,33.888664,16
465168,31.512001,16
465228,9.624998,15
465240,15.393999,32
465268,4.79,10
465280,30.013332,10
465288,16.987999,34
465308,-1.1050001,5
465308,1.6089998,7
465308,27.224998,35
465312,7.0836673,11
465328,1.345,5
465344,0.91966677,9
465356,34.414,12
465372,1.5223336,7
465396,35.599,17
465412,6.936667,10
465424,22.616001,28
465424,13.362333,17
465440,7.2256665,7
465452,6.182333,7
465464,5.649,17
465472,8.455,5
465480,35.821335,14
465500,3.633,9
465516,7.9036665,11
465544,1.5223334,7
465568,4.402,6
465572,11.722666,18
465572,21.434332,33
465588,24.922333,27
465608,31.633,9
465612,32.507,11
465648,37.275,15
465656,-0.36266673,12
465668,9.848001,24
465676,-0.048333287,5
465688,0.17833328,5
465700,8.617666,13
465704,9.425667,7
465716,28.322332,7
465720,26.305,5
465740,19.747335,32
465760,2.5249996,5
465780,24.485,5
465788,11.153667,21
465808,25.404999,5
465808,27.409,7
465820,42.648663,26
465844,30.826332,9
465856,4.573,9
465880,31.836666,40
465932,32.544334,13
465960,0.80900025,7
465968,57.519997,40
465980,4.1383333,5
465980,13.813669,31
466004,32.273003,9
466008,-0.014333367,7
466008,0.699,7
466036,25.385998,48
466056,2.7283332,5
466084,9.5130005,19
466088,8.210333,21
466168,49.215996,28
466172,39.836998,41
466176,18.581,23
466196,-1.375,5
466200,1.8460003,8
466208,10.679668,9
466224,-0.571,7
466228,20.768332,35
466236,1.7856667,7
466248,0.90166664,5
466248,33.860664,12
466252,6.079,7
466268,27.442665,8
466268,4.161667,5
466276,1.7353334,6
466288,26.138332,5
466304,1.7489998,7
466312,32.690334,11
466332,0.44233322,7
466336,7.068667,6
466352,24.825,5
466368,3.4960003,8
466372,36.973667,31
466376,13.367334,22
466400,28.796,8
466400,26.328999,7
466412,12.3550005,15
466420,25.965,5
466436,4.6730003,9
466440,26.911667,5
466456,10.587001,11
466460,27.125,5
466488,26.455666,7
466504,3.3373334,12
466528,28.355997,38
466532,21.954666,24
466540,31.159666,9
466560,-1.881,7
466608,33.969,17
466652,4.870333,11
466656,23.518002,24
466668,10.125,35
466672,2.6783335,5
466708,-3.8903332,9
466708,4.9266667,10
466728,0.82500005,5
466744,20.090666,22
466744,13.461333,64
466764,1.465,5
466772,0.81233346,7
466784,34.108,14
466800,29.359665,9
466808,8.776334,9
466812,9.122001,26
466816,-1.4939998,8
466844,30.189,7
466852,1.2969997,11
466888,2.6296668,19
466920,36.482334,17
466940,25.905003,35
466980,13.771336,34
466992,36.572666,18
467008,31.622334,7
467032,26.125336,36
467044,2.2763333,9
467064,11.442669,18
467064,1.2983332,5
467072,5.88,10
467076,39.21467,34
467084,27.064999,5
467104,0.78233325,7
467124,27.338333,5
467152,10.115666,17
467160,28.019667,9
467164,14.107666,23
467196,31.463665,11
467220,7.7380004,14
467256,6.1283326,15
467276,26.031666,5
467288,16.767334,32
467296,54.136,58
467296,2.1483335,5
467316,2.4616666,5
467344,28.542332,7
467364,10.486334,19
467372,0.7323334,7
467396,12.541669,25
467400,0.99900013,7
467424,74.41366,51
467432,28.673,9
467440,8.989666,19
467452,1.1110001,13
467468,30.533,9
467476,11.891001,13
467496,-0.11833334,5
467500,5.8916664,15
467512,2.851667,15
467512,1.8769995,11
467556,32.530334,11
467560,6.387333,12
467604,6.3406663,12
467612,16.586002,28
467640,3.259667,9
467640,12.222001,36
467676,14.626334,29
467688,40.693,19
467696,11.961334,14
467700,6.3016667,15
467704,29.122334,7
467720,25.618332,5
467724,2.4296665,9
467752,27.682333,7
467772,6.859667,19
467800,36.88,20
467804,13.788336,25
467840,10.025667,17
467848,5.370334,11
467860,27.011665,5
467868,27.231667,5
467904,44.398666,26
467912,18.27333,40
467916,34.668,14
467952,35.484,12
468008,8.714333,23
468016,42.45867,26
468020,22.046,38
468040,20.280666,22
468076,27.889668,9
468092,13.006334,19
468104,30.529,7
468124,25.904999,5
468124,21.093004,29
468136,38.832996,29
468148,25.105333,6
468168,-1.1583333,5
468188,6.597667,13
468200,14.702333,27
468200,36.293,19
468232,4.016,8
468248,12.173334,20
468264,37.678665,16
468268,26.738333,5
468292,3.3256664,7
468320,10.737335,22
468344,6.144333,13
468344,9.326334,19
468368,25.698666,6
468388,3.5683334,5
468408,58.64833,55
468416,8.139333,18
468436,5.212333,7
468452,5.413,9
468476,4.1586666,6
468484,49.701332,24
468496,8.581667,15
468512,52.769333,48
468532,9.680668,12
468536,33.306667,10
468552,2.545,5
468556,31.210333,11
468572,28.798332,5
468584,1.9123334,7
468592,0.5383334,5
468612,38.399666,19
468632,26.098333,5
468636,8.271002,13
468660,28.829,7
468664,15.222336,47
468688,35.714336,13
468692,5.132333,7
468696,15.43867,26
468728,28.519667,9
468740,1.4476665,13
468740,12.706667,20
468756,8.528334,15
468776,5.3196664,9
468784,4.439,7
468792,35.42767,13
468824,27.614662,24
468844,36.859,17
468848,41.925335,16
468864,25.938334,5
468876,30.109,7
468924,17.177668,33
468944,19.850002,30
468960,7.287999,24
468964,4.3683333,5
468984,-0.9283334,5
468988,26.809,7
468992,9.199,17
468996,47.973335,30
469028,31.793,9
469040,8.111,13
469076,7.5973334,12
469112,4.203,9
469132,4.165,5
469152,27.405,5
469188,-1.2703333,9
469200,36.571327,54
469216,28.128998,7
469220,29.958332,5
469252,79.388,64
469256,29.553001,9
469260,16.208334,55
469272,8.708,14
469280,0.15166664,5
469288,4.0126667,8
469312,32.555,15
469328,3.1299996,10
469328,31.647999,14
469340,27.595667,7
469340,7.8916674,15
469360,26.885,5
469364,35.083,9
469384,5.3170004,11
469396,30.772999,9
469412,7.6836686,21
469428,4.2803326,11
469428,3.1493332,8
469456,18.631,23
469464,4.4076667,13
469468,1.6333337,10
469504,30.017334,12
469504,34.846333,19
469532,5.392333,7
469536,-0.22399998,8
469552,29.045,5
469556,4.0316663,5
469560,6.3513336,24
469576,0.19500017,5
469588,8.28,30
469596,-0.505,5
469616,2.745667,7
469620,34.611668,15
469628,13.696333,19
469640,9.193666,11
469648,27.829,7
469652,28.633,9
469700,7.3816676,15
469720,3.3216665,5
469728,35.653,19
469732,52.218666,26
469756,4.2286663,6
469768,11.077333,12
469788,49.228336,35
469804,5.614,12
469828,27.218666,6
469848,12.410002,30
469852,5.9353323,16
469864,26.586334,9
469876,-0.52133334,6
469880,0.18599999,8
469900,-1.4216667,5
469924,53.413002,39
469928,9.644334,13
469936,3.2529998,9
469944,4.9683337,5
469964,5.1323333,7
470004,11.396334,19
470016,33.022667,38
470020,36.954666,14
470040,2.0750003,5
470060,12.731334,14
470088,16.159334,18
470100,5.443333,10
470100,8.031668,15
470108,23.52367,41
470108,-0.85833323,5
470128,4.649,7
470128,24.931667,5
470168,30.32,10
470172,7.0820003,16
470188,1.0183332,5
470208,-0.8449999,5
470216,32.937,11
470248,6.159333,8
470272,31.210999,43
470284,31.006329,39
470308,31.319668,9
470312,1.1323333,7
470328,0.185,5
470336,44.080666,22
470340,5.622333,7
470360,2.6283333,5
470368,7.7233334,10
470420,33.554344,53
470436,7.643,19
470440,4.5083337,5
470464,8.671331,24
470464,0.09233284,7
470484,22.97233,37
470484,4.8416667,5
470516,40.549667,19
470520,33.211334,14
470532,6.224,12
470540,-0.825,5
470556,32.806,18
470572,9.043333,10
470592,30.419666,9
470612,1.7983336,5
470648,7.7456646,27
470652,30.571333,34
470660,41.760666,22
470688,4.842333,7
470696,9.4973345,12
470696,35.370335,11
470720,3.9126668,8
470732,31.506332,9
470752,-0.8449998,5
470760,5.3166666,10
470816,34.15867,16
470820,22.877003,31
470836,36.35201,56
470864,30.783667,11
470884,18.906998,31
470888,-2.201333,6
470924,8.357333,22
470932,9.020334,11
470944,24.723999,32
470956,15.212667,18
470972,6.5406666,12
470984,3.6656666,7
471000,28.585667,7
471056,11.512668,28
471064,10.433332,20
471076,26.285,5
471100,3.2619996,6
471108,14.727996,44
471148,14.310333,21
471152,6.871,13
471152,18.169334,38
471172,6.732,16
471172,-0.40833342,5
471180,4.996,8
471192,4.9549994,5
471212,9.304999,15
471216,26.286333,9
471256,1.6933331,10
471272,43.771667,15
471284,7.719332,28
471296,11.0233345,10
471316,29.429333,8
471336,2.4116664,5
471348,25.903006,39
471368,0.3516667,5
471376,5.943332,20
471384,13.075999,28
471404,38.809,17
471404,3.9690003,7
471408,9.503334,10
471412,1.6556667,7
471428,25.738333,5
471432,28.572334,7
471432,-0.12499988,5
471460,27.689,7
471472,34.25567,17
471480,0.65166664,5
471496,35.585667,17
471500,15.022335,17
471508,30.526333,9
471512,4.079334,8
471524,28.389,7
471528,4.268333,5
471532,4.1483335,5
471536,4.253,9
471560,6.509667,9
471604,10.929001,17
471604,9.793667,11
471608,18.309668,19
471648,1.1403337,11
471660,10.714667,14
471680,5.8293333,8
471716,6.161333,14
471720,50.409332,48
471728,32.317333,12
471752,3.6293335,8
471764,6.2973332,12
471772,-0.51166666,5
471776,4.2106667,12
471796,2.6083333,5
471804,3.7093332,8
471808,19.166664,50
471820,6.6379995,14
471888,9.2543335,23
471892,39.057,21
471916,2.8923335,7
471940,19.316666,30
471944,1.5523334,7
471980,3.9363332,9
471984,58.711662,45
472000,28.185,5
472004,34.512,16
472040,30.186333,9
472056,34.288002,14
472064,68.91433,43
472084,3.4936666,11
472136,18.642664,38
472168,45.856003,28
472180,42.12133,24
472208,26.922333,7
472244,13.652335,27
472244,10.709667,19
472260,34.88966,49
472264,1.0683333,5
472268,11.054999,15
472284,2.6100001,10
472288,1.9516667,5
472300,26.846333,9
472336,35.324333,13
472372,34.089336,18
472384,8.614001,12
472412,7.2390003,7
472412,31.19933,38
472428,3.388,14
472456,32.217,11
472480,26.698666,6
472492,34.135334,16
472492,12.340002,20
472512,2.6483333,5
472528,39.923332,60
472544,11.668666,16
472548,6.2829995,9
472560,9.7456665,17
472592,7.7770014,11
472608,40.96,20
472616,30.947998,14
472628,4.1816664,5
472652,35.191666,15
472676,33.821667,15
472724,53.041664,45
472736,8.193666,21
472744,26.411667,5
472756,32.28,20
472764,27.991667,5
472784,6.660666,12
472784,46.729668,39
472792,7.456333,9
472820,2.2429996,9
472852,43.227333,22
472860,7.593001,19
472888,28.149,7
472896,17.001999,26
472896,8.279667,19
472904,5.0476665,13
472908,2.838333,5
472956,5.357667,13
472996,15.077335,22
473016,26.385,5
473032,20.921337,34
473036,0.5350001,5
473056,0.3916667,5
473084,3.952334,7
473088,23.257671,33
473108,2.4649997,5
473120,3.9596667,9
473136,6.0456667,7
473140,25.858334,5
473148,43.237675,63
473176,0.7490001,7
473208,4.0026665,18
473224,49.299324,48
473244,3.461667,5
473248,19.382332,27
473288,4.1566668,10
473304,13.305002,15
473324,12.983002,29
473328,36.372665,38
473372,8.093668,11
473376,8.554335,13
473380,16.401001,23
473392,25.011665,5
473400,13.204669,24
473420,31.286667,10
473444,0.27533352,6
473448,6.0726666,18
473480,30.813,9
473484,31.319668,9
473504,9.318667,26
473512,4.039,7
473540,26.008999,7
473568,6.033999,22
473572,0.63933325,8
473592,27.645,5
473616,32.858665,56
473632,6.4500003,10
473700,34.29567,17
473700,69.56634,49
473716,9.648333,25
473720,26.611668,5
473724,24.229666,39
473740,3.1999998,10
473768,31.433666,11
473784,7.718667,16
473808,42.387665,23
473812,-1.6730001,11
473836,51.46467,24
473872,36.305336,16
473920,36.900337,21
473944,16.280998,33
473952,12.170001,20
474004,15.566999,21
474020,15.592333,17
474024,4.735,5
474032,15.050668,22
474040,27.378334,5
474052,26.165,5
474064,41.55332,70
474092,-1.031,7
474104,18.713335,20
474136,10.718,24
474140,9.916334,9
474184,25.467667,33
474188,8.940668,12
474208,45.026337,29
474240,5.8353333,26
474244,30.719666,9
474252,37.79567,17
474264,27.905333,6
474272,4.827,21
474288,30.393,9
474324,32.811665,15
474324,0.7263334,9
474348,19.792,26
474352,2.075667,7
474376,26.692,6
474388,21.626335,29
474396,38.856003,18
474428,4.726,8
474436,36.180668,22
474484,7.6146674,14
474508,37.332664,18
474528,27.585999,38
474536,1.5556666,7
474556,26.052334,7
474560,36.697666,43
474576,11.981002,23
474576,3.8150003,5
474580,25.585,5
474628,4.444332,13
474640,6.2983336,15
474656,1.6756665,7
474680,-0.5113333,6
474692,6.2443333,13
474708,45.627666,43
474736,17.816671,40
474752,16.372665,18
474772,8.598666,16
474788,16.634666,24
474804,4.142333,17
474820,1.7956667,17
474820,-0.9926666,12
474856,5.649667,9
474876,8.478002,14
474880,36.177666,23
474896,0.5450001,5
474900,5.150333,11
474920,1.7566667,10
474928,49.583664,31
474932,-1.174,8
474944,2.9473333,12
474956,29.386333,9
474968,1.0353332,6
475000,36.11567,17
475012,12.951334,14
475032,4.5559998,8
475036,4.485667,27
475040,-0.9976667,7
475056,27.791666,5
475056,0.842,6
475068,6.1323333,7
475084,2.949,7
475088,22.590002,30
475096,6.1200004,10
475144,7.6429996,19
475152,12.384667,14
475152,4.328666,16
475196,32.994335,13
475208,35.154667,14
475256,9.858666,26
475268,61.062004,46
475292,6.326334,9
475300,39.564335,23
475320,2.165,5
475328,17.167667,33
475360,12.612337,17
475372,44.305336,26
475384,3.458666,16
475384,9.154667,14
475416,2.153666,11
475420,29.469666,9
475424,12.972003,16
475460,-2.447,9
475484,14.985669,17
475484,12.218335,25
475488,5.642333,17
475488,29.762333,7
475516,1.3156669,7
475524,8.049667,9
475532,1.5973339,12
475536,26.845,5
475552,15.429001,17
475584,5.159333,8
475596,35.045998,18
475596,9.135,15
475620,16.220669,22
475652,39.98233,17
475696,4.456333,19
475716,27.491667,5
475732,23.348001,34
475760,29.647003,41
475800,11.995667,17
475848,43.337334,22
475876,28.522333,7
475880,21.702335,57
475888,14.577333,22
475908,26.605,5
475924,69.614006,52
475932,8.641001,13
475936,37.278336,15
475936,28.595667,7
475972,33.259666,9
475976,34.170334,11
475984,32.038334,15
475984,5.134,12
476000,1.6923332,7
476004,-1.1983334,5
476020,28.979666,9
476024,0.8349999,5
476028,8.634333,13
476048,2.4083333,5
476048,0.3856666,7
476076,31.022333,7
476080,1.9626667,8
476092,9.604334,23
476132,3.051,13
476144,36.22567,17
476152,34.091667,15
476160,46.291336,34
476164,25.865,5
476176,31.257,11
476204,4.493333,10
476204,2.4343336,13
476236,5.0793333,8
476260,9.801334,14
476276,55.969673,29
476316,-0.9933334,10
476316,31.805002,35
476344,0.41233373,7
476388,6.4236665,11
476392,30.436337,39
476436,30.227999,44
476440,3.8906665,12
476440,20.410336,31
476452,4.918667,16
476460,2.2849998,5
476476,6.5800014,10
476508,29.609333,8
476524,4.4486666,16
476556,33.174,12
476568,5.4936666,11
476588,2.435,5
476588,51.558,34
476592,49.05933,38
476596,4.59,10
476616,5.541667,5
476636,7.7273326,12
476640,28.897333,12
476660,31.143667,11
476668,26.469334,8
476684,12.908,24
476692,6.011,13
476704,32.937,11
476728,31.393667,11
476732,2.1756668,7
476756,9.172334,7
476780,33.597336,12
476788,40.673332,30
476824,1.6870003,11
476868,13.759334,28
476912,13.010668,22
476912,12.5736685,11
476952,35.59667,10
476968,41.88633,69
476992,8.500001,20
476996,32.207325,52
477012,3.9470007,11
477020,6.4656663,7
477032,2.0283332,5
477048,15.158001,24
477052,4.609333,8
477084,5.0176663,13
477116,2.926,8
477144,12.404666,24
477144,43.007668,23
477164,2.7383332,5
477172,38.02467,44
477192,1.6649997,5
477200,12.793666,21
477204,12.818335,15
477224,33.731667,15
477236,0.28266668,8
477256,26.045,5
477264,6.5893335,18
477292,5.792333,7
477304,9.573334,20
477320,11.280002,30
477352,7.347334,12
477356,11.568667,16
477420,38.498665,16
477456,20.115334,26
477476,-0.29166675,5
477484,21.667004,41
477504,27.275665,7
477508,81.11434,63
477516,33.431335,24
477544,5.8750005,15
477552,2.7530003,9
477580,14.0460005,18
477604,20.738333,25
477620,29.355667,17
477640,25.698334,5
477660,7.6733336,20
477680,2.1233332,10
477696,21.68267,38
477700,17.354668,24
477700,1.2483332,5
477716,0.55166674,5
477716,10.398002,14
477720,-2.165,5
477736,26.318333,5
477740,-0.13499999,5
477764,10.108666,16
477768,5.5156665,7
477772,9.698,14
477776,0.47333336,10
477784,1.0816666,5
477796,25.965,5
477800,29.355667,7
477812,3.5189998,7
477812,31.403667,11
477832,1.6716664,5
477836,30.105333,6
477836,1.8833333,10
477864,5.685667,7
477872,3.3726668,18
477908,36.883667,11
477908,14.766335,19
477944,10.939002,27
477960,31.114334,13
477976,14.7056675,17
477984,9.455999,28
477988,4.732333,7
477996,29.404335,13
478012,5.463,9
478032,3.275,5
478032,31.473,9
478052,16.285334,16
478084,4.0410004,13
478112,13.001667,15
478116,13.057003,21
478144,5.805,15
478168,5.411333,14
478172,36.072334,47
478184,31.88,10
478204,8.962999,9
478228,3.9603329,11
478240,5.2230005,9
478244,12.060668,32
478264,3.3483331,5
478268,0.37899995,7
478280,24.58233,27
478308,13.500002,20
478356,0.48399997,22
478368,14.631667,15
478368,18.854,22
478392,30.946333,9
478424,8.356,8
478428,32.510334,41
478444,7.7196665,19
478496,35.579334,18
478516,12.854,22
478544,38.224,12
478572,63.220337,51
478576,28.842667,8
478576,15.981668,15
478604,2.3623333,7
478608,27.186333,9
478632,4.3346663,14
478652,8.270666,12
478668,56.995323,56
478692,-0.5713333,6
478704,16.654665,24
478712,7.3916683,15
478732,41.978333,25
478748,6.7269998,11
478752,31.311665,15
478756,29.963667,11
478792,4.013,9
478816,12.925336,16
478824,2.1796668,19
478836,32.090332,11
478844,2.9316664,5
478860,30.863667,11
478888,0.39233327,7
478892,11.9713335,14
478900,15.981333,14
478940,-0.6166667,10
478952,33.765,15
478964,41.703003,19
478976,26.739666,9
479004,8.981001,13
479012,3.5796669,9
479028,6.8986664,16
479032,1.709,7
479040,-0.8010001,7
479048,3.9683332,5
479060,43.63067,82
479084,2.8086667,6
479108,6.3550005,15
479124,42.023666,21
479136,10.444334,13
479140,15.329,27
479176,11.567668,13
479176,9.213001,9
479204,30.109,7
479208,41.056,18
479224,21.706335,29
479252,8.626335,19
479260,7.927666,13
479268,10.293667,11
479296,16.101004,23
479296,31.437,11
479300,26.926666,10
479328,14.801666,15
479356,28.471666,15
479384,5.262333,7
479400,17.971666,25
479416,18.313332,30
479452,31.753,9
479460,26.060999,33
479472,25.458332,5
479480,11.553334,20
479496,3.1063333,9
479516,31.339666,9
479524,5.179,7
479528,18.275335,36
479548,2.2293334,8
479568,7.1236672,11
479576,14.632002,26
479584,3.1296663,9
479604,4.6889997,7
479628,0.9886668,6
479632,15.585335,26
479696,11.405667,17
479704,24.098001,34
479716,34.773666,21
479728,47.345337,36
479736,24.891666,5
479764,29.331665,15
479768,32.842667,18
479792,0.91900015,7
479800,8.376001,18
479812,1.5949999,5
479816,-0.07600021,12
479832,0.5983336,5
479868,28.926332,9
479872,4.2779994,14
479876,21.181667,35
479888,4.0216665,5
479904,46.208664,26
479940,33.354332,13
479964,37.471,23
479968,11.932003,16
480008,6.902333,17
480016,25.068333,35
480056,3.9239998,22
480064,12.595,25
480068,10.218334,15
480076,0.8116665,5
480080,10.902002,16
480088,3.5583336,5
480112,7.434001,12
480116,30.129002,7
480140,8.602,16
480144,36.345337,16
480184,9.075667,17
480204,26.505,5
480240,1.823,9
480264,49.703335,30
480268,18.066328,39
480272,38.277664,33
480284,3.2783332,5
480292,0.42200005,6
480296,11.0580015,14
480308,1.6663336,9
480312,1.2516665,5
480312,28.075666,7
480332,25.471666,5
480360,2.5253334,16
480380,6.7706666,12
480404,9.563667,11
480432,28.947666,13
480444,6.5866666,10
480452,25.978333,5
480484,28.434666,44
480488,29.999666,9
480528,35.547993,54
480540,4.9076667,13
480540,8.998,14
480556,2.5889997,7
480564,25.492,6
480612,4.084,12
480624,26.528334,45
480632,38.266335,19
480676,25.651333,34
480676,5.3510003,13
480696,-0.88833344,5
480704,39.096,18
480704,38.214333,23
480740,33.48033,11
480772,18.265667,17
480804,10.642001,16
480820,18.305336,36
480828,28.038666,6
480848,7.1956673,7
480868,38.081333,24
480872,28.797,11
480888,2.8216667,5
480888,41.545334,46
480908,4.368334,5
480940,8.057668,13
480940,19.020998,23
480956,11.3203335,21
480988,30.490665,12
481008,3.8816667,5
481024,36.66567,17
481036,3.595667,7
481036,44.017334,32
481056,35.226334,29
481056,24.471666,5
481092,30.999666,9
481100,7.5103335,11
481100,4.9653335,16
481120,0.1783334,5
481136,4.963667,11
481140,26.571667,5
481200,5.7316666,15
481200,15.768336,25
481216,25.992666,48
481224,25.652,6
481260,7.8663344,9
481308,32.470665,12
481360,2.301,13
481380,29.336998,41
481404,41.888992,67
481404,7.8370013,11
481432,5.3156667,7
481452,11.536001,18
481460,3.9423332,7
481488,7.443,9
481496,3.703,9
481508,0.2850001,5
481540,2.2269995,11
481544,28.744997,35
481564,5.274668,14
481576,8.542999,9
481576,68.364655,94
481596,26.505,5
481628,6.3876667,13
481632,2.5656674,17
481656,7.808334,15
481668,22.010334,31
481672,30.553665,11
481676,1.4649999,5
481716,7.8099995,10
481760,23.390667,32
481780,18.335667,27
481788,5.855666,7
481816,29.702333,7
481816,2.203,9
481824,51.383,39
481848,-0.36133337,6
481852,6.2230005,9
481908,10.051333,14
481928,27.505001,5
481960,4.262667,8
481984,57.21734,42
481988,2.2523334,7
481996,34.026672,70
482004,3.6616669,5
482024,0.78499985,5
482044,3.6946666,14
482060,28.529667,9
482068,0.65199995,6
482080,27.578333,5
482096,40.083992,62
482096,7.188334,25
482132,39.80867,16
482184,6.567667,13
482196,2.8283322,25
482204,10.577002,31
482240,7.121334,14
482252,24.953,39
482260,36.098667,16
482272,3.1050003,5
482312,31.64,10
482320,41.436333,29
482328,10.145668,17
482360,49.84,30
482364,29.626333,9
482376,35.525333,16
482396,3.0696664,9
482412,40.984337,23
482440,-2.9843333,7
482480,41.582,26
482560,34.39633,49
482584,5.835334,36
482588,28.642334,7
482600,19.05334,30
482624,4.8199997,10
482652,4.8156667,7
482656,32.401333,14
482656,46.45832,65
482688,40.15834,25
482708,-0.33833313,5
482724,41.776,18
482736,13.200002,20
482744,4.0416665,5
482780,31.657,11
482800,32.73467,14
482828,58.137672,43
482852,24.205334,36
482852,27.425333,6
482868,2.8039997,22
482872,1.1183333,5
482888,-1.0650002,5
482892,24.825,5
482908,26.191666,5
482916,9.559668,29
482920,28.335667,7
482936,27.012333,7
482948,38.988,24
482972,4.697667,13
482984,34.627335,12
483024,49.40567,27
483024,39.509666,19
483032,14.174999,15
483044,26.651667,5
483068,13.287001,11
483136,41.322334,17
483156,34.387672,43
483172,33.028336,35
483192,25.825,5
483220,27.138,44
483224,35.392334,17
483248,4.945667,7
483256,8.535334,16
483264,14.024002,32
483276,6.7589993,7
483296,6.488333,5
483304,38.117332,12
483308,2.9036665,11
483312,16.657335,22
483332,4.162333,7
483344,5.0596666,9
483376,2.2870004,11
483388,5.206334,19
483408,25.278332,5
483412,5.932333,17
483420,24.16033,31
483436,0.22900009,7
483440,2.251667,5
483460,27.538334,5
483472,31.454998,15
483488,12.567667,13
483500,3.839,7
483508,43.431,33
483516,4.1580005,14
483536,5.4396663,9
483544,27.864666,14
483572,0.4723333,7
483576,12.668334,15
483600,15.237667,23
483600,-0.4743333,7
483616,9.863335,20
483620,29.898333,5
483660,33.72167,15
483664,13.820668,22
483692,1.539,7
483696,36.653336,20
483696,31.813,9
483716,26.045,5
483728,2.383,9
483740,2.0820003,6
483744,40.37033,31
483792,12.924335,13
483796,10.304333,13
483824,2.3156667,7
483876,36.461,13
483896,1.3516667,5
483916,-1.045,5
483944,27.682663,38
483964,27.064999,5
483968,38.013332,60
483988,25.825,5
483996,26.269333,8
484004,70.25567,77
484016,-0.11833334,5
484020,12.525337,26
484052,5.432667,8
484060,6.634666,14
484068,6.0276666,13
484076,18.614,22
484088,7.6523333,7
484100,30.942667,8
484108,4.614667,14
484116,29.415667,7
484120,25.904999,5
484128,3.1250002,5
484144,1.4823333,7
484152,5.479334,8
484192,6.4706664,12
484200,10.956001,18
484208,44.724335,33
484220,2.1056666,7
484228,-0.4716667,5
484236,38.050335,21
484256,1.8349999,5
484264,8.877001,11
484268,34.793335,10
484276,-1.4883333,5
484288,1.5783334,5
484300,4.4919996,6
484308,1.0150003,5
484320,25.271667,5
484344,6.1596665,9
484348,17.91567,37
484356,19.704336,23
484388,5.2133327,10
484392,3.366333,9
484408,5.560664,22
484440,17.317999,24
484444,1.699667,9
484456,9.3289995,17
484460,0.21833348,5
484472,1.6989999,7
484488,5.3256664,7
484496,47.038666,26
484496,9.470001,10
484508,0.17499995,5
484524,30.907665,13
484528,0.7850001,5
484572,6.820667,12
484600,18.735334,26
484600,3.349,7
484608,43.162666,28
484628,6.639,7
484628,-0.775,5
484636,31.019667,9
484688,6.191,13
484688,3.8583333,15
484704,7.076334,19
484724,6.7763333,9
484736,2.5806665,12
484780,31.960335,11
484780,32.368,14
484784,10.143335,20
484844,4.915,15
484860,18.793333,20
484884,8.902001,26
484888,10.923668,11
484896,47.330666,92
484904,27.231667,5
484904,8.327,11
484932,5.3589997,7
484944,6.707999,14
484968,12.435335,16
484980,30.789665,9
484980,4.354,12
484988,27.511667,5
485000,16.668665,26
485000,-1.0083333,5
485008,-0.10166669,5
485056,6.5246663,14
485080,36.46267,18
485084,-0.3876667,7
485092,15.857667,23
485100,24.878334,5
485120,27.688332,35
485136,1.3296666,9
485144,6.6716676,15
485164,32.003666,11
485184,28.130667,12
485184,46.134335,23
485196,1.8143334,13
485204,1.3883334,5
485228,3.6203337,11
485232,3.6356664,17
485256,7.8250012,15
485256,25.845333,6
485276,26.985,5
485284,34.321335,14
485288,1.116,8
485292,39.764,22
485304,1.1556667,7
485332,-0.31766677,7
485352,34.792336,17
485360,10.216,18
485368,1.3229994,19
485376,6.3620005,6
485392,7.4616666,15
485408,9.230667,12
485420,10.457666,13
485420,2.2723336,7
485428,3.455,5
485460,4.653333,10
485460,29.549332,8
485472,15.52467,24
485480,4.3950005,5
485488,11.198999,17
485500,1.2383335,5
485508,-2.9283335,5
485516,8.818,14
485556,19.117002,21
485560,6.697,11
485564,36.072,16
485576,27.658333,5
485592,37.163666,21
485604,3.3903334,11
485620,3.2523334,7
485636,38.631668,15
485640,6.422999,19
485648,1.059,7
485684,1.5836668,11
485708,12.602666,18
485708,1.8853334,6
485724,20.06,30
485728,-3.105,5
485744,42.304665,24
485756,5.452333,7
485768,2.862,6
485788,6.8126664,8
485792,7.892334,17
485804,0.7596667,9
485808,29.371666,5
485844,5.574333,13
485880,8.186001,18
485900,0.051666617,5
485936,47.60767,23
485964,7.758668,16
485984,15.504999,45
485984,0.15499997,5
486004,15.339001,17
486016,47.185658,77
486028,28.838667,6
486040,3.8980007,14
486056,0.65900016,7
486056,9.249334,18
486072,3.696,8
486084,2.1623335,7
486092,9.0130005,19
486128,30.134666,14
486136,12.547667,13
486160,18.562,26
486180,3.1503334,11
486200,11.950001,10
486224,15.877669,33
486252,8.197666,13
486252,45.436996,31
486256,7.8263316,19
486264,28.126667,10
486288,-0.4613335,6
486316,8.395335,16
486328,9.656334,19
486352,29.159666,9
486376,29.357334,12
486416,13.890666,32
486436,-2.085,5
486440,10.508668,16
486460,65.88033,51
486480,37.344,32
486488,34.574333,13
486504,4.3786664,6
486528,1.1200002,10
486536,1.8359997,8
486568,39.062332,27
486588,7.8076663,13
486616,38.300667,22
486628,5.8416667,15
486644,46.530334,51
486672,27.022333,7
486676,36.511665,15
486696,3.435,5
486748,19.396664,30
486752,52.013664,41
486752,6.6879997,14
486788,4.186333,9
486792,30.263666,11
486800,8.317334,12
486832,7.3103347,11
486840,31.940666,42
486844,9.653667,11
486856,5.301999,6
486868,3.3856666,7
486872,29.249,7
486900,2.3189998,7
486924,14.217667,33
486940,7.8766665,10
486944,12.530668,22
486952,27.729,7
486956,10.92067,22
486960,26.165,5
486980,2.032333,7
486980,-1.7003334,9
487016,29.859667,9
487020,16.835335,16
487044,8.735334,16
487072,4.7223334,7
487088,17.494003,32
487108,11.394335,23
487116,12.938001,24
487124,6.5476665,13
487132,2.7070003,11
487136,27.722332,7
487148,0.45533323,6
487152,3.429667,9
487156,5.355,5
487184,4.659667,9
487224,15.182665,18
487224,38.83567,17
487244,-0.80500007,5
487244,8.415,15
487244,6.9860005,28
487296,8.074334,13
487320,14.471334,24
487324,14.129999,20
487324,5.6623335,7
487348,1.5723336,7
487364,1.4,10
487376,28.055666,7
487392,25.842333,7
487416,62.524338,43
487456,21.034334,33
487492,21.215,25
487500,3.6003327,21
487512,9.868001,14
487532,3.3283334,5
487536,5.166333,9
487544,16.751001,13
487556,-0.855,5
487592,0.4996667,9
487604,12.895002,15
487616,3.9653332,6
487624,4.7816663,5
487624,34.75733,62
487648,36.123,29
487652,1.5556666,7
487672,-1.6080002,6
487684,37.662334,17
487708,7.634666,14
487728,25.518665,26
487728,4.228333,5
487764,41.147667,23
487804,36.926334,19
487808,28.277,11
487836,26.836,8
487840,1.0893335,8
487840,33.273,39
487856,22.194,32
487860,-0.021666646,5
487868,30.496,8
487908,9.363335,10
487960,21.27167,25
487972,13.633,29
487984,15.946337,19
488008,0.90633357,9
488016,24.831339,44
488020,30.373,9
488024,8.795333,16
488040,4.628333,5
488064,33.854668,14
488068,7.991,13
488092,2.539,7
488112,5.6936665,11
488132,24.931667,5
488152,17.742666,28
488164,7.159333,8
488168,37.58967,19
488172,49.11567,37
488224,8.622667,18
488324,11.13667,40
488336,48.257336,42
488352,18.464,32
488364,32.082333,7
488440,23.459671,29
488448,21.193668,21
488472,26.662666,8
488492,18.098331,35
488540,67.83065,92
488544,7.9243336,13
488560,1.2416668,5
488588,26.869667,29
488608,35.803337,40
488640,8.113333,20
488644,3.0063329,9
488652,55.672333,27
488656,12.349001,17
488676,26.611668,5
488696,6.0113335,14
488712,29.859667,9
488712,12.975668,17
488724,28.238998,7
488760,18.202333,27
488776,5.8153334,16
488780,0.125,5
488796,7.659332,18
488812,2.9293332,8
488812,44.351665,25
488816,24.878334,5
488844,7.775666,17
488848,30.533,9
488860,2.2839997,12
488868,8.687669,13
488896,5.287333,12
488908,29.164,12
488916,-0.43500006,5
488940,17.288002,24
488944,11.9330015,19
488988,-0.21966672,11
488996,8.194668,14
488996,10.216667,20
489020,5.265333,6
489024,4.0629997,9
489056,9.2856655,37
489072,9.937668,13
489084,27.795666,7
489112,2.3556666,7
489116,0.48699975,11
489136,7.345334,6
489148,25.306002,38
489152,32.306335,9
489152,36.13067,32
489172,0.8649999,5
489192,-0.84499997,5
489200,0.2443335,13
489228,8.229668,9
489228,18.374334,23
489232,28.329334,8
489252,28.018665,6
489260,53.895668,27
489272,0.7550001,5
489276,32.177002,11
489292,2.125,5
489296,2.7996664,9
489312,28.571667,5
489332,31.479668,9
489340,3.1423333,7
489380,20.386005,38
489408,4.9989996,17
489428,4.4473333,12
489440,23.410337,41
489448,4.768333,5
489476,25.428665,36
489484,34.570335,11
489516,0.27666676,10
489528,47.76,30
489544,7.5316668,15
489560,8.1103325,11
489596,5.501,13
489612,41.970333,21
489616,-0.35500002,5
489620,32.875,15
489636,27.404999,5
489652,-0.116666675,10
489684,9.370667,12
489688,68.15666,60
489692,40.25933,18
489716,5.552334,7
489720,29.342333,7
489724,5.186666,10
489736,38.790333,21
489740,27.251667,5
489756,5.6499996,10
489768,6.8526664,8
489768,9.433666,11
489776,29.573,9
489796,4.412333,7
489808,3.0610003,13
489824,-0.3110001,7
489856,15.427335,22
489880,42.385334,26
489892,16.412334,17
489892,3.9463334,9
489912,1.0783334,5
489912,2.4183333,5
489928,30.577333,12
489928,44.97,30
489936,27.725334,6
489964,6.7963333,9
489980,30.250334,11
490000,1.3683333,5
490000,13.34067,22
490052,1.4243338,13
490064,16.648666,16
490076,17.485998,28
490080,0.18566656,7
490092,4.9223332,7
490116,27.889,47
490120,7.7966666,10
490136,3.935,5
490140,2.2250001,5
490156,-1.8183334,5
490212,16.696667,30
490216,3.2450004,15
490240,43.058334,25
490248,29.886333,9
490260,5.967,11
490264,43.315666,47
490300,5.9996667,9
490304,6.661334,14
490324,6.902,16
490344,-0.68833333,5
490344,0.58699995,11
490356,16.44967,29
490388,15.363665,21
490412,11.972334,17
490424,3.5829997,9
490444,7.052666,8
490448,17.658667,26
490456,18.475002,25
490460,29.676332,9
490480,3.3626661,8
490500,28.598333,5
490528,26.015667,7
490536,31.399666,19
490548,15.157669,23
490564,29.082333,7
490572,23.250666,32
490612,8.240001,10
490616,34.662334,17
490644,18.406336,29
490644,1.1423333,7
490648,5.843666,21
490692,6.793667,11
490692,6.6106677,12
490692,5.413334,20
490696,7.204334,13
490732,4.5899997,10
490732,7.749667,9
490748,38.884666,14
490792,38.001667,15
490804,14.275999,28
490824,33.89633,19
490832,12.638333,25
490844,26.111668,5
490848,9.124667,14
490864,3.9249997,5
490868,25.884998,5
490868,5.239667,9
490888,-0.775,5
490892,12.417335,22
490908,-1.6016667,5
490928,39.775,15
490960,39.861336,24
490964,10.416,18
490988,6.271668,15
490992,2.495667,7
490996,8.900667,22
491008,0.76733375,12
491016,2.841667,5
491020,3.292667,8
491036,2.7723334,7
491052,2.286333,9
491060,0.602,6
491068,4.5006666,12
491100,5.8806667,12
491108,30.797333,12
491164,31.365334,16
491176,19.385662,27
491180,12.566002,18
491196,33.347,51
491208,25.816,8
491240,4.133667,11
491244,0.67299974,9
491264,26.438332,5
491272,37.069,27
491276,5.329666,9
491284,2.6116664,5
491296,43.176334,29
491320,4.079667,9
491348,27.989,7
491360,35.89733,22
491368,-0.6516665,5
491400,44.327003,31
491404,44.449005,27
491440,3.8300002,10
491444,5.23,10
491492,17.74767,33
491512,15.712335,17
491516,6.0319996,6
491520,29.735996,38
491536,15.841332,24
491536,4.575,5
491556,30.573,9
491564,9.081001,13
491604,7.1440015,12
491616,7.439999,20
491648,38.887,21
491668,6.8210006,13
491688,40.430332,21
491696,4.269,7
491708,6.0349994,15
491708,0.58833325,5
491728,26.639338,48
491744,6.793,9
491764,8.364666,14
491772,11.120333,11
491772,0.038999796,7
491800,31.415667,7
491808,2.9329998,9
491828,27.064999,5
491856,8.291,23
491860,53.41033,41
491876,8.227333,12
491880,0.15166664,5
491880,16.550003,20
491912,3.0059998,8
491940,11.927001,21
491960,1.7183335,5
491968,16.787333,22
491968,6.497667,23
491988,39.036335,19
491988,28.251667,5
491996,26.662334,7
492028,6.2599998,10
492032,30.362999,9
492064,7.1663337,9
492072,2.5133328,10
492088,15.361668,25
492096,3.4686666,6
492124,1.9489999,7
492144,6.5733333,20
492144,33.461334,14
492192,29.507334,12
492212,26.665,5
492220,40.934994,65
492224,8.25,20
492236,1.7820001,6
492256,27.855999,8
492272,3.6763334,9
492284,6.8123336,7
492292,0.81833315,5
492328,24.128998,27
492332,3.0833335,10
492368,29.143,9
492376,17.347666,23
492408,32.173332,10
492412,24.686998,21
492416,35.63766,73
492444,1.7129999,9
492472,-0.22433332,7
492488,9.443001,19
492492,1.1683333,5
492492,7.3996663,29
492520,4.222334,7
492540,7.080666,12
492560,1.6633334,10
492564,11.596335,19
492596,22.464996,45
492616,29.664667,14
492632,33.889,17
492640,10.485002,25
492664,9.336,8
492668,25.615665,7
492684,1.3683331,5
492700,1.7126666,8
492700,7.4936657,21
492736,4.849666,9
492740,24.085333,36
492748,7.3020005,16
492808,34.20233,17
492828,52.52066,32
492856,24.869,7
492880,50.732002,36
492884,17.121338,34
492908,26.962334,7
492976,52.910004,30
493000,1.072,6
493016,50.281002,33
493016,15.295668,27
493036,0.5216665,5
493048,59.61666,60
493064,14.102003,16
493068,26.865,5
493072,2.2263336,9
493088,25.685,5
493100,11.957001,21
493104,9.333333,10
493120,1.5383334,5
493144,7.1779985,14
493148,26.015667,7
493180,2.1623325,27
493188,30.446667,10
493188,13.060336,21
493208,11.202,16
493212,1.0860001,8
493228,3.165,5
493236,11.317335,12
493256,2.0816667,5
493272,2.2403336,11
493280,-0.94799995,6
493288,4.7963333,19
493328,33.498,14
493348,15.945001,15
493360,31.606667,20
493360,25.265999,8
493376,46.122334,47
493376,5.0156665,7
493392,6.6926665,8
493396,0.64499986,5
493416,25.931667,5
493436,19.036333,19
493444,30.454334,13
493452,6.3296676,19
493456,4.086665,10
493472,25.685,5
493532,38.503998,22
493572,18.256338,29
493608,28.432999,9
493628,1.4316664,5
493628,38.098,24
493660,3.6460001,8
493676,61.896988,51
493708,5.8433337,20
493720,6.4536667,11
493740,6.856,8
493772,3.599333,8
493800,0.7090001,7
493836,23.196339,29
493856,27.551666,5
493880,26.911999,6
493884,46.724022,112
493888,17.544003,22
493944,37.900322,71
493948,11.322334,17
493952,38.322334,17
493972,28.258333,5
493980,0.3026669,8
493988,6.6936665,11
493992,15.245333,26
494000,-0.87099993,7
494008,2.6523335,7
494028,31.066334,9
494064,10.184666,14
494080,7.334333,23
494080,34.427666,13
494128,5.6553335,16
494156,28.015667,7
494156,14.599667,19
494156,36.193,19
494176,0.13166666,5
494212,12.684668,14
494236,2.708333,15
494300,78.30499,75
494348,20.149332,28
494356,12.864667,14
494372,51.38333,40
494384,0.49899983,7
494404,4.9193325,8
494412,6.2986665,16
494420,37.992012,66
494428,2.0236664,11
494460,33.464,12
494472,32.027,11
494492,26.698334,5
494508,6.507333,12
494512,5.9576683,23
494524,1.2459998,8
494568,5.1869993,11
494572,17.142002,16
494624,29.031,13
494640,4.356,18
494644,1.9716666,5
494656,8.832002,36
494684,6.2699995,10
494692,9.681002,13
494716,65.27265,78
494716,8.688335,15
494728,8.097,11
494728,0.6530001,9
494736,1.9616668,5
494740,3.3853335,6
494756,3.095,5
494764,2.8663335,9
494776,1.6230001,9
494796,4.5550003,5
494804,1.4740002,12
494808,6.156667,20
494836,30.535667,7
494852,9.808002,14
494856,4.7176666,13
494876,-0.13166666,5
494900,33.045334,16
494912,28.315668,37
494932,19.10333,20
494936,1.1129999,9
494980,34.11067,12
495008,22.918001,24
495028,0.78166676,5
495056,2.1123333,7
495072,14.461001,23
495076,-0.08833337,5
495084,51.669003,37
495096,-0.75166667,5
495120,30.744,12
495136,30.673332,10
495156,9.856001,18
495156,1.5083337,5
495192,11.469334,18
495328,17.018,34
495336,34.908333,45
495356,6.9456663,7
495408,9.777668,13
495440,96.80701,141
495444,31.179665,9
495516,34.589333,18
495520,58.86366,91
495520,36.275326,46
495552,5.6763334,9
495556,29.686333,9
495584,3.455667,7
495596,2.427,11
495612,39.05767,23
495628,14.562334,47
495632,30.573,9
495632,-0.4716667,5
495676,30.977,11
495688,21.452002,26
495704,10.666332,19
495732,3.5756664,7
495744,6.8390007,17
495748,14.693002,29
495784,7.787998,24
495788,3.8600001,10
495788,-1.3519999,14
495812,0.9056667,7
495828,9.883667,21
495848,10.431665,15
495864,3.8163335,19
495888,40.976334,19
495896,11.817334,12
495896,5.8156657,17
495916,28.558334,5
495924,3.3196669,9
495924,37.858334,15
495932,7.0363336,9
495944,28.695667,7
495952,3.5916667,5
495956,5.076,8
496040,7.1170015,21
496044,43.008335,25
496060,37.355667,27
496080,3.5283334,5
496096,22.400997,43
496108,1.2456667,7
496124,0.8956666,7
496132,16.227667,23
496144,27.498333,5
496164,1.8483335,5
496168,4.029667,9
496196,0.32599974,8
496204,-0.947,9
496216,59.120995,43
496216,26.425,5
496224,28.418333,5
496236,3.601667,5
496252,0.7063333,9
496252,28.468672,36
496300,1.1906667,12
496316,14.411001,23
496324,6.566,18
496352,23.639666,29
496364,8.474001,12
496384,27.618332,5
496388,29.439667,9
496416,26.742666,8
496444,5.5256667,7
496460,8.746001,18
496464,20.805004,35
496504,32.223667,11
496516,42.376,18
496536,38.479668,59
496560,30.710333,11
496560,3.681333,14
496592,13.544667,14
496596,29.659668,9
496608,48.302,36
496616,1.2316668,5
496616,1.1646668,14
496636,2.6056666,7
496652,40.771667,15
496660,4.7436666,11
496680,7.4953327,16
496696,33.488335,15
496700,5.941666,5
496704,4.774333,13
496724,26.965,5
496724,9.475334,16
496760,11.342999,9
496768,12.465666,17
496792,35.739,17
496796,32.376335,9
496816,0.51833344,5
496832,12.574671,34
496852,10.995001,15
496880,44.282665,28
496900,1.6239997,12
496900,38.75367,21
496920,34.226665,10
496948,5.0273333,12
496956,12.276997,31
496984,3.1396663,9
496992,13.624334,23
497000,29.610332,11
497004,5.3236666,21
497052,7.615667,17
497068,33.73967,19
497080,9.383,19
497100,31.633999,12
497100,28.962666,8
497120,0.6783333,5
497124,2.6203332,11
497156,37.543003,39
497208,42.86067,22
497212,11.268,14
497232,25.978333,5
497236,28.348999,7
497256,28.298332,5
497272,7.4100013,10
497300,24.650003,50
497300,30.827,11
497320,27.305,5
497344,12.819336,18
497360,6.8783326,15
497364,49.983326,60
497396,12.8029995,19
497404,8.553667,11
497416,28.951666,5
497424,10.523331,20
497444,13.213335,20
497452,1.9990003,7
497456,0.48333323,10
497480,39.48967,19
497492,-0.020000458,10
497500,3.6903343,11
497512,1.175,5
497516,27.879665,9
497556,10.384668,14
497568,19.100334,31
497592,10.973001,19
497624,5.6456666,17
497652,9.010334,21
497656,23.852003,36
497668,14.299667,19
497672,5.8016663,5
497688,2.6493335,8
497720,6.642667,8
497752,12.670002,20
497772,-1.865,5
497780,2.7483335,15
497796,46.714333,43
497816,29.731667,5
497844,60.734665,44
497904,19.897667,33
497940,36.288002,24
497952,23.961332,34
497956,5.7343335,13
497972,2.1183333,5
497988,29.333996,52
498032,8.465002,15
498032,8.977001,11
498048,6.147667,23
498068,0.25833333,5
498108,34.230663,42
498120,19.067335,22
498120,7.2310004,13
498140,36.585667,27
498164,1.0586667,6
498164,30.823668,11
498172,9.324334,13
498220,4.488,14
498248,27.782333,7
498284,53.139328,28
498300,6.5276675,13
498308,1.9020001,6
498308,17.048664,36
498320,2.7816665,5
498332,0.08866668,6
498340,29.96267,58
498348,1.9733335,10
498376,33.343666,11
498384,34.532,16
498400,3.6920002,6
498408,18.999,17
498428,15.633336,20
498460,12.800999,13
498500,33.052666,18
498504,10.545334,26
498536,-0.9906666,8
498580,2.8503332,11
498648,49.202335,37
498660,59.276665,50
498668,46.63034,71
498732,8.799335,18
498736,4.8190002,17
498752,25.558332,5
498756,-1.585,5
498776,47.627335,32
498784,39.100334,51
498812,38.305,15
498824,4.0506673,12
498852,-0.2376666,7
498884,48.410667,32
498888,33.006332,19
498896,7.9136667,11
498904,19.316664,30
498916,27.575666,7
498924,5.279,7
498940,27.185333,6
498944,0.30500007,5
498956,6.9109993,13
498960,-0.30166662,5
498972,8.114,22
498980,33.203,9
498980,-2.315,5
499004,24.658667,6
499016,36.018333,15
499048,6.8429995,19
499052,27.886333,9
499060,5.401334,14
499072,0.6683333,5
499096,4.4763336,9
499100,24.123335,30
499116,2.8103328,11
499136,0.52166665,5
499140,3.247667,23
499148,6.420666,12
499156,10.131668,15
499164,0.7056668,7
499184,27.809,7
499224,30.448334,15
499228,-2.0963333,11
499244,20.372,26
499272,19.670334,31
499292,9.022,16
499296,7.206001,18
499324,8.601002,13
499328,3.4693332,8
499344,2.315,5
499348,1.6416667,5
499376,4.1856666,7
499396,3.521,13
499400,24.758667,6
499404,61.026665,40
499416,-0.47166657,5
499468,3.4720001,16
499468,2.999,17
499472,24.448334,45
499496,11.576667,20
499504,10.9696665,9
499516,25.751667,5
499532,27.429,7
499536,15.872332,17
499568,1.9460001,8
499604,4.646333,9
499608,13.604332,23
499616,17.455332,36
499656,12.381001,13
499680,22.522337,37
499680,12.622667,18
499700,-1.8483332,5
499704,32.177334,12
499728,7.850667,12
499744,29.046665,10
499764,-1.8813335,16
499768,8.323334,10
499780,36.240337,41
499800,0.20500004,5
499812,33.257,11
499812,9.439001,17
499844,43.403336,20
499904,43.187668,23
499908,32.165333,16
499932,27.429,7
499980,12.906002,18
499984,10.897667,13
499992,24.025997,48
500016,6.429666,9
500044,31.248333,15
500048,30.756338,59
500064,6.3816667,5
500084,5.5596657,9
500108,8.380333,11
500108,21.41967,29
500116,22.938334,25
500160,7.6010003,13
500200,10.390332,21
500204,22.92,30
500232,-0.33433342,7
500240,14.796668,20
500240,10.210001,10
500240,18.901,33
500252,25.885,5
500264,3.9786668,6
500268,30.455666,7
500328,32.651665,15
500328,31.615334,16
500356,28.629,7
500372,18.877665,33
500384,4.6380005,14
500416,7.076999,11
500428,52.477997,44
500452,11.555667,17
500456,3.245666,7
500480,2.3789997,7
500492,3.9730005,9
500500,1.7616665,5
500508,7.257665,23
500520,3.145,5
500536,42.015003,45
500556,1.6683332,5
500560,8.232332,17
500568,5.7039995,12
500580,26.845001,5
500580,7.5853333,6
500588,0.725,5
500616,1.133,9
500624,2.663,9
500648,25.832,6
500664,5.500667,12
500708,30.540333,11
500708,29.78333,50
500716,13.439001,17
500720,24.541668,35
500744,1.2063329,9
500760,2.2003336,11
500780,3.548333,5
500788,4.8636665,11
500800,1.8983333,5
500812,49.865334,26
500836,0.27400005,12
500844,4.6859994,8
500844,3.9036667,11
500872,20.645996,38
500872,5.2496667,9
500872,-0.7643333,7
500892,-0.7716665,5
500900,3.1956658,7
500940,10.212336,17
500952,32.061,13
500960,8.512333,17
500968,28.202333,7
500988,5.0223336,7
501016,14.282001,16
501028,4.673333,10
501032,55.18567,47
501072,8.411333,14
501084,41.166336,29
501092,26.251667,5
501092,6.5820003,16
501112,26.871666,5
501120,13.504,22
501144,0.5393331,8
501184,7.4849997,25
501184,19.864332,23
501212,37.56433,23
501236,16.501001,23
501240,5.1923337,7
501252,32.719,17
501264,6.692333,7
501276,9.4243355,23
501312,32.684002,12
501312,39.239334,18
501332,14.106667,20
501348,35.126,18
501352,4.5333333,10
501372,31.853333,10
501372,8.901668,15
501376,5.265666,7
501388,6.5896664,9
501392,2.605,5
501396,28.218334,5
501460,34.199,17
501484,7.168,24
501484,46.249332,28
501516,34.211334,14
501536,6.541,13
501556,0.28833318,5
501568,9.637001,21
501628,9.588333,15
501636,21.363333,20
501648,2.6616666,5
501648,19.434332,33
501664,5.8123336,7
501676,27.282333,7
501684,0.46166635,5
501696,45.98833,75
501708,1.5293332,8
501728,39.27333,20
501736,0.88999987,10
501748,30.426666,10
501748,2.335,5
501792,32.48033,11
501804,9.618001,14
501824,25.298332,5
501848,26.472,6
501876,22.39833,35
501876,15.570335,21
501876,27.689,7
501888,45.283665,51
501904,29.222332,7
501920,4.6003337,11
501948,1.649,7
501964,6.275,15
501968,21.367666,23
501984,4.3529997,9
502004,3.4096663,9
502016,4.7443333,13
502028,51.85833,35
502036,26.238333,5
502056,25.845,5
502060,1.202667,8
502060,34.594666,14
502092,4.719667,9
502140,7.206667,20
502152,40.544334,23
502160,2.825,5
502164,9.262669,18
502172,32.385666,47
502184,24.931667,5
502192,2.3083332,5
502212,8.179,7
502228,3.0696666,9
502232,18.090002,20
502236,40.076332,19
502264,7.1110005,13
502272,6.969668,9
502296,2.306,8
502352,4.376667,20
502380,2.4323335,7
502384,8.480667,22
502416,30.966333,9
502420,31.67933,48
502428,54.52633,49
502452,2.109666,9
502456,2.842333,7
502468,35.650333,21
502496,2.469,7
502512,10.827668,23
502516,26.625,5
502560,5.4106665,12
502580,9.595333,16
502592,13.578335,35
502600,-0.2850001,5
502620,36.631668,15
502628,31.213,9
502636,34.079666,9
502648,26.162334,7
502652,1.4620001,6
502664,-0.79766655,7
502680,4.009,7
502684,27.605,5
502688,30.293333,10
502704,25.491665,5
502736,34.487335,12
502752,30.867332,12
502808,7.292667,18
502816,49.681328,34
502828,27.118332,5
502856,5.889,7
502860,33.090332,11
502900,2.5733333,10
502912,31.996668,40
502920,0.99499995,5
502940,11.530333,21
502956,-0.24699998,9
502964,9.897667,13
502968,0.33566666,7
502996,0.5423331,7
503024,38.020664,142
503036,6.1433334,10
503088,18.78033,31
503096,36.111668,15
503104,44.46,20
503116,-1.0816666,5
503128,27.67,10
503136,-1.754,8
503144,25.562336,47
503216,5.330666,22
503228,9.467669,23
503228,37.25367,21
503236,0.80500007,5
503248,3.1216667,5
503252,5.6953335,6
503268,0.4183333,5
503280,27.100334,41
503280,-0.931,7
503296,7.0023336,7
503300,12.362,16
503332,3.8176665,13
503356,8.433001,19
503364,5.8889985,17
503372,11.269335,18
503376,0.125,5
503404,15.142668,18
503408,5.286333,9
503412,7.149667,9
503444,5.443,9
503448,2.1903334,11
503460,32.41733,12
503480,20.013,29
503488,6.4803343,11
503516,3.779667,9
503544,0.19566679,7
503564,1.2016668,5
503576,25.999664,29
503596,28.152334,37
503596,20.845669,27
503620,0.8120003,6
503652,12.100668,22
503656,30.866333,9
503688,3.6563334,9
503696,46.556664,30
503724,4.469,7
503740,41.067,21
503760,30.276333,9
503780,24.425331,46
503784,4.2303333,11
503824,1.7966664,10
503824,11.9453335,16
503860,30.841,43
503868,20.280666,22
503868,31.823666,11
503868,29.786999,11
503880,0.32500005,5
503896,0.41233325,7
503900,1.5916666,5
503916,2.185,5
503928,5.4990005,7
503960,2.9236665,11
503992,3.1586661,16
504008,23.221668,35
504028,16.339,17
504028,54.96334,40
504036,11.853668,11
504056,-0.95766664,7
504064,0.34966683,9
504064,27.835667,7
504076,25.898333,5
504076,31.992332,17
504092,4.109,7
504096,6.0526667,8
504096,4.5416665,5
504112,26.305,5
504136,6.2250004,15
504140,31.937,11
504156,1.9783332,5
504164,33.809,17
504176,5.9830008,9
504184,10.376,18
504188,3.3926666,8
504204,8.149,7
504208,5.7003336,11
504224,0.7683331,5
504248,4.652,6
504272,34.952,16
504292,11.752004,26
504296,19.172667,28
504296,10.154,12
504324,0.24900007,7
504324,40.541,13
504340,28.437332,12
504352,30.449,7
504356,6.7416663,15
504368,2.777,11
504380,29.936666,10
504424,33.192333,17
504444,7.5329986,19
504460,13.989,27
504472,13.2143345,23
504504,9.800002,20
504540,34.929,17
504552,15.462336,27
504552,6.4440007,12
504560,43.248333,25
504608,12.944668,14
504612,5.1616664,15
504628,5.4989996,17
504652,10.510334,11
504656,19.083002,29
504664,4.3496666,9
504696,4.1469994,11
504700,27.483,9
504736,30.139666,9
504740,4.107,11
504756,0.36499977,5
504764,19.092337,27
504776,52.510338,41
504784,27.258333,5
504808,29.372,6
504832,7.4146667,14
504872,25.247665,33
504892,-0.9116667,5
504920,16.919334,28
504960,8.525667,17
504976,33.57467,14
504980,-0.07500005,5
504984,16.036001,38
505012,6.6996675,9
505040,10.115001,15
505048,5.276334,9
505124,18.073,19
505148,1.1523335,27
505160,27.904665,44
505164,28.233995,102
505176,1.2790002,7
505184,5.3616667,15
505208,9.320667,12
505212,13.184001,12
505232,27.645332,6
505236,8.687666,13
505240,30.555668,7
505252,41.01967,19
505280,4.3073335,12
505312,11.821669,15
505320,36.606667,20
505384,31.312668,18
505416,17.528004,34
505420,28.038664,46
505420,7.131667,25
505440,28.598333,5
505452,34.172333,17
505460,3.6983335,5
505472,1.6383333,5
505480,2.8416667,5
505484,4.075666,17
505492,-1.4849999,5
505516,3.5596669,9
505568,3.9810002,13
505580,13.051335,24
505600,21.485668,27
505620,0.9483334,5
505632,70.961,53
505644,1.7086666,6
505648,17.92,20
505676,7.3170004,11
505684,24.965336,26
505696,0.32500005,5
505708,-0.7346666,6
505716,25.365,5
505728,-1.765,5
505732,44.130333,21
505768,-0.38700008,9
505776,18.340998,33
505800,6.690334,21
505808,35.58,10
505820,5.981667,5
505824,44.524666,24
505836,28.575666,7
505848,30.168999,7
505856,-1.3050001,5
505868,29.786999,11
505876,-0.5083333,5
505892,7.1963334,29
505896,3.169,7
505908,9.741667,15
505924,5.770666,12
505940,31.437,11
505952,1.7550004,15
505956,2.1573331,12
505976,28.502998,9
506008,14.513668,21
506016,5.868333,15
506056,7.7639995,12
506060,9.853667,21
506096,31.426334,9
506108,19.923006,39
506144,8.754001,12
506216,46.573326,40
506240,5.548667,6
506268,11.233331,40
506276,8.519667,9
506288,17.755335,36
506296,29.502333,7
506296,66.53666,70
506312,4.766333,9
506324,5.8989997,7
506332,32.297,11
506352,25.418333,5
506360,-0.5103332,9
506380,42.41567,17
506392,3.9059997,8
506436,13.563669,21
506444,10.204334,13
506460,34.04367,41
506480,-0.45166683,5
506496,53.462997,29
506516,28.058334,5
506532,31.517334,22
506544,4.9756665,7
506552,11.076,18
506560,2.5523334,7
506588,28.135666,7
506604,55.540665,42
506608,1.845,5
506632,2.909,7
506648,30.586666,10
506656,42.868668,26
506660,28.282333,7
506680,19.668001,34
506680,-2.3013332,6
506688,3.4290001,7
506696,31.244,12
506700,-0.2583332,5
506724,5.673001,9
506744,31.070333,11
506756,31.513,19
506768,4.555333,6
506828,31.389334,18
506828,25.117668,33
506828,54.78534,26
506840,6.452666,18
506864,10.583001,9
506868,1.7233334,10
506872,28.236,8
506872,1.2670002,11
506900,28.449,7
506900,4.9630003,9
506908,31.906334,9
506916,30.490667,12
506928,-1.1983334,5
506976,33.737335,12
506988,35.456,18
506988,7.250666,22
507040,7.424333,13
507068,3.4666674,20
507092,6.934335,13
507116,6.492,6
507124,72.28534,56
507132,24.55967,39
507152,41.187004,21
507156,3.1133332,10
507180,7.7339997,12
507212,4.3079996,14
507220,28.966667,10
507220,7.879,17
507244,53.793335,30
507256,4.256334,9
507264,2.3649998,5
507316,11.955,15
507328,38.139668,29
507356,11.914332,23
507364,31.612999,9
507368,34.04767,13
507384,-1.0183334,5
507396,5.2433333,10
507412,27.409,7
507424,28.347,51
507432,26.358334,5
507432,8.575334,16
507432,-1.9836667,9
507480,5.6673317,12
507532,48.581665,25
507540,12.652333,27
507544,36.792,16
507592,2.8316665,15
507604,32.135002,45
507620,11.276667,20
507620,3.4656665,7
507636,8.560999,23
507656,2.1516666,5
507660,6.7900004,10
507680,24.851665,5
507696,14.034331,23
507696,12.706334,19
507704,5.504,12
507716,0.865,5
507740,6.1896667,9
507768,7.682667,18
507792,33.347668,13
507808,16.200666,32
507812,1.1183333,5
507828,47.815994,28
507828,1.0516666,5
507840,3.7723336,7
507852,8.683667,21
507864,7.5896673,9
507868,-1.5543334,7
507892,5.1433334,10
