timestep,ep_reward,ep_length
28,-1.8143333,7
108,6.5599995,20
204,16.551336,24
208,21.010666,52
244,-3.7870002,9
272,-0.4443333,17
276,28.749664,69
332,0.3983333,15
364,7.637332,22
372,4.083333,10
392,2.6723332,7
444,5.067666,13
488,4.3270006,11
492,44.21099,123
508,-0.7583332,5
516,21.592669,68
532,22.239998,40
540,1.3653336,6
568,5.2896657,19
612,-4.7296667,11
616,11.755668,27
640,0.732,6
652,4.696001,28
672,37.778336,35
696,4.0770006,21
700,2.180667,12
700,-2.201,7
732,6.0360003,8
748,5.068999,27
756,5.1780005,14
796,0.13333344,10
796,2.7353334,16
808,1.0050001,15
852,0.35033345,11
864,9.230667,42
876,3.762,6
964,6.758333,25
984,19.795664,47
1008,-1.6129999,11
1016,10.371669,55
1028,-2.8183331,5
1040,12.317003,41
1060,-3.9283333,5
1080,5.0453334,16
1100,-0.36399984,18
1104,0.7053334,6
1108,1.5173333,12
1120,-1.5483334,5
1124,0.6149999,5
1148,0.8723335,7
1172,-1.7446667,6
1188,4.058667,16
1208,3.9716663,25
1228,31.55032,61
1248,-1.8116668,5
1272,2.9953332,16
1272,5.2350006,25
1296,2.142,6
1320,2.7006671,12
1336,1.6499999,10
1340,-0.8083333,5
1388,8.378333,35
1388,2.6543329,13
1412,3.946,18
1440,5.559,7
1440,9.227665,63
1464,-1.9203334,19
1484,-0.585,5
1504,1.6950002,5
1508,9.373336,30
1548,2.9999998,10
1592,9.122667,38
1624,-0.26699948,19
1628,-3.0736666,9
1640,8.920002,50
1660,-1.2836666,9
1724,2.644667,24
1732,34.434334,23
1752,2.9156666,7
1768,20.389004,27
1776,1.9253337,6
1804,3.0726671,18
1808,3.5199997,10
1836,-3.3676667,7
1868,1.8853338,16
1872,-1.9103333,9
1896,-0.04766667,7
1900,0.7356665,7
1900,26.12033,31
1912,58.127335,102
1968,0.67233336,17
2000,3.079333,8
2004,7.159,27
2044,10.394335,33
2052,10.910999,13
2068,-0.39133352,6
2096,2.7536669,11
2104,-0.727,9
2112,-0.39566672,53
2124,2.055,5
2152,-2.3943334,7
2184,15.395,45
2200,5.7973337,22
2204,-2.0956664,13
2236,0.5816667,35
2268,-0.011000156,17
2288,-3.1983333,5
2312,1.7120003,6
2332,11.331333,24
2340,14.198003,34
2348,16.400337,41
2400,5.221666,15
2436,5.4473343,22
2444,0.7226664,28
2456,3.9253345,36
2464,-0.8576667,7
2480,0.41866684,6
2496,0.8446665,24
2508,4.1469994,11
2516,7.4596667,9
2536,0.49100006,23
2584,10.294001,22
2592,32.828,14
2632,9.523668,31
2652,7.2679996,34
2660,1.0423331,17
2680,0.9823332,7
2684,-0.65800005,6
2704,0.86666703,30
2704,1.6253333,6
2704,8.029333,18
2736,3.9343333,13
2824,0.16400003,22
2844,-1.2816668,5
2856,5.9793334,38
2872,13.110666,42
2876,0.9926665,8
2896,3.452667,48
2920,1.0086665,16
2940,-0.3316667,5
2968,15.214334,23
3008,-4.2633333,10
3040,16.721664,25
3080,8.958668,46
3088,28.854662,54
3112,-2.3140001,18
3180,3.0143335,23
3188,5.5630016,19
3196,11.375668,47
3216,-2.105,5
3240,1.0016665,15
3268,8.706668,20
3280,11.713333,50
3296,1.439,7
3300,8.988335,15
3316,3.3583326,25
3356,3.3196661,19
3360,5.5850005,15
3364,0.5189998,17
3408,5.5303335,11
3428,10.972335,17
3428,7.519334,28
3436,10.533335,20
3456,1.5740001,12
3472,-0.099666595,11
3548,14.002668,28
3604,11.042336,37
3604,15.674333,33
3604,3.5980003,14
3648,1.8803337,11
3684,0.7329999,9
3704,-1.6183332,5
3708,2.4086666,26
3748,7.798666,36
3752,0.88399994,12
3772,-2.2816668,5
3792,0.9436669,11
3824,-2.454,8
3908,13.23999,120
3964,-0.8586669,14
3976,12.860333,51
4004,1.1656668,7
4016,-2.3723335,13
4040,19.634666,54
4044,-0.72000015,10
4044,1.7823334,7
4088,4.647333,12
4096,2.271,13
4100,3.218,14
4116,-3.6326694,102
4144,-3.776,12
4156,6.105667,17
4160,-2.5896668,11
4164,1.5053332,16
4192,3.043,9
4192,1.8256667,7
4216,8.769335,18
4228,2.1763334,9
4228,2.9163334,9
4264,8.592002,26
4268,6.1033335,10
4284,-0.11199975,14
4284,1.2383332,5
4288,-0.35499996,5
4316,0.23900008,7
4380,-0.2119999,24
4384,1.9190001,17
4408,1.862,6
4408,0.2323333,7
4444,33.03333,40
4476,-4.7043333,17
4488,20.729332,68
4532,-0.79966664,11
4572,2.2366664,10
4596,2.7866669,30
4612,6.990333,51
4616,1.5249999,5
4652,7.9833336,20
4668,3.7680006,14
4688,4.7426662,18
4708,4.398,14
4716,1.3540001,12
4720,28.632998,69
4752,-2.5306666,8
4776,13.7906685,22
4780,1.2253332,16
4796,-0.23966658,11
4812,2.2963333,9
4844,-2.2893333,12
4856,9.556334,19
4872,2.722334,7
4888,-3.3906665,8
4916,-1.7376666,7
4924,0.8410001,13
4924,6.596,28
4924,0.86133385,54
4952,-4.8776665,7
4976,1.8543338,13
4976,3.9683332,15
5004,-0.5209999,7
5056,11.164331,33
5068,9.41967,29
5080,13.719667,19
5104,5.2040014,32
5124,-0.12299991,11
5148,8.543335,20
5152,1.339,7
5164,8.865666,27
5180,2.6223335,7
5244,6.1566677,20
5268,8.115334,6
5312,1.627,11
5336,9.742667,58
5360,3.7839997,12
5396,4.735,15
5408,-0.9293333,12
5432,13.303665,71
5456,-6.2383337,15
5460,-3.1976666,7
5480,-0.11166668,5
5484,-2.4569998,19
5484,-1.0510001,7
5524,-0.43666625,10
5564,43.015335,96
5592,11.852668,28
5652,2.8383338,15
5668,10.272002,26
5676,1.8986665,6
5704,0.37900007,7
5732,2.1886663,16
5744,20.578335,55
5748,9.201999,66
5748,3.6536667,11
5760,28.652332,7
5772,-0.45099998,7
5788,0.8533337,10
5804,0.79699993,11
5824,5.0810003,13
5856,-1.7776662,17
5892,2.0490003,17
5900,-1.0696666,11
5900,2.421333,24
5936,16.645664,47
5940,11.214001,12
5984,0.23699975,11
5984,2.394,12
6012,12.422667,28
6020,0.123000145,9
6040,5.035001,35
6040,0.77900004,7
6060,-0.605,5
6080,-1.0016663,15
6084,-0.67633325,11
6104,-3.0349998,5
6116,2.2696667,9
6160,5.5280004,44
6168,0.46766663,13
6172,8.312334,17
6188,-1.5976667,7
6260,5.0876675,23
6280,4.281,23
6304,-1.5963333,11
6320,7.1823378,37
6324,1.1070004,11
6324,0.48166674,5
6348,-0.04433322,7
6392,1.2523333,17
6396,4.046001,18
6400,29.111666,85
6412,-2.705,5
6420,2.7983334,5
6432,-2.2336667,9
6476,3.0279996,14
6488,31.831333,14
6552,-0.99799997,16
6584,15.506334,59
6600,9.900334,31
6672,-6.569333,22
6724,-1.1056668,13
6748,8.703,49
6748,18.295666,37
6792,-0.9029999,11
6832,6.313667,21
6864,2.696,8
6904,4.989335,28
6904,2.56,10
6924,-3.6149998,5
6928,1.042,6
6988,3.135333,16
6996,8.785667,17
7016,54.37031,151
7032,28.733665,11
7048,21.903666,81
7068,3.7443333,13
7088,0.8516667,5
7132,1.9803331,11
7188,23.286331,39
7192,35.195004,15
7272,3.417,21
7296,24.520662,62
7296,3.0986667,26
7320,-4.2493334,12
7320,3.352,6
7356,2.2129996,9
7372,1.6910002,13
7376,33.045002,95
7416,14.413335,30
7444,3.6406665,22
7472,0.5323336,7
7484,2.425667,27
7492,6.346334,19
7516,6.6569996,11
7548,5.3653336,16
7556,7.422,16
7620,24.380667,62
7664,17.799002,37
7668,13.076004,28
7688,-2.4783335,5
7708,11.846669,40
7712,-3.5279999,6
7748,-1.3666668,10
7752,0.18100075,33
7792,-1.6996667,11
7844,8.867667,13
7888,10.068672,56
7948,25.876333,49
7952,24.50333,60
7992,-1.3599999,10
7996,1.824,12
8044,7.1276665,13
8056,3.727334,42
8084,-0.15333343,60
8092,0.9779997,24
8124,2.449,17
8168,1.1736668,11
8188,0.3316667,5
8212,10.297334,42
8220,8.847335,32
8232,11.952335,37
8248,-1.2709999,7
8256,3.0536666,11
8268,-1.8683333,5
8328,4.245,15
8348,0.3316667,5
8356,11.710668,42
8372,11.495001,35
8392,-1.015,5
8392,20.058004,34
8420,-0.821,7
8440,5.7203336,21
8456,0.523,9
8460,-1.8316667,5
8476,-4.2749996,5
8488,0.83900005,7
8492,6.7886696,36
8524,-2.1103332,9
8532,4.701667,35
8552,-0.18499994,5
8556,3.575333,16
8560,-2.237,9
8592,9.146336,29
8592,1.4,10
8660,0.33566678,17
8684,8.340668,32
8716,-0.46733323,8
8716,14.769668,39
8780,2.9120004,16
8784,7.655667,17
8824,21.849335,58
8840,0.23499995,15
8844,3.2483335,5
8876,3.5643334,23
8880,-0.3436666,9
8900,6.221667,5
8920,0.30166662,5
8924,1.5303333,21
8944,0.5716667,5
8964,1.1783334,5
8984,-0.5483334,5
8988,5.329,17
9012,10.4780035,34
9040,6.4213343,14
9040,-3.0176668,7
9084,4.528001,24
9088,5.4940004,12
9152,8.497667,123
9208,1.8813325,14
9216,10.5510025,33
9268,11.204333,13
9288,-2.435,5
9292,31.133667,21
9324,1.5326664,8
9328,1.9066665,10
9352,30.335989,78
9364,-2.167,9
9376,5.9543333,13
9400,-0.8113334,6
9424,12.454668,84
9440,3.026333,19
9448,-4.078,6
9468,3.1223328,17
9476,-0.7743335,7
9488,-1.5916667,5
9516,0.9856665,7
9568,10.660668,32
9588,0.13500023,5
9604,4.5673327,22
9628,0.042000294,6
9664,23.395988,78
9672,4.0896664,49
9700,0.06599963,28
9700,-0.5976665,7
9704,3.7729998,19
9728,1.8886669,6
9740,9.113001,19
9748,3.454,12
9748,-1.925,5
9768,-1.2616665,5
9772,5.699333,18
9792,8.783667,11
9792,-0.7656666,13
9812,5.697,11
9812,-0.03666663,10
9832,-0.008333206,5
9840,2.7006667,12
9868,-1.8676667,7
9880,5.8440003,22
9964,1.9113331,24
10008,3.0603335,11
10008,7.538,44
10036,-0.6976665,7
10068,0.8293333,8
10092,15.796665,70
10112,1.2636664,11
10124,11.403,29
10192,11.628333,25
10196,3.6660001,18
10216,-0.5416666,5
10220,55.181667,85
10248,0.68266666,8
10268,0.7606666,12
10292,2.723667,11
10308,1.6996672,29
10320,0.38566673,7
10340,-2.3339999,8
10360,6.7006655,62
10376,1.7789993,27
10380,8.921667,15
10404,-0.94433326,7
10444,5.2533336,10
10488,20.220663,32
10500,7.4933367,40
10520,5.9696674,19
10532,2.5203333,11
10540,17.233335,40
10560,0.385,5
10580,5.988333,15
10596,-2.6646667,16
10600,0.20166671,5
10644,4.267333,12
10692,13.789335,48
10716,6.166333,29
10732,1.6673324,22
10768,5.0463333,19
10768,-2.4036665,9
10780,11.85167,55
10800,-0.74166656,5
10820,-0.2756667,13
10824,-5.912,14
10864,2.4599996,10
10872,12.309669,39
10884,-4.158,16
10884,-2.2183335,5
10916,9.189665,29
10928,0.613667,11
10960,5.553667,11
10980,3.4209998,13
10988,9.328667,26
10992,-0.44066668,8
11000,18.554005,32
11024,0.42933357,8
11064,3.6596665,19
11072,4.0076666,23
11076,1.8430002,19
11084,-6.1883335,15
11092,-2.951,7
11092,1.2283335,5
11104,-1.4383333,5
11112,4.3996663,9
11136,25.672,6
11140,1.794,12
11156,-2.7083333,5
11160,1.8483332,5
11180,-1.8616664,5
11212,8.569,27
11220,13.063999,32
11232,-3.7350001,5
11244,-0.18799996,16
11272,1.2843337,13
11340,4.3956666,27
11376,5.717667,33
11416,11.148666,36
11456,6.9766665,20
11460,16.343336,30
11480,-2.0149999,5
11484,-1.0243332,7
11520,14.120336,91
11548,1.5419996,16
11576,-1.641,7
11596,16.589668,29
11620,4.555333,6
11628,15.72434,53
11656,3.883333,20
11672,-1.5423334,13
11676,0.19500001,5
11704,-1.5273334,8
11748,1.0093331,18
11780,-1.3740001,8
11792,14.823671,41
11800,21.26,70
11824,1.3359998,8
11836,7.1110005,33
11880,0.6503334,11
11924,1.3120003,36
11964,14.085,35
11996,3.8693333,8
12000,5.380001,30
12008,19.697332,52
12020,8.431334,24
12028,-1.7743335,7
12056,0.5156667,7
12080,-2.185,15
12116,3.2733333,30
12116,-1.1383333,15
12152,1.4460003,18
12152,0.9696665,9
12152,3.6419997,36
12180,6.3653336,16
12184,2.3426664,8
12184,-1.9573333,8
12220,-1.9703331,9
12220,-1.8303332,9
12256,-0.29366684,9
12260,3.2333333,10
12292,14.056001,28
12304,1.1806667,12
12324,0.8983332,5
12384,10.226001,58
12404,11.009335,28
12404,0.5333333,20
12428,15.940668,42
12468,0.5633335,10
12488,-2.7949998,5
12500,6.549667,29
12524,9.296667,30
12572,1.3526665,18
12572,8.583669,21
12580,18.05134,44
12608,1.6863331,9
12620,-0.01666689,10
12640,-0.9316666,5
12652,3.7870002,11
12664,8.947666,23
12684,-1.4196668,11
12720,2.1163335,9
12736,10.241002,53
12736,4.0903335,21
12764,-2.2443333,7
12768,7.3853345,26
12776,-1.45,10
12788,0.28833342,5
12800,-2.3769999,9
12816,-0.30766678,7
12820,0.47499943,25
12828,-0.52433324,7
12872,-4.1953335,14
12884,2.7723336,27
12888,5.508333,15
12892,0.08499992,5
12904,-3.2616665,5
12932,0.6023333,7
12936,-1.6760001,12
12956,-2.115,5
12984,3.211,23
13084,12.820667,32
13132,6.0773335,12
13136,23.317003,51
13156,6.124331,43
13188,-1.6040001,8
13208,6.3560004,18
13212,-1.008,6
13248,-1.4336666,9
13260,1.0976665,13
13272,-2.3213332,6
13296,-0.29033327,9
13296,26.949661,119
13312,10.125003,45
13332,0.7750001,5
13360,0.38566667,7
13376,5.623333,20
13416,2.218,14
13420,17.44567,37
13440,3.158667,16
13448,1.4956667,7
13472,-2.0906668,8
13540,9.192334,17
13560,4.118669,36
13572,4.423666,31
13668,4.357334,32
13684,8.606001,28
13688,2.705,5
13704,-0.5616666,5
13748,-1.6316667,15
13760,50.552,116
13788,-1.5633333,10
13796,-3.1203332,9
13800,8.311334,24
13876,-1.2199998,20
13920,50.00333,90
13928,2.0309997,13
13944,14.835333,36
13948,1.6823332,7
13964,-2.9303336,9
13976,1.9426665,8
13992,3.6170006,11
14012,25.691666,5
14024,5.2216673,15
14040,2.0953333,16
14044,-2.1016667,5
14076,0.9596667,9
14112,6.756334,9
14136,20.029001,87
14148,10.931335,34
14180,4.763666,11
14180,-0.32400012,8
14208,5.6713333,24
14232,0.5843332,13
14276,4.012334,17
14276,8.0580015,24
14340,13.048667,16
14356,3.9403334,31
14360,-1.975,5
14368,2.641,23
14388,38.96533,86
14392,6.2796664,9
14396,0.37633348,9
14424,1.0779998,14
14432,2.3536668,11
14440,4.344,12
14452,31.029,7
14464,-0.2606666,8
14468,1.1326666,18
14472,-0.49066663,8
14524,6.2043333,13
14564,39.929333,28
14572,0.5053333,26
14584,8.216665,30
14604,3.11,10
14608,-0.08966684,21
14624,3.6583333,5
14624,0.079999685,10
14644,-0.8250001,5
14652,-2.461,7
14672,-1.051,7
14672,-0.0050001144,5
14700,11.347335,32
14708,9.561666,25
14708,0.9530003,9
14720,0.8340001,12
14728,0.8923334,7
14736,-2.7810001,7
14740,-2.075,5
14756,1.0783333,5
14756,-0.98100007,7
14760,-0.058333397,5
14820,-1.3906664,28
14856,5.425,25
14856,-2.4236667,9
14880,12.993669,31
14892,4.520999,33
14904,0.8753333,6
14912,1.8116667,5
14980,40.967,31
14984,8.96,20
14992,7.624666,34
15008,-3.7476666,7
15044,2.1409998,33
15072,0.85899997,7
15096,6.5839996,22
15120,2.944,12
15120,3.1480002,34
15132,15.118331,35
15140,-3.3496666,11
15148,-1.5676665,7
15164,25.438667,6
15184,-1.065,5
15220,3.0096664,9
15240,1.3783331,5
15268,4.387999,34
15284,5.303667,41
15304,-0.43166673,5
15316,2.5630002,19
15324,4.544666,44
15364,6.571667,15
15364,0.52,10
15424,7.9216666,15
15424,8.669002,27
15444,0.84333324,20
15460,22.639332,48
15492,4.005666,17
15492,-0.22933346,12
15512,-2.105,5
15532,2.9393322,18
15556,2.0670002,11
15584,-1.2810001,7
15588,7.6380005,24
15596,7.2720017,16
15632,9.929667,9
15664,7.7863364,19
15684,20.054993,65
15684,-1.455,5
15692,0.3183334,15
15700,14.469668,29
15704,-1.4516666,5
15732,2.0366666,10
15752,2.4973338,12
15764,1.2253332,16
15772,8.924004,22
15784,0.366,8
15796,-1.0306666,8
15836,8.276668,10
15852,2.5223331,17
15920,14.37567,37
15944,10.152334,27
15976,8.028001,14
15988,0.3136667,11
15996,32.701992,66
16072,4.4403334,21
16128,11.549334,38
16136,5.6449995,35
16180,8.262337,27
16240,5.519333,28
16260,-0.8683333,5
16288,14.479004,27
16292,42.90667,110
16296,11.720001,40
16328,0.9856667,17
16336,8.670334,11
16348,-3.449,13
16356,-2.2216666,5
16356,-2.6943333,17
16376,-3.645,5
16392,2.5303328,11
16396,-2.5316665,5
16416,4.934,22
16432,2.2496667,19
16464,-2.7543335,17
16484,-0.9976666,17
16504,13.5859995,28
16516,1.7843335,13
16552,0.24300003,9
16596,5.4570003,11
16620,13.469004,47
16632,5.7040014,32
16652,2.581334,14
16660,5.7356663,7
16660,16.294668,44
16688,2.7523332,7
16708,3.2740002,12
16712,8.514334,23
16712,0.10533345,6
16736,12.150334,21
16796,3.9136667,21
16868,1.709333,18
16880,21.062,36
16908,1.2156668,7
16964,28.698,64
17052,14.035332,36
17104,-0.27233326,13
17104,25.529667,59
17124,5.315,5
17156,-0.6373334,8
17220,-0.837,29
17248,8.557668,23
17292,39.824,82
17308,4.761667,15
17328,12.419003,27
17332,0.79999995,10
17344,32.759666,9
17348,1.0983334,5
17372,3.34,10
17388,-1.0763334,11
17400,-2.5376668,7
17412,2.2753334,16
17436,99.923645,181
17436,3.4263334,9
17468,-1.2073336,8
17472,0.99833333,15
17552,14.733,29
17584,6.2326665,8
17624,1.2666668,10
17652,1.0523334,7
17660,14.899,47
17684,28.80133,54
17700,2.8233333,10
17704,-3.7649999,5
17760,17.985668,27
17764,15.068336,15
17768,27.704996,95
17792,-3.5176666,7
17840,3.512667,18
17876,-0.10033345,9
17884,32.532,46
17912,6.619998,30
17932,0.28166652,5
17940,4.594666,14
17952,-1.0983334,5
17956,13.540003,20
17972,-0.635,5
17980,5.3619995,6
18032,16.906002,68
18072,9.547667,23
18072,13.827665,33
18100,1.5023333,7
18132,8.978334,15
18140,17.850666,42
18160,-2.5276666,7
18176,18.708666,36
18236,6.001666,15
18268,13.154001,42
18304,2.6256661,17
18356,27.70633,49
18376,5.8126664,18
18384,11.219668,29
18396,1.2866665,10
18404,-0.015000105,5
18428,5.5959997,8
18428,2.7543335,13
18484,-0.19533336,14
18552,5.749,37
18552,7.7336674,31
18612,4.3973336,32
18628,35.473995,122
18644,3.6576662,23
18684,0.58099985,33
18688,-1.4816666,15
18708,0.16866708,6
18716,4.649,7
18740,-0.40466666,6
18760,7.1529994,29
18780,8.0060005,18
18808,-1.4376667,7
18808,5.6240005,12
18820,10.389999,20
18836,11.905336,56
18844,1.3830001,9
18848,6.0633335,10
18884,-1.4379995,16
18884,-1.6869999,9
18892,2.9140007,12
18916,0.50866675,6
18928,6.324333,23
18972,0.020333052,11
18992,6.632999,19
19036,0.0036666393,11
19056,16.181004,43
19088,3.929667,29
19100,17.117998,54
19108,1.625,5
19112,4.9863334,19
19148,2.006667,10
19156,-0.8296666,11
19184,3.6956668,7
19188,1.05,10
19204,-5.8710003,37
19216,7.076333,29
19236,3.586,8
19236,-4.1583333,5
19240,-1.3956666,13
19284,4.503667,11
19320,3.6503334,21
19324,19.998333,35
19352,0.7996663,29
19372,-1.9083333,5
19396,1.6993334,18
19416,-0.84833324,5
19448,1.289333,8
19492,18.92767,43
19496,3.1273332,12
19504,4.4109993,33
19560,-0.47799993,16
19576,2.8393323,18
19632,17.555004,35
19640,29.169668,89
19704,9.256001,18
19732,28.142334,7
19756,-1.5313333,6
19788,3.6810002,53
19808,1.5216668,5
19852,8.850333,11
19856,26.234667,74
19860,19.815,55
19904,-3.2389998,13
19932,5.3629994,19
19960,32.017998,14
19972,-1.7866668,10
19984,4.8436666,31
20032,32.516335,69
20060,1.445667,7
20068,7.8489995,27
20088,-2.075,5
20124,16.709333,38
20128,14.291998,36
20180,7.893335,30
20200,0.25833344,5
20208,2.1466672,20
20212,12.397335,22
20252,-0.7323334,13
20280,14.136002,18
20312,-1.3483334,15
20312,6.7183337,25
20332,-1.9783332,5
20344,30.812,16
20368,3.136333,9
20396,4.011,13
20420,2.5453334,6
20440,14.397334,32
20464,-4.078,6
20472,66.77534,96
20484,8.929667,29
20492,-2.6476667,7
20504,11.2836685,21
20524,3.1450002,5
20540,-1.9320002,14
20552,-2.5110002,7
20560,-2.5316668,5
20568,8.083001,19
20592,1.5399997,10
20636,11.145668,17
20672,4.8066673,20
20688,8.254664,54
20700,1.3690002,7
20704,6.899001,17
20708,-2.2916667,5
20752,0.6569998,11
20792,5.853999,22
20828,4.865667,67
20836,5.9070005,11
20876,6.24,10
20884,21.871994,46
20904,4.615,5
20908,1.86,20
20908,17.209667,39
20928,2.6983333,5
20960,-0.25899994,13
20980,-0.9416667,5
20988,8.822666,28
21004,8.001667,25
21032,-1.3410001,7
21036,9.418999,27
21084,9.59467,24
21100,7.6433306,30
21112,29.975666,7
21116,2.4766667,20
21128,4.8123336,7
21164,8.731001,13
21172,7.465003,35
21180,6.3419995,16
21188,1.5516666,15
21208,-2.645,5
21216,-1.1736666,9
21268,6.424333,13
21280,15.299665,29
21328,6.9600024,30
21348,3.5589998,17
21348,10.488,44
21364,4.5429997,9
21376,3.1256666,7
21384,3.0463333,9
21392,1.7223334,7
21396,17.510668,32
21408,2.1493335,8
21416,27.491667,5
21424,-0.55999994,10
21444,-0.9303334,9
21460,8.645668,17
21476,0.1293335,8
21496,13.703336,20
21516,0.68833345,5
21520,1.5236669,11
21544,27.752333,7
21564,5.463667,11
21592,9.397336,42
21608,2.763667,11
21624,-2.2633333,20
21636,18.74467,44
21644,11.717669,13
21664,-0.97166663,5
21668,8.545002,15
21756,8.647334,22
21804,-6.569333,12
21832,18.787334,42
21872,16.603004,59
21888,7.411334,14
21912,10.622336,27
21932,3.1150002,15
21948,0.07633352,9
21980,39.349667,89
21996,1.5520008,16
22000,0.7916666,5
22020,3.389333,18
22040,2.970333,11
22048,0.5289998,7
22076,-1.4670002,9
22096,-1.2583334,5
22148,5.401666,25
22148,7.782332,37
22156,10.411668,15
22176,1.5583332,5
22236,6.680668,22
22256,9.609001,27
22256,4.5973315,92
22296,29.146667,10
22308,0.27433354,13
22320,1.6186668,6
22348,-1.5309999,7
22376,4.095667,7
22376,11.281668,35
22404,3.3923333,7
22476,16.613997,42
22492,5.2206664,22
22500,32.743664,81
22512,12.738001,34
22544,4.0843334,13
22560,-0.3416667,15
22580,-0.9136667,9
22580,1.975,5
22620,17.798998,27
22640,10.746998,41
22720,6.496667,20
22740,11.463329,40
22760,4.8150005,35
22788,17.434002,52
22800,6.8483343,15
22804,0.3036667,11
22828,8.799,27
22844,-4.9696665,11
22848,28.980333,11
22860,0.40933317,18
22868,0.662,6
22884,-0.33800006,6
22892,1.8803335,11
22896,4.0056667,7
22972,5.593001,19
22972,9.820668,22
23008,10.523001,29
23012,26.426666,10
23048,3.733,19
23056,1.7240005,12
23092,-2.1003335,9
23116,48.873993,72
23144,4.601333,24
23152,-0.62499976,15
23192,6.4630003,19
23196,13.565336,46
23204,9.334334,13
23216,3.1386666,6
23260,4.8136673,11
23272,36.609,17
23308,-0.28699994,9
23312,4.084333,13
23332,0.8983333,5
23344,0.96633315,9
23388,20.680336,61
23408,20.361,53
23416,0.13233352,7
23464,2.8839996,12
23476,1.9556673,17
23488,-1.7080001,6
23496,-2.1183333,5
23496,11.542669,38
23536,15.050334,51
23548,-1.9123333,13
23576,-0.73099995,7
23584,5.8773336,12
23612,9.149667,29
23632,0.36166668,5
23656,9.9660015,18
23684,-5.5210004,27
23688,1.1813334,14
23708,-0.28833342,5
23720,-1.577,9
23752,6.4079995,24
23776,-0.46433282,17
23784,8.825333,16
23812,-2.3943334,7
23816,7.025333,16
23844,12.075668,17
23844,3.6556666,7
23864,0.5116666,5
23888,9.286333,19
23900,1.9879997,14
23904,45.78468,104
23916,-0.7343333,7
23916,2.4410005,13
23936,-2.065,5
23944,-1.3576667,7
23956,1.465,5
23964,-2.6179998,16
23968,8.955334,16
23976,0.2783332,5
23980,3.3429997,9
24012,2.9063337,9
24056,2.3910005,23
24068,2.8913336,14
24076,9.689001,27
24116,-1.5026667,12
24124,-1.3293332,12
24144,-0.5109999,7
24144,0.32500005,5
24172,23.199339,48
24180,4.533,9
24200,1.389,7
24240,14.324666,24
24264,-0.36633372,21
24276,-3.8470001,9
24276,4.619667,19
24300,-1.8536668,9
24388,13.232669,28
24424,16.215668,37
24428,13.310667,32
24488,5.575,15
24492,11.978669,26
24504,10.983336,20
24568,1.5866668,20
24572,4.6456666,17
24624,4.941,13
24632,9.241667,35
24652,2.3190002,7
24660,12.544335,23
24676,68.005,155
24712,1.2566667,20
24740,0.7956667,7
24764,6.827333,22
24768,6.9890003,27
24776,2.1096668,9
24784,-0.88499993,5
24796,21.541998,36
24800,0.77933335,8
24824,3.5723333,7
24828,-0.51433337,7
24872,43.68734,22
24884,19.142336,27
24888,6.9353337,16
24892,0.048333406,5
24900,1.1326667,18
24920,-0.61766666,7
24940,-3.222,14
24940,3.5666668,10
24960,6.2733345,10
24964,-0.21133327,6
24976,36.134003,22
24976,3.933,9
24996,0.025999904,8
24996,1.7463331,9
25004,0.6789999,7
25024,2.5090003,7
25024,-1.9216666,5
25060,6.7596674,9
25076,3.5276668,13
25084,-2.6659997,22
25096,1.8916669,5
25124,-1.8009999,7
25160,1.5596666,9
25184,20.887333,52
25208,0.8673334,12
25216,1.0093333,8
25236,-0.16766667,7
25276,8.424999,15
25312,33.463,19
25372,7.668,24
25376,12.844335,73
25384,13.073671,81
25400,3.9056666,7
25416,3.1759999,8
25432,5.1446667,14
25452,4.911,13
25472,0.25133348,14
25496,15.338669,46
25500,8.069,17
25532,2.4993334,8
25540,9.532333,17
25616,20.893333,30
25672,3.1846664,14
25684,10.802666,58
25704,1.656,8
25704,-0.17833328,5
25720,43.56167,45
25756,-3.017,9
25764,3.508334,15
25776,-1.2183334,5
25820,0.8946669,14
25844,3.505667,17
25848,5.069,7
25888,2.0936668,11
25892,23.838995,47
25896,-0.8560001,12
25908,3.3649998,5
25924,0.87900007,7
25936,1.0369997,11
26008,6.426,18
26036,20.964003,32
26056,2.0706668,12
26100,63.303993,142
26144,9.659,27
26144,8.617332,22
26164,26.439999,60
26188,2.7470002,11
26224,11.21,20
26248,4.188332,15
26268,0.20366669,11
26276,20.246002,28
26300,4.843333,50
26304,4.146333,9
26328,3.5010004,13
26388,9.511667,35
26396,9.157666,23
26408,3.908333,5
26420,7.6643353,23
26452,5.256,8
26472,-0.07166672,5
26476,3.853333,20
26512,0.6530001,9
26556,1.997,11
26560,1.2373333,22
26568,14.226669,40
26584,2.1356664,7
26620,19.5,80
26628,-4.451667,15
26632,6.222667,18
26648,0.8116667,5
26648,4.8586664,16
26692,10.426,18
26724,3.3530004,19
26732,-0.045000076,25
26736,0.7636667,11
26760,1.5763333,9
26808,6.2773337,12
26828,-0.05499983,5
26836,8.828337,25
26856,5.528333,5
26864,0.6363332,9
26884,-2.6276667,7
26904,28.651333,64
26908,1.2386667,6
26924,25.025,5
26940,1.6226667,8
26940,5.286333,19
26960,1.1663334,9
27000,9.571669,15
27008,2.2906666,12
27028,0.09566665,7
27056,-2.1626666,12
27064,21.687662,83
27076,5.1206665,12
27088,-0.6446667,6
27096,-2.0183334,5
27128,23.572336,47
27172,41.08967,19
27200,1.8293335,18
27212,18.337002,31
27232,0.7659998,8
27268,-1.0486667,14
27288,5.4213333,14
27288,-0.7983334,5
27340,0.70099986,13
27340,-2.069,13
27364,3.1820002,6
27380,-0.13333333,10
27420,18.047337,62
27436,25.655005,95
27448,13.452334,17
27472,2.1486666,6
27520,3.8049998,25
27528,15.614334,23
27536,19.961008,43
27540,-1.8316666,5
27548,2.848333,5
27564,0.031999975,6
27588,2.837667,13
27588,1.7566664,10
27608,1.9469998,11
27608,-1.6516666,5
27608,4.4683332,5
27632,17.486668,40
27644,3.7196667,9
27672,7.758668,16
27688,7.0003333,11
27720,3.3793335,8
27740,13.402336,27
27760,-1.1116667,5
27788,28.935667,7
27804,14.283005,49
27824,7.349335,38
27832,4.890333,11
27856,0.5146669,34
27880,4.078,14
27884,3.0466669,20
28024,23.476004,48
28076,14.551668,55
28120,23.119999,60
28152,0.9626665,8
28152,54.682335,67
28164,17.321669,35
28188,-3.8646665,6
28216,2.1790001,7
28228,2.5429997,19
28232,4.8496675,39
28248,-1.3316666,5
28260,2.7723334,7
28292,12.008333,35
28304,3.5180004,14
28388,10.553998,32
28400,17.444666,24
28432,2.549333,8
28456,5.9590006,17
28464,11.847335,62
28488,10.814667,14
28508,0.39166665,5
28524,2.8883333,15
28528,-1.5816668,5
28552,1.3956666,7
28556,13.178335,25
28592,1.2196667,9
28636,21.21233,27
28668,0.002666831,8
28676,12.875329,96
28684,6.874333,33
28692,-2.728,6
28696,-2.6216667,5
28720,1.0096662,9
28740,2.7283335,5
28744,4.934334,13
28764,4.2356653,17
28772,27.592667,8
28820,-5.1453333,14
28832,12.447334,22
28888,44.014675,74
28908,19.934666,34
28912,2.17,20
28912,8.694334,23
28916,-1.8843333,7
28944,-0.06766665,7
28964,-0.655,5
29024,13.822665,28
29044,17.177666,33
29076,18.167336,42
29096,-0.6683334,5
29104,18.091667,35
29124,1.049,7
29132,-2.9176667,7
29140,3.938,24
29204,1.6960001,18
29228,8.987333,22
29260,7.9279995,14
29280,-1.5616666,5
29284,3.9746664,14
29344,0.7950001,15
29348,29.900331,81
29380,21.451328,64
29396,3.324333,13
29400,14.060002,30
29408,0.7350004,15
29432,0.27533317,6
29444,3.6503334,11
29468,1.9673332,22
29484,1.2976665,13
29520,0.32633328,9
29568,6.5116677,25
29604,1.1403337,21
29608,17.107002,41
29672,1.352,16
29700,-2.9343333,7
29700,10.244667,24
29720,25.298332,5
29728,1.9056665,7
29732,12.80133,84
29748,-1.451,7
29800,5.2793336,18
29816,19.524004,62
29864,6.594,12
29872,16.160334,31
29884,12.653667,21
29904,-4.708333,5
29940,1.9489999,17
29948,1.373667,21
29988,33.50467,64
30000,39.721336,24
30020,-2.5016668,5
30032,10.661001,23
30060,2.9623334,7
30084,10.182001,16
30088,7.405002,35
30104,1.735,5
30120,-1.635,15
30140,1.5450001,5
30156,13.390667,42
30164,2.6930006,19
30200,8.448,24
30216,2.8076668,13
30216,3.1750004,15
30236,1.084667,24
30248,2.7739997,12
30256,0.2699998,10
30264,0.599,7
30276,5.538333,15
30280,2.072667,8
30284,1.152333,7
30300,-1.4516666,5
30308,2.607,11
30356,29.794,12
30432,-0.9943335,37
30484,29.515335,46
30500,10.959002,17
30524,8.803334,10
30544,21.452337,67
30544,10.895667,47
30572,0.20899987,7
30592,9.891003,23
30600,5.734666,14
30608,5.4363337,9
30616,10.317667,23
30620,-1.3783333,5
30636,-3.755,5
30668,1.066334,19
30680,3.6169999,11
30684,34.052002,16
30704,-2.3916667,5
30708,-0.70333326,10
30724,1.8903332,11
30724,1.1650002,5
30760,3.5363333,9
30768,1.0436665,11
30792,-0.84399986,8
30812,0.67866635,26
30840,28.225666,7
30900,5.6490016,27
30928,0.9823333,7
30952,1.3726671,28
30968,9.226671,50
31008,1.1513333,14
31012,4.490333,11
31064,0.54766655,13
31108,26.068336,45
31128,4.8886657,16
31156,49.77234,137
31228,-0.77733326,18
31232,33.531998,26
31272,16.543667,41
31284,28.74634,69
31296,-2.408,16
31300,10.946002,18
31304,26.378334,5
31324,2.1420002,6
31356,0.1326667,8
31376,9.345335,26
31392,2.4813342,24
31412,-0.735,5
31444,7.464001,22
31444,-3.3076665,17
31456,16.029335,38
31476,-0.13499999,5
31500,3.7713332,14
31512,3.7923324,17
31548,7.6679993,34
31580,1.9523332,17
31608,2.7649999,15
31624,-1.0029999,11
31656,15.3096695,39
31664,-0.23199987,14
31684,3.6916666,15
31700,3.036333,9
31704,0.5949999,5
31708,16.822666,58
31728,-0.31099987,7
31732,8.803,19
31744,8.986334,9
31760,-0.8640001,8
31780,11.817334,12
31792,6.800667,22
31816,2.0913332,14
31840,2.124,12
31856,2.6366668,10
31876,-2.4383333,5
31920,10.271669,35
31924,5.840334,21
31960,-0.39366663,9
31960,19.647997,54
31992,-1.5306665,8
32016,-1.378,6
32040,21.31,30
32056,7.8516655,45
32064,3.028667,26
32064,7.757333,12
32080,-1.0100002,10
32100,-0.69499993,5
32140,35.793,19
32180,-0.07333326,20
32208,13.532668,38
32236,8.598,24
32240,-0.64833343,15
32280,5.4370003,11
32300,-3.1116667,5
32304,3.5020003,16
32348,-3.2259998,12
32348,1.6903334,11
32400,31.954668,84
32416,21.997337,52
32436,-1.9016666,5
32436,-0.1770001,9
32464,-0.60099995,7
32464,0.64900005,7
32488,2.3683333,35
32532,4.3389997,17
32592,18.458668,26
32612,0.29166666,5
32628,23.313334,70
32640,-1.8576666,7
32648,10.658667,46
32684,3.5063336,9
32744,21.864328,53
32764,-2.6983333,5
32808,9.353669,31
32808,5.9136667,11
32836,0.8156667,7
32864,-0.52100015,7
32924,34.911667,15
32948,27.205334,6
32968,0.63833326,5
33052,42.541992,106
33056,40.081326,104
33096,32.654003,72
33116,0.26866663,16
33132,9.326334,19
33136,-1.5200001,10
33136,-0.39833337,5
33160,0.47900003,7
33188,0.71766675,13
33192,25.14533,56
33204,-5.2263327,11
33208,-2.3716667,5
33212,0.048333168,5
33240,-0.017666578,7
33252,1.6903332,11
33272,-0.185,5
33304,6.972667,8
33332,11.650668,32
33332,32.212994,49
33356,15.483001,29
33368,2.6630003,9
33392,29.006334,9
33420,19.866335,29
33420,-0.16433334,7
33420,-2.805667,13
33440,-2.275,5
33448,13.339668,29
33468,1.2456667,7
33484,3.959666,9
33484,0.3119998,16
33504,-2.565,5
33508,38.60733,22
33544,-0.38499975,15
33548,30.6,10
33584,41.65667,20
33584,2.7463331,9
33600,6.4446664,14
33604,0.9783333,5
33612,12.395333,36
33620,-0.895,5
33636,-0.19733346,8
33644,33.801666,15
33684,5.5386662,16
33688,2.8996663,19
33708,27.404999,5
33736,12.867667,23
33740,41.345333,26
33816,3.316333,19
33836,0.015000105,5
33836,35.891666,25
33852,20.844004,42
33860,20.429333,38
33868,-0.7573333,8
33880,2.433667,11
33880,-0.64433336,7
33896,4.149667,9
33940,4.741667,15
33960,6.2599993,20
33960,1.3283333,5
33980,1.3616667,5
33992,-1.3140002,8
34020,1.1569996,31
34024,2.5936666,11
34044,2.9816666,5
34064,-1.5883335,5
34100,17.325666,27
34120,6.0350003,5
34164,-1.0063334,11
34196,18.678003,44
34224,19.819998,40
34232,0.9156666,17
34268,-2.9796667,11
34284,54.074657,104
34288,-2.5283334,5
34296,5.2186666,16
34308,2.692,6
34336,25.068335,35
34340,2.9603333,11
34368,-1.2639999,8
34380,2.1260004,18
34404,3.0753338,16
34432,34.354332,13
34464,14.441667,15
34480,3.3993332,28
34512,7.6639996,12
34520,1.48,10
34524,34.686333,59
34556,0.116999984,11
34588,5.888667,16
34588,31.635666,17
34604,-3.1126666,12
34696,41.821995,66
34716,1.2773329,32
34740,4.633666,11
34760,9.75967,39
34780,-1.5783334,5
34784,2.4623327,17
34788,2.270667,12
34808,0.17866647,6
34816,-1.4876666,7
34832,11.717669,13
34840,1.6926665,8
34844,33.49799,64
34860,3.739,7
34864,-1.4283333,5
34876,8.264999,15
34880,-1.6183335,5
34896,5.481333,14
34904,-0.12766707,7
34948,-3.271,17
34964,1.7716668,15
34972,27.445333,6
34996,0.556,8
35004,12.455669,27
35032,-1.2243333,7
35032,-1.0183336,15
35052,14.4489975,47
35068,2.4159997,18
35072,0.51166654,5
35096,-1.5046666,6
35144,1.699667,19
35160,7.400668,32
35164,16.514336,33
35164,-0.028333426,5
35164,5.6323347,17
35192,-1.051,7
35192,1.1023332,7
35220,-4.5776668,7
35232,3.9723334,17
35244,8.213667,21
35256,6.402,16
35264,1.227,11
35284,-1.9189999,13
35288,1.9503334,11
35288,-0.3080001,6
35340,4.9736676,21
35364,5.7933335,20
35392,13.648666,26
35396,8.692335,27
35412,2.7693334,18
35424,0.91566634,7
35436,5.9660006,18
35440,-0.9709999,7
35460,1.8463335,9
35464,1.6656668,7
35488,1.8056664,7
35492,3.3590002,7
35520,30.975666,7
35528,5.510667,22
35536,6.548667,36
35536,-3.556,12
35580,-0.7856668,13
35616,4.6296673,9
35636,-2.1750002,5
35644,14.292335,27
35688,22.040665,42
35712,21.118002,44
35744,13.465667,27
35752,32.031998,16
35808,7.8446674,24
35840,22.526329,49
35844,-1.9070001,9
35884,1.1100001,10
35884,-0.7330003,11
35920,3.3163328,9
35948,25.690332,51
35952,28.213333,50
35956,3.542667,18
35976,-0.18799996,6
35976,-0.2776667,7
35980,7.301668,15
35996,1.8716667,5
35996,25.331667,5
36020,6.443332,10
36020,0.5486667,16
36024,-1.9576668,7
36048,6.562333,7
36060,4.5833335,10
36064,-1.3733335,10
36080,0.75266695,8
36092,16.317999,24
36108,3.2089999,7
36120,6.281333,14
36136,7.383668,11
36212,20.31267,38
36216,10.080002,20
36244,4.725666,7
36268,4.019,37
36272,3.9923332,7
36296,9.440334,21
36324,27.389,7
36360,26.203,9
36384,15.592668,28
36388,-2.0143332,7
36392,42.077003,71
36448,35.008,14
36456,4.729,17
36460,43.479336,48
36520,23.714668,34
36532,11.222668,18
36532,8.970333,21
36556,2.303,9
36576,4.1903334,11
36596,2.7483335,5
36604,10.879335,18
36612,8.546331,39
36640,4.433667,11
36640,4.166333,9
36660,0.46833336,5
36688,7.3323336,7
36716,2.5129995,19
36724,0.9696666,9
36760,0.25633335,9
36776,7.665001,15
36816,28.343664,51
36856,6.003333,20
36872,28.989664,79
36880,-1.3446665,16
36900,5.0656667,7
36904,29.112,6
36920,34.208668,16
36936,2.2659998,8
36964,-0.9276668,7
36964,13.060334,11
36992,35.755997,58
37024,12.240335,31
37032,10.992335,17
37108,8.233667,21
37112,7.6623354,37
37128,6.441333,24
37128,-1.8616667,5
37132,7.7250023,35
37156,0.53900003,7
37156,2.4423337,7
37160,-2.501,7
37176,-0.008333206,5
37200,30.873667,11
37216,41.062,26
37224,2.8839998,12
37248,3.548667,6
37260,2.1203332,11
37280,-0.80500007,5
37308,8.501667,15
37320,15.163335,30
37352,4.7560005,18
37356,5.810666,12
37388,5.915667,17
37420,4.315666,17
37428,7.879333,18
37444,-2.0953333,14
37456,-2.0676668,7
37476,2.734667,14
37508,3.1943333,13
37516,-3.6,10
37536,36.044334,23
37536,-1.0216665,5
37596,7.567336,22
37616,6.913334,20
37628,-1.6306667,8
37632,40.54267,118
37644,2.9623327,27
37664,4.336,8
37700,9.249333,18
37732,3.4393334,8
37752,1.7850003,5
37784,6.2316694,35
37836,30.854332,13
37844,14.309,57
37852,55.709,47
37888,0.093000114,9
37964,3.2363334,19
37992,23.090004,60
38028,16.385334,46
38028,0.47533298,16
38036,4.730334,11
38052,4.5880013,54
38064,-4.107,9
38064,2.2689998,7
38064,6.006333,9
38108,5.268,14
38112,3.0540004,12
38124,9.735,15
38152,-3.7876666,7
38192,3.9803333,21
38200,32.277332,12
38248,-1.5860002,12
38248,24.418665,46
38284,3.8796673,9
38300,30.455664,47
38324,17.49767,33
38324,3.83,10
38332,37.590332,21
38352,0.80166674,5
38360,6.1263328,9
38372,4.4339995,12
38376,3.1220002,6
38392,0.8249998,5
38396,17.118002,24
38408,26.819332,8
38412,3.0709999,13
38428,0.19633341,9
38440,-1.434,8
38444,-0.47733328,8
38460,4.362666,8
38460,27.378334,5
38496,38.568336,25
38512,8.872334,17
38532,3.125,5
38548,3.2076669,13
38560,4.741667,25
38576,-3.3363333,11
38584,3.2153332,6
38592,8.104334,33
38644,1.4776671,13
38648,9.951668,25
38684,-4.8236666,9
38692,8.402334,27
38720,3.4823332,7
38724,14.239004,37
38728,0.42366767,21
38728,1.2836667,11
38776,-0.40533328,14
38784,2.0816667,15
38824,2.1706672,12
38832,0.5986668,26
38880,10.910666,12
38896,14.356003,28
38928,30.196,8
38928,12.635332,26
38976,13.610666,62
39032,20.069332,38
39044,6.1256657,17
39096,1.712,16
39108,9.248334,45
39108,-0.9146668,16
39116,3.3116665,5
39120,22.046,48
39128,0.2983334,5
39148,-0.15399992,8
39164,-2.3270001,9
39168,2.7106667,12
39188,2.615,5
39208,-0.60500014,15
39216,27.769,7
39300,6.5976653,23
39304,19.40833,35
39312,22.217,51
39336,0.9063333,9
39356,-0.6383333,5
39396,10.154335,23
39416,9.165333,26
39420,17.950335,51
39440,4.6569996,11
39452,29.709333,8
39488,14.921005,33
39488,1.0263333,9
39504,-1.1680001,16
39524,4.3763337,9
39536,3.6193333,8
39540,2.0709996,13
39556,13.548335,35
39556,1.3583332,5
39560,3.193,9
39616,1.4046667,14
39632,2.1210003,23
39648,15.464335,23
39672,2.8546665,14
39688,2.434667,14
39692,-1.8396666,11
39704,4.2893333,8
39708,12.906,38
39720,3.129,7
39740,-0.92166686,5
39744,5.097999,14
39804,3.9883335,15
39808,16.705004,25
39812,4.145667,27
39844,31.289333,8
39848,1.770333,11
39864,7.127,31
39864,10.481334,14
39884,24.956333,9
39892,-0.16766667,7
39896,-0.8023334,13
39912,0.92166674,5
39916,3.5483332,5
39920,2.2680004,14
39952,1.1796665,9
39956,3.6493337,18
40028,-0.6573334,18
40032,6.949998,30
40056,15.617999,34
40092,6.215333,16
40124,7.9710026,43
40136,1.307,11
40152,-1.6043334,7
40156,17.221668,25
40168,3.6060002,8
40180,-0.531,7
40224,4.0746675,14
40228,10.532665,18
40244,30.624336,53
40252,11.766,18
40280,0.9330001,9
40296,-0.54633355,11
40304,1.9133337,20
40340,3.843666,11
40356,0.7443336,13
40372,15.0753355,36
40376,3.9629996,9
40392,1.2283332,5
40396,16.696333,29
40428,6.756335,9
40440,6.1120005,16
40456,0.12233329,7
40460,-0.20166671,5
40484,2.777333,22
40492,11.068,34
40504,6.773667,11
40588,6.0569983,21
40612,18.226667,30
40640,1.819,7
40660,1.7536676,51
40712,7.0803323,31
40724,6.5103335,21
40740,0.3590001,7
40752,-0.2643335,7
40776,37.991,73
40788,1.689667,9
40808,4.372667,8
40816,0.98566675,7
40864,12.870338,51
40864,4.4073334,12
40884,23.255333,36
40884,5.0950003,5
40892,6.6936665,21
40904,0.98500013,5
40912,-0.09766674,7
40936,5.302666,18
40940,5.9440002,12
40948,6.500333,11
40984,0.14299989,9
41004,3.8150003,5
41016,6.533333,20
41084,11.784333,43
41092,7.6063333,19
41120,-2.1369998,9
41152,2.8426666,8
41172,53.160667,42
41180,10.470666,22
41188,-2.6469998,9
41192,24.744331,63
41212,-1.0573334,8
41228,5.5929995,9
41248,-0.08833337,5
41256,32.309,17
41256,-4.339667,11
41260,8.260666,22
41288,0.9489999,7
41296,1.2773334,12
41316,4.0950003,15
41328,-2.0066667,10
41340,-1.153,11
41384,13.998001,14
41420,-1.9636666,9
41444,13.847334,32
41472,-1.6676666,7
41472,27.714663,54
41484,5.6819997,16
41500,4.1556664,7
41536,23.122997,49
41536,4.1696672,9
41552,16.812334,17
41564,5.264333,23
41576,3.9366667,10
41588,8.576334,9
41596,-1.414,8
41616,-0.08500028,5
41636,3.041667,15
41652,-5.030333,9
41672,-0.5583334,5
41704,15.937335,42
41720,-0.72266626,12
41740,1.0816667,5
41748,17.553335,40
41776,0.90233326,7
41780,19.462,36
41784,4.070333,11
41808,0.9489999,7
41812,0.9389999,7
41824,5.0266666,30
41832,-0.60133326,6
41864,8.141001,13
41888,2.4086666,16
41888,6.9346666,14
41940,11.907668,13
41944,4.643333,20
41996,24.579004,27
42000,-0.08200002,14
42024,5.2323337,7
42028,5.987334,22
42060,-4.7536664,9
42108,-0.1500001,20
42140,1.276,8
42160,0.42166674,5
42216,24.354668,54
42244,26.828669,46
42280,-3.0303333,9
42288,8.942667,18
42308,-0.4949999,5
42312,1.176,8
42328,28.61733,42
42388,5.265,15
42416,139.9433,160
42420,11.699003,27
42428,0.72,10
42436,9.410669,32
42448,4.1549997,5
42464,2.6423335,7
42472,-2.7513332,6
42508,2.763,9
42520,8.618667,26
42580,7.659332,18
42620,28.236664,50
42644,3.2019997,16
42688,8.137001,11
42712,13.471003,23
42720,47.08667,50
42740,1.2323332,7
42760,28.658333,5
42792,4.669333,18
42792,56.150654,82
42820,4.9149995,15
42832,4.713333,10
42864,11.418003,44
42868,1.813,19
42892,37.196,18
42896,-1.701,7
42908,9.269668,19
42924,28.775665,7
42952,1.2306665,22
42952,2.217,11
42960,0.4096669,9
42980,-0.7116668,5
42984,4.1343327,23
42996,-2.873,11
43004,4.3853335,6
43008,5.468,14
43032,-1.2143333,7
43084,13.855001,25
43108,3.6416667,25
43188,10.080003,20
43192,23.353333,40
43204,18.854002,52
43236,-4.852667,12
43240,51.249664,39
43256,5.781,13
43312,2.8979995,14
43320,12.327335,32
43340,11.378336,25
43360,9.966666,10
43368,26.415667,7
43396,-1.0210001,7
43412,6.148332,25
43428,1.902667,8
43460,23.872,56
43476,31.767334,12
43496,45.66467,34
43504,-1.7276667,7
43536,1.6093333,8
43568,-1.610667,18
43588,-6.1853333,44
43588,26.218334,5
43600,5.4419994,16
43608,16.59233,37
43616,-0.40433332,7
43636,-2.4916666,5
43656,0.024999976,5
43668,-1.3283333,15
43696,19.975666,27
43704,0.09066653,12
43716,-0.37833333,5
43720,6.581001,13
43752,2.5030003,9
43784,-3.0379999,16
43792,32.807335,22
43804,25.904999,5
43856,5.944333,13
43892,5.2250004,35
43908,7.387666,13
43956,3.877333,12
43964,40.145996,18
43972,78.31433,93
44000,-1.3603333,9
44000,2.3069997,11
44020,1.308333,5
44052,10.433336,20
44092,5.792667,18
44108,6.8380017,14
44124,2.0426664,8
44136,44.772,86
44152,26.132332,7
44220,33.221657,55
44280,8.525002,15
44300,8.495667,37
44308,5.9856668,7
44328,1.3283331,5
44348,2.3206663,12
44368,-1.5616666,5
44408,1.8966675,20
44408,63.702667,68
44452,3.117,11
44472,14.885334,26
44504,6.234667,24
44512,7.806667,10
44524,1.5649998,5
44532,2.5133333,20
44532,25.202005,106
44552,0.3333336,10
44596,5.302,16
44616,8.993667,21
44620,10.495667,17
44672,13.106334,19
44676,10.631668,15
44692,-0.55500007,5
44700,5.578666,6
44708,8.200668,22
44716,24.612669,48
44736,1.903,9
44744,9.107666,13
44776,1.0699999,10
44780,16.582,16
44800,0.185,5
44824,9.289665,29
44832,2.796,8
44860,14.810334,21
44888,22.262001,36
44892,13.2456665,17
44912,4.6309996,13
44920,4.643999,22
44948,-0.30766666,7
44960,5.2993336,18
44976,10.127002,21
44988,0.34566665,7
45012,4.773,9
45052,9.172,26
45100,1.3473339,12
45112,13.670336,31
45120,10.975664,27
45136,28.429667,9
45156,-3.1583333,5
45172,5.7450004,15
45196,30.717,71
45228,-0.3219998,14
45232,1.383,9
45252,5.4620004,6
45288,26.894,42
45308,-0.6816665,5
45312,10.403003,39
45348,-0.83033323,9
45356,8.688667,26
45376,-0.4043331,17
45404,2.864,12
45412,0.36633337,9
45412,15.488334,45
45512,8.578335,25
45516,5.6886663,26
45556,43.809334,38
45648,3.6676679,33
45684,27.677984,84
45688,13.0980015,44
45696,11.971666,35
45708,-1.6149999,5
45720,0.53633344,9
45776,7.550667,32
45824,1.8106668,12
45836,12.383999,32
45844,2.125,5
45844,14.882336,37
45880,5.623667,11
45900,11.398334,45
45900,-1.035,5
45904,9.608333,15
45932,-0.89433336,7
45940,-6.48,10
45944,6.8916683,25
46040,6.9183326,25
46056,18.779333,28
46072,15.365002,35
46124,2.5423326,17
46128,27.158997,57
46132,7.415001,15
46144,33.412,26
46152,0.15533328,6
46164,0.27666688,10
46176,1.3926666,8
46176,3.0786667,6
46188,8.354668,14
46196,-1.7116667,5
46208,2.4536662,11
46220,4.430333,11
46240,2.193667,11
46272,7.222001,16
46300,7.4426656,28
46300,8.906668,20
46304,5.946,8
46336,3.2596662,9
46356,-0.4149999,5
46364,11.025335,16
46372,8.244333,33
46392,-4.3983335,5
46420,3.6779995,14
46424,1.4856668,17
46428,0.19966674,9
46444,-0.34833336,5
46456,1.5456665,7
46460,18.866331,39
46468,-1.2146666,6
46480,1.3116667,5
46488,2.1349998,5
46524,11.348667,26
46532,9.861,13
46548,23.131,23
46568,2.585,5
46580,2.2480001,14
46620,13.294336,33
46628,5.697333,12
46628,0.5650003,15
46660,2.8393335,8
46672,11.461669,35
46684,5.562,16
46692,-0.41166663,5
46696,11.332333,17
46728,5.9469995,11
46728,1.213,9
46748,0.93499994,5
46764,3.3389997,17
46808,-1.6416665,15
46820,17.307667,23
46828,27.138332,5
46888,7.7383323,15
46900,6.5199995,20
46912,17.309,37
46932,4.3103333,11
46932,1.425,5
46960,-1.6010001,7
47004,41.175323,86
47016,20.512999,29
47032,7.8256664,7
47076,2.7619996,36
47084,19.767002,31
47088,5.136,18
47092,7.938333,15
47112,-2.6316667,5
47132,-3.1583333,5
47140,3.2346663,14
47160,-3.2643332,7
47160,1.9216664,5
47212,5.3476667,13
47240,19.229334,38
47264,-0.32800007,6
47272,29.196337,49
47280,14.446668,30
47324,1.2343328,13
47356,7.1929994,19
47376,42.87033,41
47384,-0.5809999,7
47408,5.6603346,21
47416,0.40600014,8
47440,-0.02399993,8
47456,37.236668,20
47480,30.104671,54
47488,6.279333,18
47520,2.9366663,10
47528,2.2740002,22
47548,14.641667,15
47548,29.862333,7
47552,16.548002,24
47584,29.666332,9
47584,3.7693336,8
47628,32.140335,11
47672,-1.053,11
47720,50.709335,48
47740,5.2689996,17
47744,20.946339,49
47760,3.2533336,10
47780,1.443,9
47812,8.070999,13
47816,3.939667,9
47820,6.42,20
47828,27.987,61
47852,1.533,9
47864,0.94966674,9
47868,4.288,14
47896,2.9656668,7
47924,3.1156666,7
47952,-0.24433327,7
47960,12.289003,27
47968,4.5319996,26
47988,0.7296667,9
48008,-1.3216667,5
48016,3.4773333,12
48028,2.4289994,17
48040,22.234995,55
48044,3.9423337,7
48048,-1.9916668,5
48068,1.559,7
48072,-0.9180001,6
48080,2.9760003,18
48084,28.74,10
48116,1.243,9
48148,3.3153334,16
48184,9.802667,28
48204,4.4283338,5
48228,-1.9246666,6
48248,0.038333416,5
48256,10.065666,27
48268,29.939327,38
48368,11.793336,30
48376,8.836668,30
48392,11.563667,31
48392,7.432,6
48396,-0.5483334,5
48404,65.85467,84
48412,-2.7683334,5
48452,5.4816666,15
48476,4.5726666,18
48508,12.474668,24
48512,-1.2670001,9
48528,2.6983335,5
48532,9.11667,20
48548,5.683,9
48560,-0.18733335,8
48564,2.9226665,8
48564,13.000671,42
48568,-1.925,5
48584,4.9086666,6
48596,-1.5876667,7
48628,8.671999,16
48632,4.2363334,9
48640,7.959666,19
48644,3.6150002,15
48648,0.8416667,5
48668,2.3386667,6
48672,3.1393332,8
48708,13.699667,19
48712,2.7136667,11
48712,1.1820002,16
48724,4.527666,13
48740,1.5289998,7
48788,13.256668,20
48796,31.424667,14
48832,7.007,11
48872,8.155665,37
48956,12.553335,40
48960,8.323999,32
48976,3.655333,26
49004,4.614,12
49068,6.2486663,16
49088,9.552668,28
49096,1.2823334,7
49116,47.827,101
49132,0.07033348,11
49132,16.381,43
49180,2.8606665,12
49188,6.1109996,23
49200,8.449001,17
49216,2.069,7
49228,-0.14433324,7
49264,10.252335,37
49276,4.4216666,15
49340,31.318668,16
49368,7.0383334,35
49388,47.040337,31
49388,-1.2083334,5
49396,8.028,14
49456,5.748999,17
49472,12.1396675,19
49484,0.9023334,7
49496,7.7889996,27
49516,6.257,11
49544,7.1349998,15
49552,54.134323,93
49556,0.23000002,10
49580,4.646333,9
49580,28.589,7
49608,-0.67433345,7
49616,7.1316667,15
49628,29.064999,5
49628,9.567665,33
49644,29.222332,7
49648,9.259,17
49668,-0.40666676,10
49684,35.178,14
49688,4.170333,11
49728,32.603333,20
49740,8.091333,14
49744,9.694668,14
49756,-0.22766662,7
49772,40.915333,26
49792,3.2610002,13
49812,11.274667,14
49832,5.4566665,10
49852,4.255,5
49880,4.089,7
49924,6.320333,11
50000,7.189667,19
50000,31.441332,64
50016,26.733667,61
50024,1.7086668,6
50036,3.5483332,5
50044,58.999336,58
50056,1.916,8
50072,-0.0103333,9
50080,2.5563335,9
50092,15.307668,23
50120,28.249,7
50168,20.104,22
50188,0.8316667,5
50192,9.587999,34
50196,19.283669,31
50224,12.74867,26
50232,8.700333,11
50260,1.6456668,7
50312,15.630002,30
50320,13.838335,15
50336,24.255,35
50372,33.581665,15
50376,23.655998,38
50392,4.198,14
50392,0.27499998,5
50428,8.005666,27
50428,3.626333,9
50444,7.2910013,13
50472,15.331335,24
50508,-2.067,9
50512,16.800335,21
50536,3.2643332,23
50596,5.140334,21
50632,11.074671,24
50652,24.758333,5
50652,10.318665,36
50660,8.762,16
50672,28.678333,5
50696,4.6463327,9
50720,7.184,12
50776,25.157,31
50784,13.960668,22
50788,10.49567,17
50812,0.2663331,9
50820,3.5463333,9
50820,45.479324,98
50848,4.2956667,7
50872,2.378333,15
50904,-0.66299987,21
50908,4.6863337,9
50916,6.6223335,17
50928,-2.9083333,5
50964,23.011335,44
50984,9.365667,17
50992,5.365667,7
51020,-0.7436665,9
51036,16.501003,33
51052,3.5783334,15
51092,-0.7853334,14
51108,12.750666,22
51108,7.3213334,14
51112,11.031997,46
51112,1.4350002,5
51140,3.269,7
51176,3.9620001,16
51188,-3.38,20
51208,-1.8149999,5
51236,16.264671,24
51244,27.626333,9
51268,34.167667,23
51272,18.083666,41
51312,1.9656662,17
51320,31.297333,12
51320,28.194334,13
51364,20.317331,32
51372,10.011001,13
51408,18.107998,24
51412,31.953335,10
51428,26.305,5
51448,5.823,9
51448,-1.075,5
51448,4.200668,32
51476,1.5723336,7
51484,29.686333,9
51496,5.0273333,12
51560,9.923668,21
51564,12.992336,17
51588,-0.14766675,7
51612,3.0473337,12
51616,19.45434,63
51620,3.7979994,34
51640,-0.0010000467,7
51648,29.342333,7
51668,3.638999,7
51672,9.084667,14
51672,10.193666,21
51700,4.7256665,7
51708,1.8583331,15
51720,2.9176664,13
51724,0.8643336,13
51740,0.5793334,8
51744,4.165,5
51832,18.721,33
51836,9.668001,24
51872,23.694004,32
51884,11.723667,41
51896,7.458666,16
51916,6.990332,11
51928,6.501001,23
51948,0.504333,13
51948,0.6786665,16
51984,5.674667,14
51992,7.4136677,11
52008,8.394333,23
52044,3.0316668,15
52048,4.7613335,14
52056,1.0073333,12
52064,-0.865,5
52104,10.266668,10
52128,16.863337,20
52136,30.922327,47
52152,3.6313336,24
52164,1.3456669,7
52184,0.6660001,8
52208,-1.6896667,11
52208,12.1933365,20
52240,11.958002,34
52252,0.2836666,11
52272,0.7683333,5
52296,46.946,28
52308,5.932333,17
52316,-2.0716665,5
52328,0.5813329,14
52352,2.4003334,11
52360,0.69266653,8
52392,29.303333,10
52408,7.5010004,23
52448,8.614668,14
52456,26.640665,62
52476,1.1723334,7
52500,9.450334,11
52500,4.672,6
52516,24.02967,39
52572,8.278,14
52616,6.610334,11
52620,16.776669,30
52652,2.106333,9
52676,35.759003,67
52684,10.808667,16
52748,70.30734,62
52772,14.618001,24
52792,9.026999,11
52824,6.0243335,13
52828,-1.2736667,9
52852,-2.4876666,7
52892,30.423336,60
52900,17.721338,54
52916,25.818666,6
52944,1.3790002,7
52948,1.9906666,12
53032,42.51367,21
53044,9.625001,25
53064,-3.7873335,8
53080,27.331005,63
53092,33.233334,60
53092,-1.5426668,12
53120,-0.4543332,7
53124,7.185,15
53148,5.7523336,17
53160,-0.74033344,9
53176,0.39799988,14
53208,0.40166616,15
53216,7.003333,10
53228,7.5556664,17
53232,18.898336,35
53232,2.1220002,6
53280,30.564,12
53284,29.834333,13
53300,32.267,21
53304,5.706334,19
53328,3.6619997,6
53348,-0.5250001,5
53352,3.952334,17
53360,4.585,15
53380,7.9183326,25
53396,0.7236668,11
53408,29.132332,7
53416,-0.93833345,5
53428,-2.1950002,5
53448,-0.7616668,5
53476,16.537336,32
53476,8.673,29
53508,-0.9973333,8
53512,3.288666,16
53532,16.526337,29
53564,4.6613326,14
53568,5.134334,23
53576,30.270332,11
53588,25.971666,5
53592,7.5166655,20
53604,2.1366668,10
53624,2.3930001,9
53636,8.991666,15
53656,5.434333,13
53656,2.9183335,5
53668,37.60634,19
53708,1.4609998,13
53728,7.865,15
53752,1.022,6
53768,15.755337,36
53788,4.559667,9
53800,11.761001,23
53816,4.025667,7
53860,39.017,51
53880,16.036,28
53896,8.329666,9
53900,-1.3483334,5
53908,9.184333,23
53928,1.8349997,5
53976,8.384001,12
54012,23.77433,53
54016,11.606334,29
54060,5.100333,11
54072,10.274669,24
54080,43.618664,46
54100,27.145,5
54140,6.9733334,20
54160,2.9006667,22
54160,1.5483334,5
54172,13.122667,18
54188,1.9456666,7
54244,14.456999,21
54248,32.883,19
54268,31.557999,64
54304,10.919669,29
54316,5.8690004,17
54320,32.773003,19
54356,31.013334,10
54376,24.458332,5
54388,12.712336,17
54408,12.218668,26
54432,7.8179994,14
54460,0.5556667,7
54480,6.717668,23
54480,4.359333,18
54488,3.2889998,7
54500,0.49833357,5
54528,-3.3766665,10
54576,6.977334,12
54620,5.7336674,11
54644,30.903667,41
54644,2.368667,6
54660,51.82266,98
54664,27.798332,5
54668,8.543999,42
54672,1.8089998,7
54696,-3.2836666,9
54704,1.3026668,8
54732,3.5653331,16
54748,33.070335,11
54768,9.189666,9
54784,7.7163324,9
54852,13.019001,17
54860,13.667667,23
54876,1.8686666,6
54888,19.035332,56
54908,3.859333,8
54916,3.838,14
54928,27.23,10
54940,31.886995,61
54944,-0.4009999,7
54952,4.0770006,11
54952,0.6120001,6
54988,4.0896664,9
55008,12.959001,17
55016,-2.3743334,7
55024,36.423332,20
55028,7.426333,19
55056,1.4926666,8
55068,7.521,13
55128,9.305002,15
55132,20.22533,26
55148,7.9143343,23
55172,27.713665,41
55180,2.1593335,8
55192,1.6016669,5
55192,30.952,16
55204,-1.2913334,6
55212,-0.8083333,5
55220,9.440667,22
55228,7.6329994,9
55240,5.8789997,7
55244,-0.788,6
55260,1.7360001,8
55272,2.8790002,7
55284,7.0900006,20
55300,26.932333,7
55320,4.7549996,15
55332,-0.7093334,12
55372,17.134335,33
55372,6.0509996,13
55400,0.035666585,7
55432,10.878334,25
55496,3.631334,24
55500,8.144,32
55520,-0.72833323,5
55524,12.994335,23
55544,-0.59466684,6
55544,-1.176,12
55564,1.0849998,5
55580,3.2346668,14
55636,42.414677,84
55664,-0.10099995,7
55664,16.345,25
55668,2.0906663,22
55684,5.5350003,5
55692,-0.521,7
55712,25.777332,42
55732,6.8206663,12
55736,30.920334,11
55748,10.43,20
55756,8.440332,11
55756,27.578333,5
55776,-1.1896665,11
55788,26.716,8
55788,1.1700001,10
55808,26.605,5
55824,-0.09366655,9
55824,2.2856665,17
55828,2.707667,13
55844,0.8416667,5
55864,0.47833323,5
55876,2.2773335,12
55896,10.890667,22
55916,-1.7533333,10
55920,31.431334,14
55936,0.4683333,5
55940,13.273001,29
55964,1.9103334,11
55984,1.254,12
56000,4.109667,9
56040,9.585335,36
56052,15.732667,28
56100,14.768333,15
56136,8.6103325,21
56148,3.4206665,12
56160,21.878002,44
56164,33.877003,41
56196,10.395,15
56196,0.78733337,12
56196,1.2796667,9
56204,-0.25999975,10
56224,27.212334,7
56240,1.3269999,11
56276,-0.05033326,9
56296,27.025,5
56336,3.946667,10
56336,24.499334,28
56340,6.8880005,34
56356,2.3050003,5
56380,0.67200005,6
56412,7.2029996,19
56424,1.483667,11
56428,35.404003,22
56448,7.293,9
56464,51.439,67
56476,4.9176664,13
56488,-1.62,10
56492,11.768667,16
56544,5.8276663,13
56544,3.7033336,20
56552,0.4686668,16
56572,-0.5949999,5
56580,-0.92700005,9
56624,-1.043,11
56684,21.067331,52
56708,5.494666,34
56716,35.371002,23
56736,-0.79566646,13
56768,43.832,56
56772,3.2996662,9
56780,1.6053336,16
56800,4.3423333,7
56816,10.883,9
56820,3.594334,13
56824,7.436333,29
56852,1.2523334,7
56880,1.865333,16
56888,31.199665,9
56912,12.454334,23
56944,2.892666,8
56972,6.9576674,23
56996,31.184334,13
57000,13.820006,50
57012,3.7066665,10
57016,20.697332,32
57080,14.276667,20
57100,7.404001,22
57120,25.751667,5
57128,20.007668,33
57144,4.678667,16
57160,7.0420003,36
57188,1.2670002,11
57204,6.800333,21
57216,0.65566665,7
57216,7.610667,22
57224,8.415334,16
57232,0.759,7
57236,0.12166667,5
57244,2.322333,7
57272,2.2863336,9
57276,-2.6623335,13
57328,29.007668,13
57336,16.402,26
57356,-2.8083334,5
57376,-1.1916668,5
57428,20.039667,39
57436,3.055,15
57464,12.598002,34
57480,4.533666,11
57480,30.456333,59
57496,1.4460001,8
57528,-1.0806665,8
57532,5.4110007,13
57596,9.647333,42
57616,8.450665,22
57628,17.218,24
57632,28.689667,9
57668,-1.0603333,9
57688,-0.5183332,5
57712,16.848,24
57740,-0.8343334,7
57748,1.9550002,15
57772,47.05766,73
57800,13.664337,43
57828,8.611333,14
57844,3.9820015,26
57848,8.588333,25
57864,-1.4503334,9
57872,0.90566665,7
57880,30.679333,8
57892,7.594335,23
57900,0.6523333,7
57924,8.341666,15
57944,3.977,11
57952,6.389333,18
57956,3.5920005,16
58040,5.3980017,24
58080,17.354,32
58116,5.7130003,19
58120,13.463669,41
58124,32.269997,50
58140,1.0083333,5
58152,-1.5943333,7
58172,5.6783338,5
58196,0.86199975,6
58196,-3.812,14
58204,13.383667,31
58240,2.8070002,11
58260,2.1916666,5
58260,8.944666,14
58280,-0.18166661,5
58284,15.960667,42
58304,-1.565,5
58312,7.731001,13
58332,-0.6816667,5
58340,3.6063333,9
58368,14.671005,43
58392,3.6116664,15
58392,6.925333,6
58412,9.459333,18
58476,34.56867,16
58480,21.373337,50
58492,8.701668,25
58564,38.243668,21
58608,8.203667,11
58616,23.788668,56
58640,12.427001,41
58732,11.287667,23
58764,33.232662,68
58776,24.970001,40
58796,25.711666,5
58820,4.891333,14
58832,33.975,25
58844,1.6373334,12
58860,0.41900003,7
58872,-1.3843334,7
58900,4.6366663,20
58948,33.88067,12
58952,2.8043332,23
58972,8.671668,25
58992,24.865,5
59000,5.1143336,13
59004,9.837667,13
59016,45.913998,102
59020,-3.1843333,7
59024,-0.45499998,5
59052,2.8676667,13
59060,-1.6603333,9
59084,6.6956677,17
59088,4.145667,17
59108,1.1453334,6
59112,31.344334,13
59132,-0.5630002,11
59136,27.029,7
59148,8.154669,24
59164,3.6876664,13
59172,3.6763334,9
59196,-1.0593334,12
59232,2.6130002,9
59240,11.549668,19
59248,15.376335,19
59268,0.5016664,5
59276,4.496333,9
59288,-3.355,5
59324,8.5060005,48
59344,11.099001,17
59352,6.995335,16
59360,3.5863335,9
59376,17.145336,36
59392,0.07666659,10
59396,-1.819,13
59424,3.1093328,8
59428,3.397666,13
59452,-3.598,6
59456,4.5816665,15
59468,-1.3663334,11
59476,1.0349998,5
59524,1.3373334,12
59536,-4.9586663,44
59560,1.7119999,6
59560,4.286334,9
59572,20.193333,30
59576,11.805666,27
59580,26.404999,5
59660,12.407001,21
59676,2.8779995,24
59684,15.327002,31
59696,3.0616667,5
59744,14.433668,21
59760,40.403,19
59788,5.290333,11
59800,6.4199996,10
59824,30.706333,9
59836,28.981667,35
59840,25.36233,67
59844,31.213667,11
59924,16.814001,22
59932,39.930668,22
59952,-3.1616666,5
59976,1.8386669,6
59988,34.45367,41
59992,15.182667,38
60024,9.307334,12
60040,0.16100013,13
60044,3.791,13
60060,-1.9516666,5
60064,3.315,5
60080,17.319666,39
60104,0.7003335,11
60120,18.864668,24
60172,6.7990003,17
60176,3.1346667,14
60184,4.8286667,26
60220,8.016999,11
60244,8.921669,45
60264,-1.3749999,5
60304,13.910333,21
60332,27.322334,7
60428,18.303663,41
60440,28.874666,64
60448,43.893005,69
60480,3.3333335,10
60480,10.432335,37
60520,38.262665,18
60528,3.0506668,12
60560,15.041,33
60572,5.9969997,11
60588,11.292334,27
60592,0.73833334,5
60596,10.393,19
60684,13.603668,31
60688,11.171665,25
60704,5.0216665,5
60708,18.826336,29
60720,13.103667,31
60732,0.73899996,7
60736,4.1206665,12
60756,0.835,5
60780,-1.0946667,6
60800,4.6083336,5
60816,-4.5663333,21
60832,8.266001,28
60844,7.867,11
60844,2.1056666,7
60888,13.381668,45
60980,12.164665,34
61032,33.30666,50
61084,4.5576673,13
61100,8.29,30
61144,2.0803332,11
61164,1.4850001,5
61176,6.801,23
61200,1.922,6
61252,41.104,22
61288,12.884001,22
61288,2.113,9
61308,0.59833336,5
61312,60.08532,106
61332,-0.062999964,11
61368,4.6830006,9
61388,1.5849998,5
61392,31.425667,137
61392,13.497002,21
61416,-1.0343333,7
61444,-2.269,13
61492,5.669666,19
61528,42.177002,21
61556,9.242001,16
61584,6.2390003,7
61592,41.006676,70
61620,-1.1903334,9
61672,27.207666,13
61700,1.8823333,7
61728,4.1979995,34
61732,54.274994,85
61792,29.99534,66
61840,42.131668,35
61848,44.0,30
61868,19.50467,34
61876,-1.1836665,9
61916,5.9973326,12
61920,0.007000208,11
61948,1.1760001,8
61964,5.1236663,11
61984,0.63166666,5
61992,6.2903337,11
62012,1.2656666,7
62020,14.284333,43
62020,29.212334,7
62072,76.286674,70
62092,-0.028333306,5
62100,10.016669,20
62104,4.184333,23
62120,2.0216663,5
62132,11.192668,28
62132,-1.871,7
62136,-2.263,11
62180,2.8973331,12
62192,0.7293339,18
62208,-0.73433334,7
62220,3.2923331,7
62232,36.741333,24
62240,9.972335,27
62248,3.516667,10
62256,0.61866665,6
62260,0.3983333,5
62292,2.4263334,9
62292,9.556001,18
62296,-0.95700014,9
62324,-0.0009998679,7
62336,5.5236673,11
62344,3.8116665,5
62360,46.379333,28
62372,-3.277,9
62384,-4.075667,23
62388,0.5456666,7
62436,3.2486668,16
62456,-5.208333,5
62460,7.9696674,19
62484,-1.2743334,7
62492,19.475332,26
62500,14.493001,39
62504,3.0503333,11
62512,27.639,7
62520,5.5216665,5
62528,-1.717,9
62532,-0.75433326,7
62596,12.803668,21
62600,10.106,18
62600,5.0956664,17
62632,18.719334,28
62652,-1.6316667,5
62656,2.2583332,15
62668,2.0156665,17
62696,-0.62433326,7
62748,34.981003,13
62760,21.036667,40
62776,-1.731,7
62808,2.7606666,12
62856,-3.4426665,12
62872,31.061327,54
62876,-1.0883334,5
62900,26.805332,6
62908,43.20433,33
62936,26.915667,7
62952,7.5910006,13
62980,1.5170002,11
62988,57.751324,84
63012,3.7393336,8
63012,7.838333,15
63040,5.9473333,42
63044,-2.2706666,8
63048,2.4596667,9
63080,4.749667,9
63080,45.24433,23
63176,5.364666,24
63196,19.886333,29
63200,23.576004,38
63208,12.56067,42
63224,-0.19433331,7
63244,0.78499985,5
63252,1.3703334,11
63268,7.6443315,23
63288,-0.31500006,5
63340,28.591,13
63356,7.8026676,28
63364,47.543663,41
63372,4.3859997,8
63388,1.836,8
63440,0.51433337,13
63452,8.326666,20
63488,31.584,12
63500,30.644001,62
63524,12.97,40
63540,5.794,22
63544,6.811334,14
63560,3.286333,9
63568,1.1356664,7
63612,1.8343335,13
63632,19.460997,33
63656,0.17533326,6
63656,10.749332,28
63720,34.622,16
63732,9.646669,30
63764,-0.8076663,27
63768,4.299667,9
63772,-1.9756666,13
63788,-2.248,6
63816,-0.38100004,7
63832,13.655334,66
63832,0.51833344,15
63836,1.1216667,5
63864,-1.231,7
63884,2.415,5
63924,34.124332,23
63940,5.6913333,14
63948,23.113,29
64020,30.10767,63
64024,1.0163343,19
64056,18.027664,33
64084,9.505335,16
64104,22.110334,41
64120,36.862,16
64124,3.7766666,10
64204,6.3050003,25
64228,29.337002,51
64268,34.145332,16
64272,4.113667,11
64272,14.492668,38
64296,-1.101,7
64312,25.275661,47
64356,10.060333,21
64392,6.7796674,9
64400,15.643999,32
64468,18.874336,43
64484,7.3843327,43
64500,47.588337,25
64512,6.583667,11
64540,25.579,7
64568,20.294666,44
64572,1.6026669,8
64588,11.388667,26
64592,0.52166665,5
64688,20.126667,30
64708,25.850662,52
64708,13.713001,29
64716,8.257334,32
64744,3.8563328,9
64780,1.1129999,9
64816,12.060668,32
64852,5.289667,9
64876,3.9279995,24
64908,7.5379996,14
64928,0.09100032,13
65024,48.239647,79
65040,48.85032,81
65056,24.702333,37
65076,-2.9703333,9
65140,12.167002,21
65188,9.270667,12
65200,33.613667,31
65208,-0.46833324,5
65240,39.572674,78
65268,11.441668,15
65268,0.37900007,7
65296,-2.9943333,7
65328,0.4026668,8
65336,39.585995,78
65360,3.5876665,23
65380,2.6983335,5
65380,3.7936664,11
65412,9.920334,21
65416,3.5663335,9
65432,1.3916667,5
65432,7.1676664,13
65468,3.2510002,13
65472,31.916,68
65476,0.65366673,11
65492,-2.7216666,5
65540,10.627333,12
65540,22.322336,27
65548,9.643334,20
65576,3.7296665,9
65592,14.276331,29
65608,3.5459998,8
65612,-0.018333197,5
65644,8.328668,26
65668,9.168333,15
65688,15.298334,35
65708,1.925,5
65712,12.782335,17
65728,25.418333,5
65748,43.04467,34
65752,8.857,21
65796,2.9536667,11
65824,5.6863327,19
65828,8.865001,25
65828,12.736334,29
65832,31.573002,9
65848,-0.13833332,5
65860,2.6623335,7
65868,11.980334,11
65888,13.361668,15
65888,2.513333,10
65896,7.509,7
65948,4.8609996,13
65972,2.442,6
65972,8.642669,28
65980,34.467667,23
65984,6.6013336,24
65992,25.851665,5
66000,-0.058333308,5
66004,-1.3750001,5
66008,4.173,9
66036,1.3526667,8
66044,0.04099989,13
66052,3.0676668,13
66052,4.230334,11
66072,0.96566653,7
66080,8.007,11
66096,2.070333,11
66100,-0.5443332,7
66128,-0.102666736,12
66144,6.7403336,11
66148,18.754667,24
66168,2.2200003,10
66180,10.970332,21
66208,-1.4613333,16
66228,-2.4516666,5
66252,19.748665,26
66264,3.7296662,9
66284,-0.745,5
66288,1.503,9
66304,2.7516665,5
66356,4.411,13
66360,20.095997,48
66384,30.633661,51
66396,-0.27699995,9
66428,0.029333353,8
66444,13.930668,22
66452,29.390335,41
66508,4.821333,14
66528,53.53533,36
66528,-1.6683333,5
66560,0.29266664,8
66572,20.482002,36
66584,5.1953335,6
66612,14.707001,21
66656,15.092669,18
66660,52.20134,54
66684,4.0959997,18
66688,0.40566647,7
66708,0.35833335,5
66748,6.092,16
66768,12.55267,28
66784,14.096336,19
66796,5.390666,12
66856,4.861667,15
66876,2.9250002,5
66884,18.023,29
66904,1.605,5
66908,37.724663,84
66920,1.6103336,11
66928,47.77867,36
66940,1.2696669,9
66948,28.922333,7
66976,6.2189984,17
66984,3.033,9
66992,1.9410002,13
67016,3.0693336,8
67020,-1.3643334,7
67024,7.951333,24
67040,-3.2983332,5
67048,1.5120001,6
67060,12.407,21
67072,3.159333,8
67080,9.568668,16
67100,9.914333,13
67120,-0.14166665,5
67136,7.076334,19
67172,13.601667,25
67208,5.6063333,9
67212,6.3163323,19
67228,24.669,37
67228,7.142334,27
67248,0.26166677,5
67280,8.577667,13
67296,10.073669,21
67316,4.183,9
67352,0.996333,9
67368,35.686,18
67376,44.914,32
67396,1.1003335,11
67396,52.268997,47
67416,0.36833328,5
67424,4.6590004,7
67480,3.8520012,16
67492,9.775668,17
67496,11.9573345,32
67508,4.605667,7
67508,27.620996,33
67528,26.278332,5
67568,1.25,10
67592,12.015001,25
67592,15.094666,24
67612,4.826999,11
67616,1.052,6
67648,30.243,9
67648,9.121335,14
67696,32.126667,20
67712,9.1503315,51
67756,3.6869993,11
67788,24.528336,35
67824,0.8663337,9
67828,13.351002,33
67836,33.260002,20
67844,3.8283331,5
67852,30.106998,51
67856,-3.1343331,7
67872,28.109001,7
67876,3.8149998,5
67896,8.635001,15
67908,6.3930006,9
67928,1.5316668,5
67940,9.167334,22
67952,27.038,14
67956,4.572333,7
67960,25.751667,5
67980,1.1423335,7
67988,8.339333,28
68008,5.2956667,7
68032,-0.18466662,6
68044,34.764668,14
68076,43.849663,29
68076,5.6436667,11
68096,-4.1083336,5
68100,24.972,6
68120,28.305,5
68136,12.131001,23
68140,17.098671,46
68148,6.5056667,7
68176,3.009667,9
68224,11.470669,22
68248,6.5293345,18
68248,8.745001,25
68268,-0.10500002,5
68292,9.223666,11
68328,5.315334,26
68328,5.5329995,9
68344,22.520672,62
68376,5.764,12
68380,3.9496665,9
68416,2.8763335,9
68492,8.590334,41
68504,8.770668,22
68524,38.66466,64
68528,17.345999,38
68532,27.828999,7
68536,31.126999,11
68548,26.465,5
68564,4.3356667,7
68568,-0.14499998,5
68628,4.6583333,15
68648,11.660335,21
68668,46.118668,36
68668,0.3516668,5
68736,9.185665,17
68748,5.8999996,20
68780,4.520333,11
68812,33.33867,16
68848,9.022333,17
68852,7.033333,10
68868,47.70799,84
68896,-3.3976667,7
68932,53.295334,76
68936,42.107334,22
68972,31.889668,19
68976,4.046666,10
69040,3.2389996,17
69068,33.92133,54
69068,-1.2709999,7
69084,22.18933,38
69100,14.123668,31
69108,2.1553333,6
69112,31.790333,11
69140,26.335667,7
69152,3.4576664,13
69168,2.485667,7
69180,2.899,7
69208,17.051668,35
69228,-1.4383332,5
69236,13.0546665,14
69248,5.6266665,20
69288,34.033333,10
69288,-0.7216667,15
69316,0.9523332,7
69324,35.90067,22
69332,3.8036666,11
69344,-1.3950002,5
69388,4.6426663,18
69388,31.49667,70
69432,2.8069997,11
69432,10.447335,22
69436,4.254,12
69484,5.564334,13
69508,9.733,19
69508,34.51267,18
69528,0.91499996,5
69536,34.271,13
69628,3.6416662,25
69632,69.368324,75
69644,16.105667,27
69660,25.515999,8
69672,-0.3376665,7
69692,1.8216667,5
69700,7.9256673,17
69736,2.483,9
69740,3.2473335,12
69752,19.826996,61
69892,16.866,38
69896,20.932,36
69916,25.351665,5
69920,52.214993,65
69980,-6.421667,15
70012,16.018,24
70040,30.055668,7
70048,22.549662,39
70084,5.800334,11
70112,5.8753333,16
70148,28.719666,9
70188,43.558662,26
70196,59.54832,115
70200,7.6376677,13
70208,26.251667,5
70216,-0.8983333,5
70220,1.975,5
70252,1.3996669,9
70256,43.45632,69
70292,6.3936663,21
70296,-2.2296667,11
70428,11.067999,34
70448,1.5450002,5
70476,71.67467,64
70484,29.682337,47
70492,6.237001,11
70504,-1.1443334,7
70548,29.972,16
70572,-0.010999918,17
70592,14.195001,25
70592,0.034999847,5
70616,36.362335,17
70620,-0.32766676,7
70676,44.725006,105
70696,35.673,19
70740,23.423664,31
70764,4.477333,22
70808,30.207,11
70820,45.942318,57
70876,4.7790003,17
70880,22.678337,35
70888,26.412664,48
70896,1.3716667,5
70916,28.404999,5
70964,15.276336,19
70980,9.025333,16
71024,6.855,15
71028,30.293999,52
71052,13.521002,43
71076,9.887669,13
71084,10.724669,14
71088,2.6863332,9
71108,25.210667,32
71112,4.059667,9
71132,5.220333,11
71160,29.094,12
71188,9.943335,20
71224,33.238667,16
71232,2.6603332,11
71256,27.678665,6
71272,9.745668,47
71276,6.2743325,13
71296,-0.0016666651,5
71304,16.847668,43
71320,9.807333,12
71324,5.785667,17
71340,2.4463334,9
71352,4.2313333,14
71372,27.835999,8
71384,7.9583335,15
71412,29.122334,7
71428,8.978,14
71456,8.150334,11
71472,31.183666,11
71520,5.224,12
71540,17.968338,55
71568,21.811329,54
71580,10.627002,31
71584,2.6836665,11
71592,32.102665,18
71596,-2.0943332,7
71636,4.6379995,14
71640,30.057999,14
71664,26.255667,7
71676,41.22,20
71684,1.7183332,5
71692,11.245,25
71696,8.368,14
71720,0.3336668,11
71752,7.4313335,14
71756,7.8260007,18
71800,0.7669997,11
71820,0.3416667,5
71848,29.646332,39
71892,9.672668,18
71892,21.587671,43
71920,28.265667,7
71924,2.5930004,19
71944,29.125998,48
71992,3.0659993,18
72020,13.758,24
72028,0.6613343,34
72064,4.0329995,9
72084,27.391666,5
72124,4.09,10
72172,4.5673337,12
72196,14.417,51
72200,35.337994,64
72212,-0.22666669,10
72232,28.793,9
72244,69.492,56
72252,2.1809998,13
72264,-0.25833333,5
72264,1.646,8
72280,-0.011000156,7
72280,17.432335,17
72284,0.4516667,5
72324,5.363333,10
72328,3.2873328,12
72352,-3.4943333,7
72364,12.720336,21
72372,8.267,11
72380,3.2756667,7
72400,-1.5416667,5
72420,4.7739997,12
72432,14.854002,42
72460,5.5983334,15
72480,14.199666,29
72484,7.424333,13
72488,28.285667,7
72516,5.2023335,7
72520,1.4766669,10
72520,4.5930004,9
72572,8.084332,13
72580,2.0049999,15
72624,6.947668,13
72640,12.168335,15
72644,28.058334,5
72708,4.2920003,16
72744,57.792336,57
72760,43.298332,85
72768,3.2553334,6
72796,0.82233334,7
72796,6.657333,22
72808,3.1106663,12
72816,25.224998,5
72820,47.441666,45
72832,3.6420002,6
72840,32.037,11
72876,7.507,11
72900,4.8783326,15
72924,43.909,27
72944,-1.9683332,5
72956,5.9,20
72976,-0.80500007,5
73004,10.191668,15
73036,2.5526662,8
73036,10.914669,34
73056,-0.98833334,5
73084,21.789,27
73092,60.519325,68
73116,28.778667,6
73136,12.534334,13
73168,10.734337,33
73168,0.9360001,8
73168,9.402667,28
73220,5.127666,13
73256,36.267334,22
73256,22.004997,35
73276,0.8883333,5
73312,8.862001,36
73352,9.351334,24
73368,33.741333,14
73400,5.470667,12
73416,12.898333,35
73428,1.8083334,15
73460,-1.9949999,15
73492,5.6853337,16
73508,6.010667,12
73516,9.118334,25
73516,60.271324,74
73544,1.4256666,7
73572,-3.8109999,7
73592,45.795,25
73624,10.879667,29
73664,15.187668,23
73696,20.568333,45
73712,11.224001,22
73748,34.417,21
73764,0.26099992,13
73764,38.099,17
73784,1.175,5
73792,7.197,11
73808,33.643665,11
73812,26.225,5
73820,24.352333,57
73848,1.3933332,10
73884,6.9986663,16
73920,1.563,9
73932,12.815666,37
73932,9.163336,30
73936,14.424001,22
73972,-1.9236667,9
73996,17.929667,19
74024,-1.3476667,7
74048,17.662998,29
74068,19.284668,34
74076,0.319,7
74084,16.462666,28
74104,-0.7083334,5
74120,1.9976667,13
74128,38.26867,26
74148,-0.084333286,7
74180,33.718666,26
74192,11.227334,22
74204,33.583,19
74216,38.639,17
74224,0.18700004,11
74232,-0.25333297,10
74252,2.486333,9
74272,0.8116666,5
74272,4.8066664,10
74292,0.7649999,5
74296,37.28267,18
74324,2.4926667,8
74392,20.811333,24
74412,0.4183333,5
74420,43.679,37
74444,32.569992,60
74464,8.817667,13
74468,8.184,12
74488,29.305,5
74496,42.200996,43
74552,3.0920002,16
74556,3.7943335,23
74564,7.2133303,30
74572,0.84833336,5
74580,5.6570005,21
74588,-1.0606668,8
74612,7.1266665,10
74616,2.6690001,7
74624,5.3883333,15
74636,26.185,5
74724,40.106003,28
74740,27.236334,29
74748,15.329336,28
74776,30.831001,13
74788,6.4906654,12
74816,5.8189993,17
74844,2.242333,7
74852,33.556004,68
74856,3.1166668,20
74876,2.2386668,6
74884,4.6846676,24
74896,1.8183334,5
74916,8.262667,18
74920,7.0720005,16
74948,-1.211,7
74980,14.807,21
75020,25.994669,34
75060,33.63,20
75072,-1.8736665,39
75092,20.008667,36
75096,4.7653337,6
75112,-0.0050001144,5
75132,0.02633369,9
75144,12.680336,31
75160,-1.1076665,7
75164,-0.52166677,5
75180,-0.42099988,17
75184,0.905,5
75200,2.4449997,5
75236,2.5396662,9
75296,10.535002,15
75320,67.861664,65
75340,3.0949998,5
75372,3.5559998,8
75380,37.554996,55
75420,6.7573333,12
75436,7.6183333,35
75440,-1.9449999,5
75456,30.685991,68
75468,0.22566676,7
75488,0.96833324,5
75520,1.1303333,21
75552,25.702667,8
75552,7.241332,24
75572,3.2616668,5
75600,2.554,12
75636,17.448668,16
75640,51.529335,38
75652,24.499332,68
75660,3.1850002,5
75664,0.11533326,16
75688,1.9530001,9
75704,29.613333,10
75704,4.695667,17
75704,1.2336667,11
75708,4.591666,5
75788,34.377,21
75816,12.999335,28
75896,26.692335,47
75900,11.963665,21
75944,31.480003,60
75968,10.768335,45
75996,-2.3509998,7
76020,6.1363325,19
76048,3.4410002,13
76056,24.443,39
76076,33.635,45
76088,6.6356673,17
76096,7.6073337,12
76120,4.2136664,11
76156,3.3049998,15
76176,11.504001,22
76240,10.623333,30
76240,11.383667,21
76248,31.162668,48
76260,27.305,5
76296,10.976667,30
76300,3.3233337,10
76304,6.632,16
76324,-2.8583333,5
76344,0.385,5
76352,7.607667,13
76360,7.0093346,28
76384,-0.18600011,22
76388,28.536333,9
76400,9.981334,14
76408,-0.17799997,6
76420,31.118332,15
76424,3.969666,9
76452,7.454333,13
76464,2.3569999,11
76500,35.517334,12
76536,-0.22033334,9
76548,16.50833,35
76584,7.3273325,12
76608,-2.0183334,15
76620,29.709667,9
76632,15.430668,42
76668,5.784,12
76676,3.500333,11
76696,6.395667,7
76700,30.945333,6
76704,33.819996,70
76708,6.5783324,25
76720,-0.06833339,5
76732,1.8286667,6
76748,3.4023333,7
76764,5.2556663,17
76784,-2.7116668,5
76808,17.665333,26
76812,-0.9743333,7
76844,3.4096663,9
76848,28.839666,9
76864,7.5743337,33
76880,9.119666,9
76892,1.7056668,7
76908,12.150002,40
76908,2.7256668,7
76920,-1.7809999,7
76928,0.1416667,5
76940,2.4916668,5
76956,5.4773326,12
76960,-1.3416667,5
76964,6.466335,29
76988,4.8450003,15
76992,2.8493335,8
77024,-1.3303332,9
77032,8.102334,17
77036,33.337,11
77056,25.892666,8
77064,13.432335,27
77068,-0.6870003,9
77084,25.724998,5
77108,2.822667,18
77112,-1.1043335,7
77124,4.5923333,17
77132,6.042,16
77156,8.3603325,11
77176,0.18500006,5
77208,9.416334,19
77236,1.5189998,7
77252,17.284,32
77256,11.172335,37
77292,28.206665,10
77316,13.743335,20
77340,2.992,6
77344,33.457336,42
77348,14.431002,23
77384,-0.35699987,9
77424,15.997002,21
77456,31.036,8
77476,9.547667,23
77484,9.605003,35
77496,-2.5349998,5
77508,-1.1213334,6
77512,39.451668,55
77528,27.709332,8
77540,0.052333117,7
77544,31.576334,9
77556,6.931666,25
77600,33.676003,18
77604,-0.53933334,12
77624,14.187002,21
77624,1.5916667,5
77644,38.621666,25
77708,39.400337,21
77772,14.0406685,32
77796,22.084335,43
77800,11.644336,23
77808,13.880665,52
77844,6.743667,11
77856,6.3516665,15
77876,12.258667,26
77892,-1.3503332,9
77892,0.4836669,21
77904,1.2156669,7
77928,3.4163332,9
77936,8.581001,23
77968,13.918668,16
77980,10.913665,11
77988,12.938001,24
78016,-0.28366685,9
78016,1.7190002,7
78028,7.754999,25
78032,9.182002,16
78052,-0.06699991,9
78052,-1.065,5
78068,4.03,10
78088,3.2996666,9
78100,14.570335,21
78112,34.341667,15
78116,-1.0943334,7
78124,1.3780003,14
78140,-0.63100004,7
78144,-2.2310002,7
78160,2.345,15
78188,6.800333,11
78196,6.616,18
78208,-1.1883333,5
78216,4.735,5
78216,6.004666,14
78232,15.804334,23
78236,-1.7216666,5
78276,4.7323337,17
78284,8.452333,17
78308,37.94967,19
78312,0.6263336,9
78340,1.6356665,7
78356,1.2806667,12
78360,11.739667,19
78368,1.3323333,7
78404,3.5763335,9
78428,14.242669,18
78476,7.8796673,29
78496,13.771001,23
78504,-0.37366676,19
78512,31.359667,9
78532,89.51134,74
78552,33.821335,14
78580,7.604,12
78588,2.7596667,19
78600,1.3416667,5
78604,3.9009998,13
78664,25.746666,40
78700,7.519667,9
78732,14.488668,36
78736,0.98300004,9
78740,19.284668,34
78764,1.6556665,7
78776,3.8969998,11
78804,2.8233333,10
78816,14.77467,54
78860,29.523666,11
78900,54.013336,40
78932,26.530672,32
78960,38.388336,25
78964,2.1026669,8
78992,18.031002,23
79000,28.929667,9
79012,-0.9283333,5
79024,30.16733,62
79036,7.5596666,19
79060,5.2739997,12
79072,2.0296667,9
79116,11.451334,14
79116,6.017,11
79136,25.945,5
79184,28.36,40
79220,12.5286665,26
79240,12.976663,60
79252,0.776,8
79256,7.432667,18
79260,3.295,5
79284,27.218666,6
79332,11.450002,20
79352,8.739001,17
79376,20.35333,60
79388,-0.23699999,9
79396,3.9283333,5
79428,12.4643345,43
79456,22.167002,31
79468,13.929336,18
79488,-0.464,8
79500,21.602667,28
79528,13.338334,15
79532,2.4193335,8
79576,6.7173333,12
79612,13.916666,20
79640,34.49433,53
79640,43.768665,16
79664,1.2653333,6
79672,41.558662,46
79684,8.012667,18
79700,0.819,7
79728,5.425334,16
79752,14.719001,17
79756,0.18899989,7
79784,4.7390003,7
79792,9.86,10
79864,21.393667,41
79868,10.910336,21
79876,7.330336,21
79888,26.991667,5
79892,-0.53100014,7
79948,12.241668,15
79952,2.7216668,15
79968,0.6716666,5
79988,28.231667,5
79996,57.04299,89
79996,1.2133338,30
80024,3.9956665,7
80060,33.539333,18
80068,25.139668,29
80104,13.039001,27
80140,7.959333,18
80152,8.827335,32
80160,14.438002,14
80172,-0.19499993,5
80176,4.833,9
80188,9.613998,32
80232,10.035001,15
80248,7.0926666,18
80292,1.5836668,11
80296,17.872335,27
80316,1.791667,5
80316,-0.92800003,6
80344,-0.21766663,7
80352,25.189335,48
80376,9.935335,36
80380,31.812,16
80408,27.465668,7
80432,9.558001,14
80432,3.893999,22
80456,8.317334,12
80460,4.325667,7
80484,2.3556666,7
80504,13.546004,38
80536,37.109665,19
80564,11.711668,15
80580,6.530334,11
80604,30.026667,10
80648,35.104668,54
80660,25.828001,44
80668,35.05733,22
80752,39.218666,26
80760,6.0016665,25
80760,25.29967,39
80808,8.431665,35
80924,14.444338,43
80924,17.840336,41
80952,24.805336,36
80980,7.854667,14
81008,4.5523334,7
81024,6.9083333,25
81044,-0.93166673,5
81064,4.8313336,14
81080,4.4596663,9
81124,24.524336,43
81184,11.041668,15
81188,14.819002,27
81220,-0.33033347,9
81228,4.023333,10
81264,84.301994,126
81276,11.407335,12
81280,25.331331,54
81300,39.653336,20
81304,1.0153334,6
81344,6.430001,20
81352,3.4073336,12
81364,26.438334,5
81364,8.067334,22
81380,3.0156667,7
81388,0.7286668,6
81396,27.426,8
81428,10.310669,32
81436,29.83,10
81444,35.275333,16
81448,3.0849996,15
81472,-0.8643334,7
81472,4.0403333,11
81488,36.381,13
81492,5.877,11
81548,13.043,19
81552,4.433334,20
81564,7.0493336,18
81612,3.8116672,15
81620,36.17267,18
81644,1.8993332,8
81700,4.691333,14
81712,3.6009998,23
81752,20.775667,47
81784,34.54467,74
81788,5.847332,22
81800,3.5906668,12
81804,10.751002,23
81808,2.2853332,6
81832,28.495667,7
81836,3.2923334,7
81844,0.38366652,11
81856,0.6783335,5
81876,16.737333,22
81908,3.9843333,13
81932,7.170666,22
81940,4.865333,16
81960,18.967335,32
81960,1.029,7
81972,7.5786667,16
81988,-0.4376669,7
81992,9.714335,13
82052,10.627667,23
82052,4.2716665,15
82064,13.817668,23
82072,1.2383332,5
82088,2.189667,9
82096,11.269003,27
82128,4.248,14
82136,4.0406666,12
82164,2.7356668,7
82176,9.776001,28
82188,6.4550004,15
82204,0.16666666,10
82208,12.956001,28
82240,4.0543327,13
82252,10.323001,19
82260,6.4413333,14
82272,33.645332,16
82280,25.555666,7
82332,16.397667,23
82380,3.6206665,12
82396,5.560333,31
82400,11.483335,30
82420,-0.25166667,5
82452,42.286003,48
82468,3.757334,22
82476,28.872,6
82504,38.457,21
82536,19.261665,35
82556,13.840668,22
82596,-0.41666675,10
82596,-0.08833337,15
82604,18.873999,32
82616,25.778332,5
82636,1.2326665,8
82664,6.399,17
82680,55.298004,44
82688,1.9509996,13
82716,2.899666,9
82732,8.075667,17
82732,4.4036665,11
82748,14.354335,33
82768,4.316333,9
82820,36.50733,22
82856,1.9996666,9
82860,12.669334,28
82864,8.0323305,37
82864,8.5580015,24
82892,1.3996665,9
82896,0.013000011,9
82908,-1.0763333,11
82916,-0.7816665,5
83020,42.654,32
83024,28.146671,40
83048,13.365,35
83068,4.010333,11
83104,5.2380004,14
83104,29.936333,9
83164,34.07833,15
83164,24.64067,62
83184,16.950333,41
83216,12.042667,28
83236,0.48833323,5
83240,10.2230015,19
83252,13.097333,22
83280,5.8203335,11
83280,2.159,7
83292,6.837667,13
83292,40.502335,27
83300,-0.31166673,5
83328,29.355667,7
83344,10.517668,13
83352,6.1349998,15
83364,7.869666,9
83380,3.159,7
83384,-0.17166668,5
83400,-0.38500023,5
83404,2.0449996,5
83420,-2.9083333,5
83436,9.082666,8
83460,21.914997,45
83464,0.6156666,7
83500,37.463333,20
83508,5.6536665,11
83512,26.207338,42
83516,36.354668,14
83560,8.731001,13
83624,17.803667,31
83652,28.019001,7
83664,11.168666,26
83688,6.4963326,9
83712,14.969671,49
83728,34.645332,16
83728,39.67133,54
83756,0.0723331,7
83792,17.59867,26
83812,9.771334,14
83884,7.172666,18
83892,16.605,25
83904,55.126,48
83904,2.5749998,5
83912,27.338333,5
83932,2.2223334,7
83956,29.840332,11
83972,3.6599998,10
84008,13.128668,26
84032,27.678667,6
84052,8.9746685,24
84060,-0.99099994,7
84076,9.018667,26
84104,44.48134,94
84132,0.024667025,14
84136,33.066334,19
84160,1.0623335,7
84176,18.69033,31
84192,12.610669,22
84220,12.633668,21
84224,8.7820015,16
84232,6.3480005,14
84256,1.6793333,8
84288,37.90567,17
84324,25.014334,33
84388,7.4616685,25
84392,7.725668,17
84416,31.161995,46
84432,5.2900004,10
84464,13.969668,19
84464,29.437332,12
84476,5.9869995,11
84476,32.824993,55
84560,33.343666,21
84584,13.49667,30
84596,20.734335,33
84624,30.456665,10
84636,13.770004,40
84684,16.610338,31
84692,5.2613325,14
84708,38.659332,28
84728,6.9996667,9
84748,2.4333332,10
84756,4.949,7
84764,12.196668,20
84808,29.288664,46
84836,1.9790001,7
84840,6.376999,21
84852,45.413998,22
84860,0.07166672,5
84872,23.907001,31
84880,-0.75833356,5
84920,3.269,17
84996,12.280334,31
85024,1.4923333,7
85024,8.855335,26
85084,29.223999,62
85088,25.44733,52
85088,2.4620001,16
85124,1.2929997,9
85128,11.108665,26
85224,9.131665,25
85228,14.591668,35
85260,6.5330005,9
85264,4.503,9
85292,1.4589999,7
85296,6.639667,9
85368,10.426669,60
85368,7.5996685,19
85376,28.074333,73
85388,2.305,5
85396,-1.5483333,5
85404,1.2430001,9
85440,29.763666,11
85452,0.06533337,16
85452,15.126335,39
85472,5.4890003,17
85484,6.0303335,11
85492,3.4199998,10
85508,6.1063337,9
85512,0.008333325,5
85520,5.5196676,9
85548,2.8000007,10
85576,4.5956664,7
85584,10.912001,16
85592,25.655003,35
85632,9.358002,14
85660,12.039002,37
85668,8.206333,19
85704,3.8463333,9
85712,16.647331,32
85736,3.5496671,19
85764,42.49433,33
85780,4.712333,17
85800,8.201334,24
85808,0.849,7
85812,3.6239998,12
85820,-0.9816666,5
85828,26.318333,5
85832,1.2450001,5
85848,-4.1283336,5
85864,2.1836667,11
85892,19.419668,39
85892,25.265667,7
85952,5.331666,15
85952,25.565332,26
85952,2.9416666,15
85972,2.3749998,5
85976,1.4253335,6
85984,25.366001,38
86004,4.897666,13
86004,0.33233333,7
86008,5.1196666,9
86024,26.545,5
86032,1.6073326,12
86076,11.492334,17
86092,8.455,15
86136,32.957,11
86156,9.519332,38
86180,5.3303337,11
86204,14.390667,32
86228,31.343664,51
86336,3.5676672,33
86344,17.760336,41
86356,3.948333,5
86364,16.101337,34
86380,0.36533332,6
86384,25.631666,5
86400,0.6683332,5
86424,8.736668,20
86428,51.212658,68
86460,4.8716664,15
86460,12.353001,19
86460,1.0996665,9
86480,24.998333,5
86488,2.3056662,7
86488,8.0616665,15
86496,1.5563332,9
86532,1.1163335,9
86560,13.383335,20
86572,33.850334,21
86576,11.570667,22
86596,0.21833324,5
86644,3.6639996,12
86652,9.511,23
86680,28.495667,7
86704,12.564333,43
86736,22.740335,41
86756,0.42166662,5
86768,11.520666,22
86784,4.512334,7
86792,18.342337,37
86804,0.6616667,5
86872,22.763998,42
86876,4.586,18
86892,8.458331,25
86908,28.582666,8
86920,1.3223333,7
86944,28.638666,6
86964,25.825,5
86964,27.123001,49
86968,12.221334,24
87004,22.48134,24
87004,5.699666,9
87024,-1.1783335,5
87052,4.3206673,12
87072,0.1273334,12
87088,-0.8103332,9
87124,6.369666,9
87124,22.96,40
87156,0.069333315,8
87188,-0.8473333,8
87224,5.1530004,9
87228,34.77866,66
87256,1.5090003,7
87268,14.806334,49
87288,12.940334,41
87328,33.261665,15
87348,5.001667,5
87372,9.717002,21
87392,-1.0449998,5
87412,3.0783334,5
87444,68.70833,55
87444,3.5480003,24
87464,-0.46833336,5
87468,-0.52466655,6
87484,25.31233,57
87504,26.411667,5
87548,29.601334,34
87580,16.586332,29
87584,28.413,9
87608,2.6523333,7
87676,11.075666,17
87692,44.088657,56
87700,17.629665,29
87720,26.371666,5
87736,5.3903337,11
87736,9.254999,15
87752,33.607338,62
87768,10.630667,12
87772,2.4596667,9
87780,29.717,11
87788,26.558334,5
87800,6.699,7
87820,6.5590005,17
87836,1.6673335,12
87884,5.034,12
87884,29.468666,16
87956,9.412668,18
87992,4.6029997,9
88004,20.693333,30
88012,33.767666,53
88032,2.3456664,7
88048,1.053,9
88068,3.9263334,9
88084,58.991997,76
88116,2.9273334,12
88132,8.727335,12
88192,33.433,19
88192,35.765,15
88216,25.631998,56
88236,10.3636675,11
88240,56.702667,48
88240,1.292,6
88256,-1.7783334,5
88272,11.183336,20
88276,2.7549999,5
88280,3.9100008,10
88300,0.46166658,5
88344,1.7556666,17
88352,9.006668,20
88356,14.103,29
88376,1.8016666,5
88400,8.098332,25
88428,29.315666,7
88432,8.494666,14
88468,2.4496665,9
88488,2.808333,5
88496,8.499001,17
88516,49.48433,43
88524,2.429,7
88568,5.270334,11
88632,16.035336,36
88664,18.312332,37
88684,-1.8116667,5
88696,23.067333,32
88724,26.112333,7
88728,5.0236664,11
88772,32.131668,35
88784,2.1613338,14
88792,41.676666,110
88796,4.625334,6
88836,31.590332,11
88844,18.71667,30
88880,0.47633338,9
88900,1.9616668,5
88928,14.694335,23
88944,2.933666,11
88952,27.299665,39
88956,1.4989998,7
88976,26.105999,48
88988,8.176,8
89008,11.334668,14
89008,5.5216665,5
89028,6.181,13
89048,7.245336,26
89056,-1.8176666,7
89068,-1.5816665,15
89100,4.137,11
89104,29.478,14
89108,11.916668,10
89112,5.3353333,26
89132,5.638667,6
89140,3.9889998,7
89168,3.6089995,17
89176,8.495999,18
89192,2.2220001,6
89196,1.3419999,16
89264,21.436996,31
89300,20.086994,31
89320,5.3283334,5
89344,44.325996,38
89380,2.1696665,9
89396,14.699668,19
89400,4.2383337,5
89412,17.922333,37
89456,1.6450005,15
89456,3.1513336,14
89480,27.050337,71
89500,0.23166668,5
89500,4.290333,11
89508,34.177666,13
89528,25.418999,7
89540,14.557335,32
89540,28.099998,10
89564,7.518,14
89584,-1.315,5
89596,6.732334,17
89616,4.786334,19
89632,8.226333,9
89668,1.703,9
89668,12.307668,13
89696,-4.461,7
89732,0.9719998,16
89756,5.5683336,15
89776,-0.5783334,5
89816,0.84333324,10
89832,32.93066,62
89832,15.708335,25
89836,-2.335,5
89852,3.511667,5
89876,56.224678,84
89880,-3.143,11
89884,1.3193336,8
89904,-0.047999978,6
89924,-1.155,5
89932,3.9746664,14
89996,12.842668,18
90036,19.510328,51
90056,19.731003,43
90092,18.227999,24
90100,21.880665,42
90160,14.413668,31
90164,5.352,16
90204,4.613667,11
90240,1.7363336,9
90256,36.57666,50
90264,50.497665,43
90276,7.0996666,9
90292,-3.5803332,9
90296,24.825,5
90296,21.82767,33
90324,-0.9543333,7
90332,30.086332,9
90352,-1.0516667,5
90360,5.932999,9
90376,15.696,28
90400,2.342,6
90428,26.322334,7
90464,0.052999973,9
90464,29.694332,43
90492,25.949,7
90496,15.145335,36
90504,23.37533,36
90580,16.863003,29
90592,22.364668,24
90620,3.1290002,7
90628,23.438002,34
90688,15.159002,27
90704,14.047,21
90724,0.30166674,5
90748,31.235,15
90784,16.718332,15
90796,11.964,12
90948,19.850336,41
90948,8.722668,38
90980,-0.37733316,8
91020,71.89266,98
91028,39.583336,20
91048,30.258999,7
91076,27.175667,7
91080,16.93167,25
91096,12.112335,17
91100,-0.24499989,5
91128,3.3356667,7
91132,60.302315,157
91132,6.6229997,9
91164,0.5663334,9
91200,3.4729996,9
91224,1.8586665,6
91252,16.89,30
91264,20.459003,47
91272,1.8449998,5
91356,42.09433,33
91380,-0.13133335,6
91428,33.460667,12
91432,54.344,42
91436,41.687004,41
91460,-0.020999908,7
91496,1.0596669,9
91512,48.565006,95
91532,25.898333,5
91572,21.934671,34
91604,20.78567,27
91616,9.407,11
91640,5.3623333,27
91660,-0.24166656,5
91688,11.8826685,18
91700,8.051333,24
91704,2.5336666,11
91712,47.566998,71
91764,4.9143333,13
91800,12.015001,25
91816,15.829334,28
91820,2.0316668,5
91872,34.448,14
91900,50.46099,53
91904,2.5193331,8
91920,2.9483333,5
91924,3.0349998,5
91924,24.543333,40
91940,25.673334,30
91944,26.331667,5
91964,5.760333,11
91976,9.364334,13
91996,24.851665,5
92028,11.433665,21
92048,-4.9016666,5
92068,7.8086686,26
92088,5.493334,10
92104,10.743666,41
92132,44.928,34
92144,11.858,14
92164,20.731335,24
92168,1.802,6
92180,5.1940002,12
92216,0.86633337,9
92240,35.85267,18
92280,5.275333,16
92292,21.720663,32
92308,4.069,7
92328,0.57166684,5
92348,33.334667,14
92384,0.8696667,9
92392,5.215333,16
92408,1.6153336,6
92416,8.141336,44
92428,-0.5383333,5
92476,52.347664,93
92476,6.8650002,15
92500,0.42533326,6
92508,11.8896675,29
92536,4.8296666,9
92544,8.906333,29
92552,7.853667,11
92572,-0.66433334,7
92576,22.798334,25
92616,3.4499996,10
92628,7.454666,14
92640,0.95866704,6
92656,2.845667,7
92660,3.4049997,5
92672,15.736668,30
92680,24.904999,5
92696,8.256666,40
92732,8.508334,15
92736,36.113335,20
92752,6.332667,18
92768,0.27633327,9
92772,26.118334,5
92780,7.480333,21
92792,2.3016665,5
92792,-2.2680001,6
92808,1.8589997,7
92828,9.041,23
92828,-0.10366678,9
92856,3.2256668,7
92868,1.9630002,19
92888,0.20599985,8
92916,30.629002,7
92924,6.4080005,14
92976,44.152336,37
92980,33.954666,14
92988,3.876,18
93000,0.865,5
93008,0.79833317,5
93040,74.57266,58
93076,2.9996665,9
93116,45.951664,35
93164,47.217,41
93176,29.537336,42
93192,2.972333,7
93196,12.766667,30
93212,24.404999,5
93268,8.802666,18
93288,25.424332,43
93304,3.5596666,9
93328,30.572664,38
93340,7.587668,13
93340,0.45966673,9
93352,12.8116665,35
93392,8.091,13
93400,10.329333,18
93440,14.805003,25
93472,6.589333,18
93484,18.227663,33
93484,12.387669,23
93492,-1.5916668,5
93504,26.045,5
93520,0.849,7
93524,35.130333,21
93528,2.4570007,11
93544,1.885,5
93556,3.9789996,7
93572,40.622334,17
93600,9.693666,11
93628,0.27566648,7
93640,18.933336,30
93644,40.365997,18
93648,3.385,5
93664,2.9150002,5
93668,2.9183335,5
93672,-0.4506668,8
93684,19.391666,35
93692,2.5316665,5
93700,2.182667,8
93708,0.41033304,11
93720,0.63233316,7
93760,35.504333,13
93772,8.4939995,22
93788,2.0356665,7
93808,7.5496664,9
93812,35.64267,28
93844,0.07633352,9
93860,6.8093333,18
93896,5.5869994,21
93920,1.9383329,15
93940,8.627001,11
93956,-2.3636665,9
94016,9.751666,15
94020,24.754665,44
94032,37.95934,78
94044,2.8056667,7
94060,26.559,7
94088,41.455666,17
94092,-1.1606667,8
94100,2.5646667,14
94112,2.165,5
94136,26.385334,6
94144,8.581333,14
94156,28.921335,54
94168,40.899002,17
94176,25.565,5
94200,2.0026667,8
94212,5.7029996,9
94240,2.2289999,7
94244,5.223667,11
94264,-2.8213334,6
94268,44.83767,33
94292,27.225666,7
94296,2.079,7
94296,8.844334,13
94320,1.5689999,7
94360,11.8220005,16
94384,7.215334,16
94392,37.117332,62
94392,14.378003,24
94404,1.6049999,5
94440,2.8096666,9
94444,3.4009998,13
94456,6.1120005,16
94460,17.181665,25
94468,-1.971,7
94476,1.8926663,8
94488,-1.7683334,5
94528,5.194333,13
94560,23.238667,26
94564,10.286335,19
94568,8.535666,27
94572,30.857,11
94588,2.5823333,7
94632,-1.033,11
94648,12.870335,21
94668,1.793,9
94680,8.829333,8
94680,9.646,28
94716,0.753,9
94732,22.520002,40
94744,30.468998,7
94764,16.931334,24
94784,17.885332,26
94788,33.208,14
94792,-1.0743334,7
94820,9.759666,19
94844,2.7680001,14
94868,0.5253335,6
94880,31.061666,15
94920,5.9700003,10
94932,2.3186662,16
94960,0.6589999,7
94976,18.01933,48
94992,14.542667,18
95000,4.9066668,10
95044,30.443665,11
95064,0.99833345,5
95076,59.857002,71
95092,10.629666,29
95092,11.228333,25
95104,2.5890002,7
95132,4.1499996,10
95136,-2.1573331,8
95184,11.454332,23
95228,4.583667,11
95260,23.897333,32
95304,11.566999,11
95332,17.425669,67
95472,21.450338,61
95512,33.17166,45
95512,6.7033324,10
95564,1.0143332,13
95592,0.85566676,7
95596,50.210987,73
95624,91.007324,122
95644,35.607666,13
95652,3.6289997,7
95652,0.07133317,14
95660,25.382332,37
95668,3.8786674,6
95672,24.798332,5
95688,4.403,9
95692,27.011665,5
95716,3.0023336,7
95744,14.673669,21
95744,-0.28433323,7
95748,11.266667,20
95756,0.30199957,16
95776,5.579,7
95780,5.119667,9
95816,9.058334,15
95828,5.667666,13
95884,6.335333,26
95904,-2.207,19
95912,1.769,7
95948,15.621002,33
95952,45.03733,52
95956,29.697666,13
95976,26.651667,5
95984,-0.49699986,9
95996,30.473667,11
95996,27.471666,5
96012,29.382332,7
96024,3.4056668,7
96044,-1.2449999,5
96052,4.336667,10
96056,24.268667,36
96072,27.822334,7
96088,27.639332,8
96116,3.7623332,7
96116,42.193336,30
96140,25.992,6
96164,8.354,12
96168,21.002998,29
96196,17.827,31
96212,32.709335,18
96232,29.292,16
96232,-2.2816668,5
96252,1.5283333,5
96268,9.968668,26
96284,4.6209993,13
96296,3.6170006,11
96312,2.3356667,7
96320,30.03033,31
96344,0.38933337,8
96348,3.9989998,7
96364,2.2383332,5
96408,2.613667,11
96420,17.853664,31
96424,13.406336,19
96448,-1.0910001,7
96472,29.356998,51
96488,35.858665,16
96492,-0.20966673,21
96496,1.9639997,12
96500,27.389,7
96552,11.027668,13
96632,22.811337,34
96652,1.8916667,5
96652,13.548336,25
96664,25.367666,43
96672,-1.755,5
96692,7.8166666,10
96720,3.0379999,14
96740,6.8840003,12
96764,16.527668,23
96776,3.0863335,9
96780,36.527668,73
96824,4.3869996,11
96824,3.920667,12
96824,35.425003,15
96848,27.505333,6
96868,4.1536665,11
96880,-0.36733317,8
96896,-0.5976666,7
96920,18.663338,50
96932,0.7363334,9
96944,9.376669,30
96960,3.2123337,7
96964,5.050333,11
96984,26.958332,5
97000,0.29666662,10
97004,32.06167,15
97008,2.002,6
97028,4.5219994,6
97032,0.35933328,8
97072,26.312666,48
97096,8.442333,17
97128,14.171333,14
97176,9.876667,20
97240,29.497328,52
97272,25.996,8
97284,9.273,39
97292,3.2450001,5
97292,14.863001,29
97324,-0.31000018,10
97340,9.047334,12
97368,6.7756667,7
97368,35.127,11
97400,-5.1540003,8
97404,13.0060005,28
97420,1.3543332,13
97420,-0.7416667,5
97424,-0.43833327,5
97440,3.2483335,5
97476,35.688,14
97520,40.381332,24
97556,30.003,9
97576,13.578334,25
97596,26.305,5
97656,47.791336,54
97672,39.55967,29
97692,6.699667,9
97720,3.5203333,31
97728,28.099667,9
97756,39.293667,21
97756,3.199,7
97760,136.35272,188
97772,9.967668,13
97800,7.2336674,11
97832,4.579334,8
97884,15.470334,31
97884,22.077332,32
97920,10.239668,9
97948,-0.561,7
97976,21.756998,51
97996,24.851665,5
98008,46.090332,31
98052,3.7036674,11
98092,12.305336,36
98096,46.985332,66
98104,-1.5023332,13
98116,0.79166675,5
98144,32.670998,13
98144,4.6489997,7
98168,9.565333,16
98172,30.282333,7
98180,18.002003,46
98212,2.8700004,10
98244,3.2619998,16
98248,1.263,9
98284,-0.9733333,10
98292,41.09367,31
98328,2.7603335,11
98340,3.7073336,12
98388,8.198334,15
98432,1.4336665,11
98444,77.66833,75
98464,1.1183333,5
98500,7.8163333,9
98504,54.634666,64
98524,-1.175,5
98536,3.2929997,9
98544,17.229336,28
98564,-1.0916668,5
98572,2.5763335,9
98592,1.9449999,5
98636,4.7359996,28
98644,59.22199,76
98644,32.771,13
98664,-2.1183333,5
98704,8.584999,15
98716,14.539337,38
98732,32.562332,17
98736,0.35500002,5
98740,2.4163332,9
98776,6.293667,11
98808,35.109333,18
98812,58.774666,44
98840,16.762,16
98868,17.887333,32
98876,-3.1036665,9
98876,-1.2813332,16
98896,0.4716668,5
98904,31.734667,24
98920,13.787667,13
98984,44.00733,22
99004,12.718333,25
99024,0.48499995,5
99056,29.901665,45
99060,1.2096667,9
99068,9.147001,21
99076,-1.0216666,5
99080,-3.8916667,5
99100,-0.45833325,5
99116,6.8240004,12
99120,2.9716668,5
99136,31.858334,15
99140,2.3783336,5
99160,2.4049997,5
99176,36.941345,64
99204,3.8969998,11
99220,32.433666,11
99232,3.7189999,7
99276,30.618,14
99276,1.4636663,11
99324,41.590664,52
99324,34.86233,47
99328,9.597668,13
99344,0.365,5
99360,5.6363335,9
99404,22.643,19
99448,35.64767,43
99456,-1.3656666,13
99460,21.482996,29
99468,5.568999,27
99476,28.391666,5
99492,1.0219998,6
99524,2.0930002,19
99536,5.3303337,11
99544,-0.45500004,5
99556,28.371666,5
99556,14.534671,24
99560,40.433666,21
99564,0.20166671,5
99576,2.5549998,5
99584,-2.058,6
99596,-0.6216666,5
99604,4.6933336,10
99604,-1.0416666,5
99624,3.248999,7
99624,-0.17833334,5
99632,30.842335,7
99636,10.076667,20
99644,-1.3316667,5
99664,27.985,5
99684,0.78166676,5
99696,7.265,15
99708,6.8463316,19
99732,11.469001,27
99756,0.19066691,12
99764,12.279003,17
99812,8.270668,12
99812,5.240667,32
99824,2.231,23
99832,-0.55499995,5
99868,3.989667,9
99876,3.468667,16
99888,2.1416664,5
99892,8.212335,17
99908,-0.29166663,5
99932,30.173332,10
99940,7.0020003,16
99976,17.165668,17
99976,32.863667,11
99976,29.393,9
99996,26.178333,5
100008,31.867666,63
100044,4.5563335,9
100048,8.134334,13
100052,15.272999,19
100060,34.323666,21
100088,3.7463336,9
100096,1.8563334,9
100104,2.168333,15
100112,6.6786666,6
100120,34.809334,18
100128,-0.16733313,8
100132,26.952332,7
100160,2.4266663,10
100180,3.1709995,13
100184,0.7586665,6
100212,-0.7176665,7
100212,-0.21399975,8
100232,25.404999,5
100260,-0.014333487,7
100264,21.026,38
100300,7.1306663,22
100308,5.223999,12
100328,5.3620005,16
100332,3.449334,8
100340,39.453995,52
100368,28.0,10
100396,5.809,7
100412,6.546,18
100432,3.516333,9
100432,42.68367,31
100444,2.009334,28
100452,1.7316668,5
100460,-0.89433324,7
100480,-1.1283333,5
100504,1.7653332,6
100548,10.707001,11
100560,44.833,29
100580,20.107336,42
100600,26.224998,5
100624,9.786334,19
100632,4.978334,45
100644,5.317,21
100676,14.386335,19
100696,10.611001,13
100708,14.830334,21
100716,35.403664,21
100736,-0.35833332,5
100764,4.7123337,7
100792,40.483,29
100800,2.073,9
100800,11.582003,26
100852,5.1409993,13
100856,12.138996,37
100880,6.283332,20
100940,0.5536666,21
100976,6.383668,31
100976,7.554667,24
100996,28.997,51
101020,10.0703335,11
101044,4.427333,12
101080,6.8819985,26
101112,6.490999,23
101120,4.89,10
101140,18.718002,24
101148,2.8356664,7
101148,62.28399,52
101292,22.928665,36
101324,0.20600009,8
101364,28.544668,54
101364,35.111008,63
101392,5.4789996,7
101396,8.682667,18
101432,16.832333,17
101432,29.847668,73
101440,6.7669997,11
101444,31.321,13
101456,27.078667,6
101468,-1.2403333,9
101476,28.382668,8
101496,6.6080003,14
101496,-0.615,5
101508,13.427667,13
101516,3.287334,12
101528,5.176,8
101532,-1.1836667,9
101536,3.1550002,5
101540,0.025999784,8
101552,-0.85166657,5
101572,3.9236665,11
101628,6.927666,23
101668,12.599668,29
101680,5.474334,13
101704,14.601,33
101716,3.350667,12
101744,0.29566646,7
101788,73.87067,62
101796,42.439667,29
101808,10.272001,16
101816,1.9716667,5
101836,-0.21433342,7
101836,2.6983335,5
101840,17.148003,34
101868,26.932667,8
101884,-3.903,11
101896,20.729002,27
101900,2.799333,8
101900,16.635334,16
101920,-0.5283334,5
101928,-2.7296667,11
101952,-0.35800016,6
101996,6.000333,11
102000,39.776665,20
102020,18.433664,31
102032,8.987666,33
102068,-2.2236667,9
102080,36.96367,21
102084,12.712001,16
102088,12.224001,22
102128,28.18,10
102128,31.923668,11
102140,8.205,15
102180,10.434334,13
102192,34.422,16
102216,27.603,9
102256,5.263334,10
102276,8.460334,21
102304,10.297333,12
102304,30.222334,7
102324,-0.41833335,5
102340,41.272667,68
102344,34.57367,51
102360,0.43633354,9
102364,0.5283332,5
102364,8.928333,15
102368,28.032333,7
102384,3.132,6
102400,3.1996665,9
102412,29.440332,11
102416,2.1543334,13
102420,-0.125,5
102464,7.637001,11
102504,0.103333354,10
102536,19.962667,38
102572,2.8096669,9
102572,21.686666,40
102612,57.246338,49
102640,27.508003,34
102648,32.546333,9
102648,10.393,19
102668,-0.37166667,5
102700,17.594002,32
102736,5.5723333,17
102776,10.788006,34
102780,3.1436667,11
102804,53.719666,39
102824,0.24499989,5
102828,5.0039997,12
102844,1.651667,5
102860,5.5759997,8
102900,9.908001,14
102912,5.561,13
102940,22.696997,41
102940,26.303333,10
102948,0.55633354,9
103104,24.810339,41
103108,44.760666,102
103152,6.097,11
103184,27.65033,61
103196,45.644,62
103236,34.114334,13
103272,44.92,30
103280,55.494667,44
103296,40.798332,25
103300,27.258333,5
103312,3.666667,10
103316,2.5283337,5
103344,-1.301,7
103348,1.0539999,12
103372,0.87900007,7
103376,50.601665,35
103424,2.8643334,13
103428,17.366331,29
103428,6.9443326,13
103448,1.6016667,5
103452,11.925333,26
103456,27.848999,7
103472,-1.1583334,5
103476,0.0783335,5
103496,2.5553336,6
103508,-0.90733325,8
103516,12.821001,23
103584,12.873999,22
103600,17.064337,23
103612,35.334663,24
103640,23.019331,48
103656,5.0203333,11
103668,1.5923336,7
103676,5.2796664,19
103732,56.858994,37
103748,21.664335,23
103748,11.913335,20
103768,6.390999,23
103776,1.8723335,7
103776,7.4489994,7
103792,0.31166673,15
103796,1.645,5
103808,3.236,8
103816,2.3416667,5
103820,27.025665,7
103828,26.771667,5
103844,3.0356665,7
103864,32.503666,11
103896,40.919,17
103908,12.073668,11
103936,21.417336,42
103940,20.214668,24
103956,8.161668,15
103960,5.415,5
103984,1.5223334,7
103992,14.2680025,14
103996,2.4896665,9
104016,25.345,5
104020,1.8590004,7
104080,26.314333,43
104092,6.819334,18
104104,10.010667,22
104132,6.1356664,7
104152,-0.30833337,5
104152,17.662668,18
104180,0.36899972,7
104224,7.9626665,18
104232,14.921668,35
104248,15.022334,17
104248,26.385334,6
104272,4.6499996,10
104324,4.779666,19
104368,1.6169995,11
104376,15.600666,32
104388,0.14166665,5
104396,1.8816669,5
104400,27.533997,32
104432,5.537,11
104432,4.4593334,8
104452,25.765,5
104496,31.523666,11
104504,54.69668,130
104544,11.502335,37
104544,14.516002,28
104572,1.5489991,17
104592,2.3116667,5
104592,10.801333,24
104612,28.178333,5
104640,8.102333,7
104676,28.359667,9
104700,24.876335,39
104728,28.675335,46
104732,23.348331,35
104744,6.252333,17
104752,3.2810001,13
104756,-0.4213333,6
104764,0.07300007,9
104776,4.056,8
104808,2.0470004,11
104816,30.625,15
104828,11.306334,19
104844,-0.5043333,7
104844,-1.2636666,9
104848,-0.37166655,5
104856,6.843333,20
104872,2.1490002,7
104876,1.5626669,8
104896,0.44833332,5
104900,4.3903337,11
104924,2.3630004,19
104952,26.369,7
105008,15.8793335,28
105064,24.397,41
105084,1.2250004,5
105088,44.998,34
105104,-0.26499987,5
105240,14.836004,38
105244,100.55434,93
105268,5.585666,7
105276,14.691003,43
105308,28.76,10
105340,16.262001,16
105388,12.763334,20
105408,-3.5383334,5
105440,28.539663,49
105448,12.225667,27
105468,4.0016665,15
105472,43.38866,116
105520,15.16267,18
105524,40.490334,21
105560,3.1066666,10
105576,3.837666,13
105592,-1.344,8
105596,24.771667,5
105640,35.394337,43
105648,3.151001,13
105660,7.1423335,17
105704,39.67933,58
105716,11.102335,17
105744,3.4356666,7
105772,0.97233355,17
105780,28.946333,9
105784,19.238668,36
105804,2.4926665,8
105836,30.562666,8
105860,58.440002,50
105872,16.370663,22
105884,9.398667,26
105900,-1.1176666,7
105912,-1.1543335,7
105920,26.831667,5
105932,4.9613333,24
105940,8.736666,20
105952,5.2993326,8
105976,3.0030003,9
105992,33.635,15
106052,7.3716683,15
106072,15.099999,30
106092,29.343334,10
106096,20.916666,30
106100,-1.3976667,7
106136,28.437,11
106152,2.631,13
106164,0.74899983,7
106192,8.884668,24
106220,3.1256666,17
106260,9.269,17
106300,6.250001,10
106304,46.586,98
106324,0.29499984,5
106340,2.2466664,10
106352,38.05567,47
106352,1.7323332,7
106356,15.648,34
106396,2.4136667,11
106396,4.783666,11
106404,4.804,12
106416,24.891666,5
106424,42.007,21
106424,0.025000095,5
106444,-0.40433347,7
106460,3.973,9
106492,15.008001,24
106496,8.143002,9
106516,-1.4216669,5
106572,1.2446666,14
106600,14.672336,27
106616,33.382668,48
106620,56.211334,44
106636,-0.34833324,5
106640,2.0949998,5
106644,7.959334,18
106660,-0.93166685,15
106664,1.5816667,5
106676,0.039666533,9
106680,26.485,5
106680,27.817,11
106684,-0.615,5
106708,3.5223331,7
106716,1.5326668,8
106736,28.731667,5
106744,0.73966694,9
106752,10.209667,19
106780,32.363667,11
106784,1.5593338,8
106784,7.5119996,26
106812,3.3526669,8
106820,14.026335,19
106848,39.568665,16
106856,6.0693326,18
106868,1.2249999,5
106876,32.761333,14
106876,-0.3950001,5
106880,4.665668,17
106888,27.851665,5
106900,0.5020001,6
106916,26.943333,10
106920,3.5293334,8
106928,30.055666,7
106944,5.8256664,7
106952,31.949333,8
107064,21.234669,34
107100,3.719667,9
107108,24.980333,41
107128,0.4449997,5
107164,54.893658,71
107168,31.104668,54
107180,12.456667,20
107184,13.371334,14
107188,2.7483335,5
107220,2.9030004,9
107252,5.7926664,18
107264,13.017001,11
107272,0.2583333,5
107324,4.965,15
107328,18.990335,41
107344,26.045,5
107392,8.324001,12
107400,4.219333,18
107420,-0.41499996,5
107424,0.5893333,8
107456,2.1096673,9
107476,1.105,5
107480,5.2179985,14
107528,11.984335,13
107568,0.25733352,22
107596,37.336994,81
107596,-4.2043333,7
107616,1.2916665,5
107644,2.8623333,7
107668,-0.9813334,6
107672,36.686333,19
107712,8.013667,11
107712,69.95033,131
107716,13.735664,47
107740,10.812336,17
107740,0.055666685,7
107776,4.446333,9
107788,13.856003,18
107796,17.593668,21
107808,2.715,5
107808,6.9560003,8
107824,26.669,7
107836,1.2090003,7
107852,3.2656667,7
107876,32.61567,17
107912,28.283,9
107948,24.064,52
107964,5.061,13
107976,26.955666,7
107988,11.846002,38
107996,2.396,8
108004,29.095667,7
108028,1.3899999,10
108040,35.107002,11
108044,1.1426673,48
108096,8.311001,13
108136,13.734669,24
108144,24.43833,35
108148,1.8433332,30
108152,9.5946665,14
108184,6.2130003,9
108220,12.499001,17
108232,36.617332,22
108236,4.881,13
108240,-0.50166667,5
108248,14.409337,28
108280,9.403999,12
108284,3.8563333,9
108316,12.5633335,20
108316,6.1896663,9
108348,4.975333,16
108348,9.769,27
108376,27.745667,7
108388,9.406002,18
108396,2.775,5
108428,36.27,20
108428,1.6760004,8
108448,0.94499993,5
108452,3.6986666,16
108468,0.23166656,5
108472,26.863667,11
108476,43.996666,40
108508,4.5029993,9
108516,31.036667,10
108536,4.2716665,5
108592,42.197,31
108604,12.964666,24
108664,1.5383334,15
108672,48.824997,55
108692,24.985,5
108712,9.241331,44
108716,7.8176665,13
108732,1.2516667,5
108736,27.827,11
108748,25.052996,39
108756,29.724998,5
108768,-1.3783333,5
108768,32.557667,13
108796,4.8719997,16
108820,0.032000065,6
108832,12.515333,16
108896,35.673,19
108900,42.054333,33
108944,14.929335,28
108944,6.2273335,12
109000,42.450333,61
109016,13.822668,18
109020,50.526665,30
109036,30.713001,9
109056,14.259334,28
109060,3.867,11
109064,-0.45433342,7
109096,3.3196664,9
109108,32.894333,13
109116,2.7483335,5
109128,-2.975,5
109180,6.9410014,13
109204,4.3406663,22
109216,13.503002,49
109220,11.186334,39
109228,3.264,12
109232,28.808998,7
109236,4.1049995,5
109248,4.205667,7
109292,9.035,15
109316,34.937332,22
109344,3.2589996,7
109348,2.0446668,14
109408,33.278667,16
109424,5.7963324,19
109428,66.72599,48
109460,3.2393332,8
109480,2.6349998,5
109508,3.5323331,7
109532,18.905664,27
109540,35.881,33
109548,5.0199995,10
109560,33.889328,78
109568,31.339666,9
109576,2.6163335,9
109580,-1.8550001,5
109596,33.097336,12
109604,-0.48033333,9
109616,3.2516668,5
109624,-0.3296666,11
109640,8.088667,16
109644,-0.53499997,5
109648,5.043667,11
109696,5.5143332,13
109724,1.7436666,21
109728,12.856001,28
109740,3.3303332,11
109764,18.656334,29
109764,30.603,9
109788,3.717333,12
109792,-0.15100002,7
109800,3.4363332,9
109812,-0.10166669,5
109828,-0.0776667,7
109844,6.0113335,14
109876,47.78267,38
109896,34.112335,17
109896,4.0983334,5
109900,7.157999,14
109916,25.898333,5
109936,1.1596668,9
109960,17.619001,37
109964,1.6756666,7
109968,3.7976668,13
109996,1.8590002,7
110008,14.382666,28
110016,10.798,14
110028,30.729332,8
110056,5.8806667,12
110088,38.94034,31
110092,11.329668,19
110100,2.3070002,11
110116,11.174004,22
110132,33.807,11
110200,8.565668,27
110228,29.309,7
110248,0.5783334,5
110264,43.667664,33
110276,26.919996,40
110280,53.805,45
110320,1.3203337,11
110324,10.296333,19
110344,-0.6349999,5
110360,4.7513328,24
110364,-2.353,21
110416,6.574333,13
110444,6.875667,7
110476,11.173002,29
110528,41.623997,52
110556,13.396001,28
110564,32.17067,22
110576,48.70933,58
110600,3.823,9
110612,1.8180002,14
110620,-2.0483334,5
110656,42.86067,32
110664,3.5643334,13
110680,7.7383337,15
110692,3.029,7
110692,0.042999983,9
110716,19.671667,35
110716,4.426333,9
110736,-3.6083333,5
110744,28.168999,7
110780,4.7463336,9
110816,-0.41366667,9
110820,42.143665,21
110848,25.062998,39
110868,23.007998,44
110888,2.5283332,5
110900,12.426668,20
110960,2.8393335,18
110984,11.090332,21
111024,12.067998,44
111044,26.838333,5
111068,44.548996,27
111080,0.37300014,9
111104,2.7353332,6
111152,17.260668,42
111160,37.328648,86
111176,1.302,6
111180,2.435,5
111200,20.604332,33
111216,29.833,9
111244,5.363667,11
111260,14.303668,21
111276,7.0183344,15
111284,0.9186666,6
111296,-0.3516667,5
111348,16.125336,26
111364,8.312334,17
111396,1.890667,12
111408,8.167,31
111412,5.234,12
111440,-1.3409998,7
111476,74.30766,93
111484,33.080334,11
111500,14.582001,26
111516,4.719333,8
111540,28.138668,16
111548,8.724,12
111552,50.985336,36
111556,0.35000014,10
111568,8.372334,7
111584,3.2796664,9
111592,1.7296664,9
111620,3.2276666,13
111640,-1.0016665,5
111656,11.602668,18
111668,29.115665,7
111688,19.778004,24
111704,5.246333,9
111708,5.751667,5
111716,6.5116663,15
111724,-0.28166652,5
111788,7.122666,18
111792,3.933666,21
111836,5.4873333,12
111848,2.0113335,14
111864,65.90599,78
111868,26.171665,5
111884,7.744,12
111892,3.3956666,7
111904,-1.1716667,5
111920,3.2656665,7
111948,-0.26633328,11
111960,57.18299,59
111996,30.650665,12
112012,4.681,23
112020,52.056,38
112032,6.055,5
112056,1.783,9
112084,4.894333,13
112084,28.362331,7
112084,38.38067,22
112092,19.737669,33
112104,-2.8083334,5
112112,0.7650001,5
112120,1.1763332,9
112144,-0.0050001144,15
112156,5.5109997,13
112180,11.835667,17
112188,3.2823331,17
112188,36.170334,11
112208,-0.32766676,7
112208,-0.3083334,5
112220,0.8960004,8
112232,3.6229992,19
112248,1.7356665,7
112280,8.942667,18
112328,3.5639994,12
112348,12.118332,25
112356,-3.2376666,7
112416,60.99533,46
112428,7.436,18
112452,13.725336,26
112456,4.969,7
112504,11.531,13
112528,6.476,18
112532,4.0290003,7
112556,39.982323,87
112572,53.663002,39
112576,6.3073335,12
112580,2.2353334,6
112600,1.9620003,6
112616,2.9803336,11
112620,30.386665,10
112632,13.535002,25
112676,30.797,11
112680,16.220001,20
112684,36.929,17
112704,2.2716665,5
112708,0.8723335,7
112716,9.508001,24
112736,28.529,7
112736,13.315002,15
112748,0.727,11
112776,30.18,10
112780,3.2686663,16
112816,34.14633,9
112840,36.161,23
112860,0.38833332,5
112884,22.959,27
112940,25.540333,51
112956,10.906002,18
112960,-0.41500008,5
112988,14.520664,32
113012,2.7576666,13
113032,25.785,5
113060,47.386997,61
113072,12.289668,29
113076,1.8203332,11
113084,10.944666,24
113104,5.4926667,8
113108,5.6340003,12
113112,1.0289998,7
113112,2.8696666,9
113140,30.173,9
113156,6.3106666,12
113180,13.445667,17
113188,4.7229996,19
113204,10.024,12
113208,0.589,7
113232,-0.29433346,7
113252,1.6516666,5
113256,2.7623336,17
113320,30.179,17
113320,22.296001,28
113348,1.8956665,7
113376,37.017998,14
113400,49.388668,36
113408,4.4859996,8
113416,67.223,69
113448,28.74,10
113452,11.281002,13
113480,1.1323334,7
113524,2.867,11
113528,17.158335,45
113544,9.964666,24
113556,27.495667,7
113576,12.370998,13
113584,3.595667,7
113592,24.344673,44
113612,0.30166674,5
113648,13.026002,18
113652,18.848999,27
113676,3.8056662,7
113724,17.698334,35
113728,8.622999,19
113732,14.240002,30
113756,10.032667,8
113804,35.74967,19
113852,1.6706666,12
113860,44.01867,46
113860,41.518665,26
113872,26.178333,5
113872,18.444996,35
113908,3.8539996,12
113928,8.678999,17
113936,0.8690001,7
113936,2.4286668,16
113952,2.952,6
113956,26.298332,5
113984,12.470668,12
113988,13.266335,29
114008,2.1553333,6
114008,2.0583334,5
114008,34.627666,13
114028,4.9063325,19
114028,27.938334,5
114044,1.1796665,9
114048,27.904999,5
114064,27.851665,5
114068,3.735,5
114092,7.277001,21
114100,9.806,18
114112,1.3550003,5
114120,8.884666,14
114136,10.575668,17
114156,32.367,11
114176,6.2829995,19
114204,6.090334,21
114220,11.910334,11
114232,0.92233336,7
114236,6.480001,20
114260,2.0966668,10
114288,2.9023333,7
114296,10.375001,15
114300,16.433664,41
114340,5.944333,13
114344,3.5506663,12
114368,-1.5743333,7
114372,47.128326,35
114372,26.635666,7
114384,3.7136662,21
114392,0.06533337,6
114396,0.9353334,6
114412,0.19899988,7
114412,5.195,5
114416,-0.5150001,5
114460,4.7373333,12
114496,11.780334,21
114520,-0.4680001,6
114540,6.3633337,20
114588,33.078007,54
114600,37.56167,15
114628,42.86567,27
114632,4.9970007,11
114640,29.646667,10
114652,37.576336,59
114660,4.739,7
114680,0.07566662,7
114688,6.921667,15
114696,30.831333,14
114712,4.7243333,13
114712,-0.12400031,8
114716,-0.885,5
114768,5.138,14
114772,8.721667,15
114784,14.492332,17
114832,8.628664,36
114848,13.573336,20
114852,-0.5816667,5
114892,19.519999,30
114912,32.625336,16
114920,13.022334,17
114920,1.8456669,7
114940,21.41967,39
114948,3.0689998,7
114952,27.082666,8
114984,28.369667,9
114988,4.266333,9
115000,8.785001,15
115008,11.984669,24
115040,2.2633333,10
115044,6.6080003,14
115048,35.735336,16
115064,0.49166667,5
115068,-0.5076667,7
115092,29.395666,7
115108,3.3083334,15
115124,8.004667,14
115124,2.5030003,29
115136,4.6589994,7
115176,2.4676666,13
115200,7.685665,27
115228,43.70433,23
115236,28.709667,9
115256,2.1323333,7
115260,1.5220001,6
115264,8.410666,22
115284,22.2,40
115288,-1.8876667,7
115300,4.097,11
115336,6.1243334,13
115368,8.185335,26
115380,2.0536666,11
115396,14.729,27
115400,1.2749999,5
115416,0.53166676,5
115424,12.128001,14
115432,11.564333,33
115476,8.899668,19
115484,33.198997,17
115488,4.067999,14
115512,1.6123333,7
115512,0.35066685,22
115532,3.858333,5
115544,9.942334,17
115572,2.939,7
115604,21.88433,23
115620,10.7439995,22
115640,1.1716666,5
115656,1.827667,13
115660,7.6573334,22
115684,1.4223332,7
115692,5.064333,13
115704,3.8150003,5
115708,6.720667,12
115736,2.9156666,7
115772,2.7363334,9
115772,6.636665,20
115816,0.3903333,11
115860,-0.37633324,11
115872,18.053999,42
115892,2.2483335,5
115908,5.564,12
115936,4.1423335,7
115992,6.401666,25
115996,32.335,15
116020,47.63066,62
116040,27.058334,5
116072,4.709333,8
116084,2.6940002,22
116100,1.6223332,7
116112,28.729,7
116128,95.50333,160
116156,51.12033,41
116168,8.391333,14
116188,25.925,5
116192,20.774332,23
116216,9.971666,15
116220,-1.5376667,7
116224,-0.013666391,9
116244,1.1850002,5
116260,19.947668,33
116260,0.81033313,11
116268,30.424,12
116272,-0.024333477,7
116288,-1.6043334,7
116296,29.002335,7
116300,1.79,10
116332,-3.5196667,11
116344,9.583667,11
116368,-0.6379999,6
116372,5.553,19
116376,19.321999,26
116396,10.515334,16
116408,3.9796665,9
116436,12.879001,17
116500,13.021002,23
116500,9.1570015,31
116504,14.082334,27
116540,1.543334,10
116564,13.018334,15
116564,23.487331,32
116564,5.6386666,16
116592,1.3356665,7
116604,30.886667,10
116612,4.107333,12
116624,18.743668,21
116644,26.438334,5
116668,12.1396675,19
116712,15.212335,27
116716,15.082004,26
116732,38.173996,22
116736,-0.2579999,6
116736,0.43500006,5
116776,4.34,10
116792,3.0146666,14
116796,-0.8116665,5
116800,10.609,17
116824,3.6489997,7
116848,8.271336,14
116848,6.254,12
116852,18.315329,46
116888,29.236668,10
116896,1.1703328,11
116904,6.286668,20
116916,25.791666,5
116932,27.229,7
116940,-0.548,6
116952,1.8650001,5
116968,2.6823335,7
116996,1.1636667,11
117004,5.4896665,9
117016,3.225,5
117040,18.172668,38
117048,0.88933325,8
117060,-2.6316667,5
117080,-1.1040001,8
117096,48.027325,62
117108,5.187333,12
117116,41.936,28
117132,5.696333,9
117132,0.8609998,13
117140,3.5560002,8
117152,27.645,5
117156,2.23,10
117164,2.8086667,6
117184,28.222668,8
117200,27.752998,9
117204,26.551666,5
117220,2.0983334,5
117248,39.263,29
117256,28.849667,9
117276,10.069334,18
117280,-3.5906665,8
117296,27.131666,5
117300,-0.2316668,5
117328,6.0056667,7
117352,37.366333,49
117372,25.291666,5
117376,10.546668,20
117440,11.512334,17
117468,51.787666,53
117532,48.183,39
117560,34.526,58
117564,16.943663,31
117568,32.64633,9
117588,27.918333,5
117600,38.934334,33
117604,0.29033327,11
117620,-2.9616666,5
117628,0.44533348,6
117632,6.8990006,17
117696,36.229004,17
117712,37.870003,20
117736,12.966334,29
117752,3.7400002,10
117776,17.255667,47
117800,18.778667,26
117804,7.3556666,17
117828,3.0696664,19
117828,3.8419998,6
117852,2.6843333,13
117856,6.4256663,7
117880,3.5243337,13
117892,4.103,9
117900,0.43499994,5
117928,0.8263333,9
117956,9.298669,26
117988,2.1883337,15
118008,39.362335,27
118020,2.9053333,16
118020,6.1626663,8
118036,0.47566652,7
118088,9.052334,17
118116,27.075666,7
118168,11.620999,33
118184,10.445667,17
118240,65.49165,55
118264,20.671335,24
118264,15.48667,20
118272,77.437996,124
118280,9.823334,10
118308,5.6070004,11
118308,2.0796664,9
118312,7.1926665,8
118360,38.248,24
118368,30.691666,15
118372,6.021999,16
118392,0.5593333,8
118408,4.4596663,9
118416,3.3473332,12
118420,4.0056667,7
118432,16.746668,30
118440,7.836,8
118468,-0.40433323,7
118480,12.025002,15
118520,7.1273317,22
118524,29.460335,11
118536,11.843333,30
118544,27.418333,5
118556,9.964001,22
118556,-2.6816666,5
118564,1.0016667,5
118600,33.46367,11
118612,5.241333,14
118632,6.7726665,8
118664,6.181,13
118684,15.890336,41
118688,-0.79199994,14
118692,12.174004,32
118700,2.013,9
118724,2.8826666,8
118744,33.387,11
118756,14.652333,17
118772,3.2606664,12
118804,11.763331,30
118812,7.4300003,10
118824,7.2023335,17
118840,1.1096666,9
118844,27.145,5
118848,34.248665,26
118884,9.539335,18
118892,31.694334,13
118916,34.535667,17
118928,1.1436667,11
118928,7.649667,9
118972,27.96733,32
119000,3.4056664,7
119016,4.673999,22
119024,9.574669,24
119028,27.615665,7
119052,3.0863335,9
119064,30.623,9
119076,0.5576668,13
119084,2.366,8
119104,36.779,47
119108,26.609333,8
119152,3.3273332,12
119188,27.896334,9
119212,25.411999,6
119248,29.078663,46
119256,56.63434,43
119276,1.2249999,5
119280,-0.3576665,17
119300,3.751,13
119320,4.4203334,11
119368,5.8756666,17
119400,19.32333,30
119420,4.6576667,13
119444,14.230336,31
119452,7.351001,13
119480,26.139,7
119480,32.925,15
119500,56.822666,98
119516,3.9996665,9
119516,6.079666,9
119524,38.886665,20
119548,-0.34266663,12
119560,6.049666,9
119576,2.1956668,7
119600,47.977,21
119612,16.781334,24
119660,8.625,15
119664,14.344001,22
119668,5.1346674,14
119692,4.3489995,7
119704,29.173668,11
119720,20.713335,40
119732,10.246667,10
119772,27.374332,13
119776,38.769,27
119776,-3.2596667,11
119860,41.427338,22
119860,4.213666,21
119880,1.8316667,5
119904,-0.9646666,6
119920,29.148005,54
119940,1.7796668,9
119984,13.937002,31
119996,6.281333,14
120004,2.2350001,5
120024,64.18734,62
120032,1.569,7
120040,0.6270001,11
120040,-8.08,30
120060,29.078333,5
120088,26.115667,7
120204,51.163002,29
120220,54.749664,49
120232,56.052666,48
120232,2.749,7
120260,4.7790003,7
120260,4.8256664,7
120280,0.46833324,5
120280,37.05733,62
120324,0.7503331,11
120348,18.414,32
120388,23.190668,32
120432,3.3136666,11
120464,22.372004,46
120476,8.902667,38
120504,14.966336,39
120528,8.311,13
120548,0.22166681,5
120576,13.276001,18
120576,5.1923337,7
120604,28.602333,7
120620,21.252333,47
120628,26.212,6
120676,5.804,12
120692,16.092667,18
120744,6.0143332,13
120744,58.57667,70
120768,36.306004,48
120768,4.378667,6
120796,26.369,7
120836,8.229,17
120884,9.927334,22
120888,18.612007,36
120932,5.690667,12
120952,1.5983334,5
120956,36.329998,30
120988,1.2163335,9
121008,44.43667,30
121064,7.5646663,14
121116,44.873997,32
121148,114.12931,118
121172,40.194668,54
121192,8.590666,32
121204,2.232667,8
121224,14.549666,19
121252,2.247333,12
121256,25.265,35
121336,7.2566676,20
121372,52.348328,45
121372,15.3723345,37
121388,35.661,13
121408,28.083,9
121412,29.933332,10
121432,26.505,5
121452,1.4536666,11
121460,33.889336,18
121468,-1.1836667,9
121480,0.44833326,5
121496,0.38233328,7
121500,-1.385,5
121548,59.834663,74
121552,5.687667,13
121556,14.085001,15
121584,0.113000035,9
121584,-1.3743334,7
121600,16.295666,37
121648,6.6519995,16
121676,26.289,7
121676,42.320335,31
121704,2.4889998,7
121716,12.5076685,33
121732,3.9723332,7
121744,0.82566667,7
121760,8.283667,21
121792,4.204,12
121796,14.345335,16
121808,42.330658,52
121820,2.8189998,7
121844,1.2763332,9
121844,5.167,21
121856,1.4916673,15
121872,3.6323333,7
121892,32.557335,12
121908,6.153,9
121928,15.585668,27
121932,1.4133332,10
121944,3.613,9
121964,-1.215,5
122052,40.656334,49
122072,1.0716667,5
122092,-3.5083332,5
122124,7.792667,8
122152,-0.46433342,7
122200,-5.877333,68
122228,3.0323334,7
122236,45.186005,68
122248,-1.1550001,5
122256,32.200333,81
122256,1.835,5
122276,1.4916667,5
122284,0.95633346,9
122304,3.848333,5
122324,34.375668,17
122324,30.377665,43
122332,1.6023335,7
122336,7.205001,15
122364,0.31566668,7
122368,32.30367,11
122368,31.017,11
122408,11.106667,10
122420,10.314334,13
122428,2.715,5
122444,39.33667,20
122444,1.4386668,6
122472,4.002333,7
122472,26.764997,35
122484,5.113333,10
122484,30.317999,14
122508,-0.42699993,9
122508,26.266333,9
122508,0.61199987,6
122540,7.039333,8
122544,5.7629995,9
122568,6.3716674,15
122580,12.3880005,24
122608,1.4656668,7
122656,19.882668,28
122660,7.5443335,13
122696,32.283333,10
122700,12.35767,33
122704,15.490335,41
122716,36.961334,14
122732,3.0623336,7
122760,9.238334,15
122760,7.999,7
122776,7.849998,20
122780,13.185333,16
122780,-0.9183334,5
122816,3.104667,14
122848,38.385666,17
122860,7.4036665,11
122868,12.477665,23
122868,0.95833325,5
122912,2.4603333,11
122932,27.125,5
122932,18.888668,16
122976,30.953667,11
122980,14.260001,30
122988,34.310673,52
123004,4.2493334,18
123008,-0.40733325,8
123032,32.003666,11
123052,4.4750004,5
123068,43.030663,22
123072,0.48833334,5
123100,8.5146675,24
123120,4.588333,5
123136,9.149,17
123140,29.431667,5
123144,27.571333,34
123164,-0.92466664,6
123172,-0.48100007,7
123176,-0.42666674,10
123176,14.585334,26
123184,2.2416668,5
123220,2.9803333,11
123236,7.0553346,16
123264,29.867,11
123292,1.4223335,7
123312,26.491667,5
123348,27.346333,9
123364,29.095001,45
123368,-0.008333445,5
123368,31.20933,48
123384,5.479,37
123388,2.9816666,5
123404,25.378334,5
123408,1.125,5
123424,6.891666,15
123428,2.4883332,5
123436,29.842333,17
123444,25.691666,5
123448,28.433666,11
123484,29.563,9
123524,4.793333,10
123544,15.098332,25
123560,2.1563332,9
123584,25.732,6
123604,20.757334,42
123608,21.175001,45
123636,13.4609995,23
123644,5.516667,10
123680,30.940334,11
123680,15.026003,18
123680,5.326333,9
123692,24.352331,27
123704,-0.96800005,6
123736,9.841333,14
123756,0.9283333,5
123760,40.369,17
123784,12.400002,20
123788,-5.0509996,7
123836,42.006668,20
123840,8.551333,14
123844,5.1513343,14
123844,28.06367,41
123868,-0.2776667,7
123872,4.629667,9
123892,4.014,12
123916,7.1493344,18
123916,8.594,12
123932,7.145,15
123936,3.9503338,11
123960,6.467,11
124016,9.331334,14
124056,15.743336,30
124092,23.279999,40
124112,3.6916668,5
124152,31.083,59
124168,28.752666,38
124176,29.365334,16
124252,29.723001,49
124256,9.810001,20
124264,13.089335,28
124276,0.21833348,5
124296,1.4383333,5
124300,22.817665,33
124312,5.4849997,15
124332,-0.23500013,5
124352,6.3243337,13
124356,-0.5613333,6
124368,42.715332,26
124376,25.925,5
124396,5.713666,11
124420,4.4243326,13
124444,-2.414667,6
124456,29.429995,40
124464,0.09166646,5
124492,30.869,7
124516,7.465001,15
124560,20.570335,41
124568,29.299337,48
124584,41.86567,17
124600,20.83233,27
124620,31.391666,15
124644,33.630333,11
124684,19.91633,29
124688,12.188668,26
124760,28.904997,35
124812,20.267332,42
124812,18.777,31
124820,7.721667,15
124832,3.3149998,5
124840,1.6356665,7
124864,55.875,45
124900,39.06333,20
124904,1.62,10
124912,6.6393337,18
124924,5.321667,5
124936,12.182002,26
124980,34.632336,17
124984,7.5483336,15
125020,2.633,9
125036,6.688,14
125040,2.4483333,5
125040,14.428669,26
125072,17.954336,43
125088,5.360667,12
125100,2.0123334,7
125120,0.3916666,5
125148,15.472333,27
125152,1.8493335,8
125172,9.207001,21
125196,-0.9446666,6
125216,59.361664,45
125220,8.985665,17
125224,31.575668,7
125248,2.1723332,7
125264,14.856333,29
125296,11.529999,20
125316,27.931667,5
125332,8.260334,21
125368,6.634333,13
125368,2.5296667,9
125372,13.702335,27
125408,-1.9236667,9
125412,5.9069996,11
125440,8.162668,18
125464,4.8476663,13
125468,9.445,15
125480,29.880001,10
125508,1.6203333,11
125516,3.6596665,9
125536,-0.41166663,5
125536,55.55266,78
125568,38.765,25
125600,7.0453334,16
125600,4.672,16
125612,11.620334,11
125628,26.715668,7
125676,5.2406664,12
125688,13.093001,19
125692,40.751,23
125704,6.382333,7
125712,5.0750003,5
125760,6.509333,18
125764,28.907667,13
125788,35.99334,70
125788,6.079,7
125792,8.430666,22
125804,7.5666666,10
125808,25.805,5
125832,30.723667,11
125848,29.773333,10
125852,11.777333,12
125868,1.4563335,9
125876,3.1156669,7
125896,1.5456668,7
125916,26.918333,5
125944,19.042664,38
125944,2.199,7
125984,14.5076685,33
125996,9.697667,13
126016,-1.3950002,5
126036,7.091,13
126044,27.282333,7
126076,-0.92666674,10
126104,0.5823333,7
126112,21.314001,42
126120,6.939667,19
126140,6.5996666,9
126140,0.20499992,5
126180,4.4423337,17
126188,3.8073328,12
126208,-0.5416665,5
126220,9.4366665,20
126240,0.009333253,8
126260,32.236668,10
126284,25.315334,26
126284,32.123665,11
126320,4.746333,9
126336,69.641655,115
126352,3.6959996,8
126368,31.243668,21
126372,2.4496665,9
126376,11.213001,29
126396,1.697,11
126400,5.2223325,7
126408,0.3793335,8
126416,0.10833335,5
126420,6.041,13
126444,3.3919997,6
126456,9.300001,10
126456,34.704,12
126488,5.280333,11
126500,6.1103325,11
126508,1.0416667,5
126528,2.6216667,5
126536,5.703001,9
126556,6.8456674,7
126596,52.046333,49
126600,1.8269997,11
126632,4.6063333,9
126652,3.6316671,5
126672,59.554657,54
126700,28.475666,7
126720,36.739002,17
126720,28.591667,5
126748,0.14899993,7
126768,28.451668,5
126784,9.238667,16
126816,10.904001,12
126816,28.342667,8
126836,3.0216668,5
126844,1.0123334,7
126856,-0.31499994,5
126868,28.192333,67
126904,39.924,92
126908,4.34,10
126928,6.2726665,18
126996,21.769335,38
127032,15.903999,32
127040,8.973667,11
127060,-2.5983334,5
127084,27.36967,39
127100,5.332333,17
127100,56.71933,48
127120,3.6149993,15
127136,8.567668,13
127176,37.501335,14
127188,45.230663,22
127196,1.5450002,5
127220,2.9959998,8
127224,27.742332,7
127244,0.004999876,5
127252,3.9593332,8
127252,19.703,29
127268,46.20067,42
127280,29.562332,7
127288,4.947,11
127328,9.153002,19
127340,9.098333,15
127348,7.111666,15
127368,1.7200005,10
127380,1.3866664,10
127396,0.032333374,7
127400,5.915,5
127420,25.791666,5
127496,23.098333,25
127516,34.217335,62
127516,9.074666,24
127520,10.537668,43
127536,2.2216666,5
127572,30.853,9
127580,13.098669,16
127596,9.468335,25
127624,33.751,13
127652,5.439,7
127652,45.074333,33
127656,9.523,19
127680,7.283667,21
127740,13.003667,21
127764,13.997004,21
127768,43.146336,29
127784,27.997,11
127788,1.7750001,5
127800,1.4196668,9
127836,41.52866,46
127848,28.850666,12
127868,0.6450002,5
127868,13.207002,21
127916,21.360666,32
127940,2.496,18
127984,11.129667,29
127996,9.009999,20
128004,3.0116668,5
128032,0.87899995,7
128032,9.584333,23
128048,8.837667,13
128052,26.125,5
128052,3.1983333,5
128068,3.035,5
128076,2.1353333,6
128088,34.337666,63
128108,25.691666,5
128128,2.2149997,5
128136,32.208336,15
128172,19.112003,26
128180,30.773666,11
128216,27.89367,41
128264,7.3973336,12
128264,20.518003,34
128264,12.611,23
128284,0.5083333,5
128312,1.8606669,12
128336,8.704332,13
128340,9.619668,19
128356,2.4169998,11
128364,26.478664,46
128384,5.2140007,12
128396,6.512667,8
128416,3.025,5
128440,45.743668,21
128452,9.166004,28
128456,5.7493334,18
128472,-0.985,5
128492,0.8063333,9
128496,4.376666,20
128512,37.909332,18
128532,1.1683333,5
128536,13.475335,16
128564,27.965668,7
128568,4.163,19
128584,0.635,5
128604,14.982335,27
128628,9.171333,24
128652,37.77367,21
128672,24.365,5
128672,4.0969996,11
128692,1.7883335,5
128704,46.10333,30
128712,-0.15166688,5
128732,1.8723333,7
128752,2.6616669,5
128764,29.427666,13
128780,-1.1676668,7
128824,35.024998,55
128852,11.386002,18
128860,11.3446665,24
128868,67.32966,49
128884,3.9286668,6
128896,29.465668,7
128920,2.8896666,9
128920,37.672333,17
128956,0.8629999,9
128964,-0.9943335,17
129000,30.260334,11
129008,36.723667,11
129060,10.098334,15
129092,36.090332,21
129096,45.952656,68
129120,4.259,7
129120,10.7316675,15
129124,31.102333,7
129136,52.281334,54
129140,26.165,5
129160,0.21499991,5
129164,-0.7010002,7
129224,-3.8183334,15
129288,25.710665,42
129300,25.818,44
129316,10.694334,23
129324,6.966334,9
129336,0.07833314,5
129340,19.885,45
129348,32.604,12
129364,1.5956666,7
129432,13.175667,27
129440,17.148333,25
129460,5.9483333,5
129488,3.3723333,7
129508,-2.2116666,5
129528,17.247002,41
129564,0.58133364,14
129568,2.0933337,10
129580,27.652668,58
129584,-0.35833335,5
129604,10.209667,9
129616,0.19633353,9
129620,3.1230001,9
129632,52.86666,50
129636,28.995998,8
129648,2.6956666,7
129668,0.6196666,9
129696,3.8456664,7
129704,37.622337,17
129708,19.121,23
129732,38.580338,21
129756,4.0950003,15
129760,5.7309995,13
129776,3.9416661,5
129788,28.342333,7
129804,43.295002,25
129804,1.3656665,7
129844,-1.8866667,10
129848,9.575001,15
129892,15.440667,22
129908,6.088334,15
129920,34.799667,19
129928,1.1796669,9
129932,2.2453332,6
129956,26.821993,56
129968,2.3596668,9
129972,6.1243343,13
129984,5.451333,14
130016,7.9850016,15
130036,14.479001,17
130040,39.735664,17
130052,10.012335,17
130060,28.170334,11
130080,9.560334,11
130080,4.235,5
130104,32.754333,13
130108,2.9656665,7
130152,19.459335,28
130176,7.4319997,6
130184,8.233333,20
130228,-0.38566673,13
130232,15.826006,38
130232,17.947002,31
130252,25.418333,5
130252,0.79166675,5
130272,1.1070001,11
130296,-0.34466648,6
130296,5.1403327,11
130332,2.8296666,9
130336,55.052666,38
130352,-1.2250001,5
130356,-0.1916666,5
130364,5.565999,28
130364,4.7523327,17
130400,1.4640002,12
130408,30.036999,11
130464,5.1346655,14
130472,15.855669,27
130476,9.149666,19
130496,26.038334,5
130504,25.549004,37
130508,3.8103335,11
130536,4.1833334,10
130544,4.493,9
130564,1.6490002,7
130564,8.510999,23
130568,34.412,16
130588,0.9316667,5
130620,3.1929998,19
130620,-0.39533353,14
130640,0.29833317,5
130644,14.9713335,14
130656,10.731,23
130656,8.823001,9
130676,3.3283334,5
130684,2.87,10
130704,6.775333,16
130716,26.972668,8
130716,0.86333346,10
130792,19.678003,34
130796,18.291,23
130824,7.8156676,27
130832,10.516334,29
130864,4.3799996,10
130880,5.8673334,12
130896,44.771996,26
130908,28.922333,7
130916,22.119999,30
130916,7.054333,13
130936,30.279999,10
130948,1.9800004,10
130972,28.282999,9
131024,6.2410007,13
131072,24.893,39
131092,9.159,17
131120,23.204334,43
131148,2.735667,7
131188,3.6596665,29
131208,3.0849998,5
131212,2.3086665,16
131236,49.123325,80
131240,1.0923334,7
131244,24.20933,38
131256,25.325,5
131260,-0.6816666,5
131264,6.2446666,14
131264,-0.13499999,5
131292,7.2293334,8
131296,25.762667,8
131300,4.6763334,9
131364,31.346,18
131368,18.962667,28
131380,15.270333,21
131388,-0.08833337,5
131396,0.86266685,8
131400,1.6016669,5
131440,4.0803337,11
131452,15.372002,16
131480,8.576667,20
131488,2.1363332,9
131504,36.342,16
131508,27.927332,52
131524,0.38833332,5
131524,-1.0870001,9
131528,26.491667,5
131544,-1.6016667,5
131580,1.6543335,13
131580,41.705,25
131584,4.7999997,10
131604,0.12833333,5
131612,2.946,8
131652,4.582667,18
131668,28.05533,36
131688,-1.6583333,5
131708,1.805,5
131724,17.333332,30
131768,15.856332,39
131772,38.492,16
131816,29.257,11
131820,34.598,24
131824,27.651,43
131832,7.3453345,16
131880,10.712,16
131892,14.246001,18
131916,-0.12800002,6
131976,13.498666,36
131980,12.206333,39
132000,-1.3183334,5
132004,12.187001,31
132012,0.22300017,9
132040,4.1856666,7
132088,19.870668,22
132112,42.40233,27
132112,14.366001,18
132156,10.969001,17
132168,4.7146664,14
132172,33.455,15
132192,6.443,9
132240,7.378999,17
132260,3.315,5
132264,22.799,87
132268,6.0550013,25
132276,9.797001,21
132288,2.2416666,5
132292,2.789,7
132296,2.0816667,5
132308,2.810667,12
132336,7.6633334,10
132364,-1.5676665,7
132372,8.370001,20
132372,6.695334,16
132384,2.0949998,5
132412,5.41,10
132412,3.799,7
132432,49.281998,36
132440,29.915667,7
132476,28.643665,11
132480,32.535667,27
132484,12.742667,18
132512,35.329334,18
132552,39.51967,19
132556,29.317,11
132564,11.090333,21
132600,18.259666,29
132604,5.1410007,13
132604,6.777333,12
132648,4.6469994,21
132688,-0.3133334,10
132700,12.601335,24
132704,5.308666,26
132748,4.311667,15
132760,35.194668,14
132792,1.4903331,11
132852,8.461666,15
132856,17.34467,24
132896,30.387665,73
132916,34.91466,54
132944,5.340667,12
132948,13.291334,24
132968,46.906,28
132972,7.8746667,14
132984,-4.62,10
132988,2.4816668,5
133048,6.5553365,16
133064,34.21633,19
133088,4.288667,6
133108,4.075001,15
133128,2.2700005,10
133148,-9.245333,44
133156,32.530666,52
133208,32.06167,15
133228,5.481667,5
133256,29.869,7
133264,46.543,39
133348,29.898327,55
133356,11.034335,23
133368,33.93766,53
133368,15.019335,28
133404,6.337333,12
133408,2.2533336,10
133416,5.2090006,17
133420,0.09766674,13
133472,10.645668,17
133492,34.659336,18
133504,11.440667,22
133540,13.552334,17
133556,33.525333,16
133560,-2.0216668,5
133584,0.18866682,6
133584,7.0866666,20
133620,28.176334,9
133644,7.9240017,22
133660,14.159665,19
133680,0.33633304,9
133688,33.2,70
133712,32.507668,23
133716,29.566334,9
133748,38.805,15
133792,15.333002,19
133804,31.704334,23
133828,14.060001,20
133832,0.329,7
133912,1.4500003,20
133920,18.254002,32
133952,38.201008,73
133956,40.720665,32
133984,5.052666,18
134000,17.600002,20
134020,6.8853345,16
134044,-0.6480001,6
134100,8.244667,14
134128,0.61899996,7
134136,7.0713315,34
134148,6.289668,49
134148,2.0583334,5
134156,27.338333,5
134168,55.822,46
134176,0.88566685,7
134180,26.178667,6
134200,8.264334,13
134212,0.41966677,9
134220,1.2366667,10
134236,1.8929996,9
134240,0.9123336,7
134248,2.6956663,7
134264,6.5056663,7
134296,21.117338,32
134316,7.4023337,17
134332,18.084332,23
134336,30.879333,18
134356,5.283334,10
134364,0.9123335,7
134376,4.696666,20
134384,27.585,5
134428,35.506,18
134444,12.629334,28
134448,-0.6250001,5
134488,35.17267,28
134504,2.1546667,14
134520,8.996334,19
134524,0.27833337,5
134524,19.468332,35
134576,6.0776663,13
134608,2.3226666,8
134620,17.134668,24
134628,0.23500001,5
134652,3.916,8
134652,2.9819999,6
134656,16.984669,34
134668,19.955004,45
134676,-0.6980001,6
134696,33.710335,11
134704,-0.3543334,7
134716,0.2249999,5
134740,2.3496664,9
134760,-0.68499994,5
134764,17.234669,24
134788,44.974335,33
134804,5.570334,11
134832,9.262334,17
134832,12.256336,29
134840,28.939667,9
134860,1.589,7
134860,-0.018333435,5
134876,7.180667,22
134880,0.4616667,5
134884,28.212,6
134904,1.0450001,5
134944,1.8466668,10
134956,30.503666,31
134956,6.1963344,19
134976,1.0993333,8
134988,3.0093334,8
134996,6.423332,30
135016,2.9283338,5
135020,10.127,11
135060,12.308667,26
135164,21.261335,44
135180,19.096663,30
135180,25.136667,40
135224,37.488335,15
135256,10.879668,19
135260,-1.5103334,9
135300,11.733667,11
135328,52.339005,37
135336,30.253,9
135336,6.439667,19
135356,1.029,7
135376,40.040005,90
135380,1.7153332,6
135388,34.920998,13
135416,8.623,9
135420,4.799333,8
135428,45.534332,23
135440,4.2716665,5
135460,5.983666,11
135480,1.7900001,10
135484,47.485664,27
135520,-1.6333331,10
135532,15.518667,26
135548,26.328999,7
135548,6.9840016,22
135568,0.5283332,5
135580,5.4606667,12
135588,1.4283333,5
135608,5.515,5
135632,7.463667,21
135644,29.273327,40
135644,2.8996665,9
135648,12.695667,17
135660,-0.99099994,7
135664,0.71833324,5
135664,27.025,5
135712,35.311,13
135720,32.371334,14
135732,1.045,5
135740,1.2963333,19
135780,5.3616657,15
135792,35.395,15
135800,48.936005,38
135824,7.803667,11
135824,36.497,21
135840,8.72,10
135856,28.789333,8
135864,37.82267,18
135880,3.486666,10
135904,6.147333,12
135904,8.516668,20
135928,0.71533346,6
135932,30.555666,7
135988,9.4089985,27
135988,35.67167,15
135996,10.935335,16
136044,21.231668,45
136060,8.945334,16
136080,2.093,9
136112,10.676999,31
136124,13.648001,34
136136,17.948,14
136144,3.299333,8
136156,24.971666,5
136156,1.9113334,24
136176,-2.9050002,5
136196,0.33500004,5
136208,3.6943336,13
136240,2.7293336,8
136244,46.515,25
136292,11.314334,13
136292,6.8273335,12
136400,44.157005,51
136408,37.783,29
136420,-0.33500004,5
136436,3.9323332,7
136448,0.56233335,7
136456,0.655,5
136460,54.43466,84
136504,5.2669992,11
136536,87.52367,61
136560,45.756004,28
136564,12.945668,27
136572,39.089005,17
136592,27.789,7
136600,26.932333,7
136604,8.762335,17
136628,7.775667,7
136692,10.013999,22
136700,38.518997,27
136716,5.3406663,22
136736,0.2416668,5
136740,3.6966672,10
136756,72.146324,49
136796,36.488,14
136800,19.179,27
136820,5.701667,5
136824,1.3973342,22
136840,40.28367,21
136844,2.2649999,5
136884,5.7769995,11
136888,5.5403333,11
136896,11.715001,25
136908,3.2150002,5
136916,1.3449999,5
136940,19.390001,30
136944,32.611664,15
136944,3.7930002,9
136976,-0.31400013,8
136980,1.096333,9
136996,27.318333,5
137000,0.7049999,5
137016,-0.2116667,5
137024,26.758667,6
137084,16.898664,36
137096,13.552668,18
137112,5.5023336,7
137120,3.3320007,6
137164,43.578995,37
137172,12.054333,13
137184,4.4083333,5
137184,2.9926667,18
137196,4.0886664,6
137224,10.083334,10
137232,6.1473336,12
137256,-1.3373333,8
137292,4.055,15
137296,1.5166669,10
137312,58.709667,99
137312,-1.7016667,5
137332,5.515,5
137396,34.44,50
137416,11.917,21
137416,-2.1983333,5
137436,16.887001,31
137436,1.4016668,5
137464,21.384,42
137468,3.9226665,8
137480,9.533668,11
137492,1.4463332,19
137512,31.767,11
137528,2.5519993,16
137556,0.41366684,11
137584,3.7823336,7
137612,0.759,7
137620,21.161669,35
137648,17.416666,30
137680,33.062332,17
137696,31.344002,12
137716,-0.99500006,5
137744,3.9589999,7
137748,7.549,17
137780,7.849667,9
137796,17.001337,44
137796,8.380668,12
137832,29.239666,9
137852,-0.9050001,5
137860,15.290002,20
137896,1.9636668,11
137900,17.135334,26
137920,25.638666,6
137928,6.209,17
137960,5.3759995,8
137960,65.99232,117
137968,7.472334,17
138020,33.485,15
138048,0.599,7
138112,45.14933,48
138132,-2.3116667,5
138160,0.3856666,7
138180,2.2883334,5
138180,33.114998,55
138200,22.626,58
138212,26.515999,8
138228,2.7223334,7
138240,-2.1043334,7
138244,54.77633,49
138256,5.3929996,19
138304,37.575333,16
138324,7.8333335,20
138328,15.391666,25
138348,-1.6949999,5
138368,34.325333,16
138384,1.7096667,9
138416,29.082666,8
138428,2.5016665,15
138432,23.902338,27
138436,2.2616668,5
138464,8.286334,9
138480,3.3403337,11
138504,2.0153332,6
138508,2.8970003,11
138512,36.351337,64
138524,19.407667,23
138528,1.1319999,6
138544,-1.6673334,8
138548,2.4783335,5
138572,6.565667,7
138576,3.7789993,7
138616,14.308999,27
138664,38.15767,23
138676,10.911668,15
138724,11.928997,37
138760,16.354668,24
138764,0.17666674,10
138772,37.444668,24
138792,-0.28166676,5
138796,6.476,8
138824,3.2326667,8
138868,11.226,18
138880,11.8446665,14
138928,31.230667,12
138940,29.795002,45
138976,-0.45700002,9
139008,12.865001,35
139012,32.857002,21
139040,-0.5009998,7
139064,13.684002,22
139076,37.615665,17
139076,81.51933,138
139096,9.688001,14
139096,1.4916667,5
139112,0.7406663,12
139116,-2.4783335,5
139132,-0.1583333,5
139136,-1.595,5
139148,35.176003,18
139160,3.9923334,7
139188,7.8676677,13
139208,5.0683336,5
139224,10.182001,16
139284,38.581337,34
139296,59.24666,50
139320,7.316333,9
139356,19.54433,33
139360,1.7366668,10
139360,12.769337,38
139376,8.38,20
139380,-0.15166664,5
139396,3.5016668,5
139412,38.248,14
139420,2.7086668,6
139432,-0.1783334,5
139440,14.093334,20
139468,1.1263331,9
139476,28.939667,9
139492,13.346001,28
139520,-2.3143332,7
139540,32.636,18
139544,14.672334,17
139556,1.1196666,9
139584,1.3223335,7
139588,5.7869997,11
139596,7.694666,14
139616,2.9056666,7
139620,22.469997,50
139664,8.690333,11
139704,14.200668,22
139748,3.5903337,11
139768,2.3216667,5
139784,75.27998,50
139784,13.9366665,30
139800,26.573666,51
139804,-0.84833336,5
139832,1.1173334,12
139840,28.459667,9
139860,26.351665,5
139860,27.852333,7
139884,-1.1213334,6
139904,6.2003336,11
139924,22.126333,39
139924,-1.5383333,5
139932,13.771003,33
139952,6.3723326,17
139972,-0.5683334,5
139976,1.5909997,13
139992,3.2223337,17
139996,-0.7583333,5
140016,4.7269998,11
140052,12.495002,15
140096,7.771668,25
140156,49.215,35
140160,8.275334,16
140164,47.432663,28
140176,52.460327,61
140180,0.29166663,5
140196,24.351665,5
140204,0.7233331,10
140208,1.3823333,7
140220,14.255334,16
140248,28.572334,7
140288,11.080999,23
140304,14.438001,24
140320,10.736002,18
140332,8.853666,11
140352,24.215668,37
140356,27.954334,13
140400,4.4156666,17
140400,7.7766676,20
140428,33.646,18
140452,2.488667,6
140464,6.736,28
140488,5.6130004,9
140508,1.6050001,5
140512,22.30933,28
140532,28.338665,6
140532,18.951002,33
140540,42.789665,19
140552,1.0883332,5
140564,4.6443334,13
140584,8.923668,11
140588,1.4019998,6
140600,9.852335,17
140616,13.1953335,16
140628,5.610333,11
140632,5.8226666,8
140640,32.63433,13
140660,8.132334,7
140692,13.046334,19
140696,2.903,9
140716,11.400667,22
140720,6.0623336,7
140736,24.945,5
140756,4.8530006,9
140772,25.461002,33
140800,30.313667,11
140816,5.667,11
140820,-1.3816668,5
140828,16.567669,23
140904,4.770667,22
140912,9.914334,23
140964,32.211,13
140964,20.231335,34
140996,13.55767,23
140996,1.3926665,8
141008,5.9970007,11
141016,51.059994,80
141028,1.0416666,5
141064,11.042334,17
141064,0.8629999,9
141088,17.791,23
141092,2.6290002,7
141112,5.1173334,12
141112,-2.725,5
141124,28.859667,9
141132,4.415,5
141156,2.3103333,11
141168,-1.1570001,9
141176,25.751667,5
141188,2.2220004,16
141208,1.8833337,10
141216,-1.441,7
141276,72.628334,65
141308,13.095001,25
141312,18.751333,34
141324,11.112333,27
141360,12.340335,21
141360,4.9796667,9
141392,26.882668,8
141392,39.55667,20
141416,5.535333,6
141424,49.406334,29
141428,10.635666,17
141436,26.985,5
141460,0.7263334,9
141472,32.317,11
141508,29.904,12
141524,9.000668,22
141544,0.7583332,5
141564,2.7883332,5
141584,0.4016667,5
141604,32.897667,53
141664,35.719326,48
141688,34.807003,21
141724,45.155,35
141748,4.8283324,15
141752,37.18366,61
141764,10.448335,25
141784,9.405001,15
141792,9.226999,11
141820,0.2889998,7
141828,3.3903327,11
141844,21.21433,23
141864,31.760332,11
141880,2.1476667,13
141912,2.5526662,8
141936,13.604336,23
141980,10.943001,29
142032,48.148003,24
142052,3.0483334,5
142088,22.986996,81
142100,6.310667,12
142120,35.744,52
142132,29.770332,11
142140,14.113336,40
142148,0.4389999,7
142152,27.138332,5
142196,11.691334,24
142232,9.864333,23
142252,2.354667,14
142272,16.227,31
142276,0.48533332,6
142296,20.375334,36
142324,11.690999,13
142328,6.6643343,13
142348,6.927666,13
142368,1.6949999,5
142376,47.65867,36
142400,34.786003,18
142404,6.0923333,7
142444,1.6070004,11
142476,17.676,18
142520,21.296333,49
142528,22.037003,21
142544,14.075667,17
142564,29.072998,9
142600,33.516666,20
142604,5.276666,10
142612,37.502335,17
142620,0.43499994,5
142640,45.509327,68
142668,9.964668,14
142672,7.742334,17
142684,4.380333,11
142720,2.1240003,12
142724,28.904667,14
142728,2.9403334,11
142740,1.5716665,5
142760,1.7183334,5
142764,3.7263334,9
142780,18.28333,40
142804,4.7036657,11
142808,-0.77099997,7
142824,-0.76166654,5
142840,6.453,19
142856,30.894,12
142876,4.9016666,5
142880,29.413334,10
142880,36.481335,14
142896,1.3983332,5
142900,1.9783332,5
142912,26.089005,47
142928,-1.6639998,8
142944,1.0759999,8
142948,1.8916667,5
142968,-3.3983333,5
142976,13.954668,24
142980,8.613335,20
142992,31.050667,12
143004,9.603001,9
143012,-0.10166669,5
143036,5.0680003,14
143036,37.00833,15
143092,3.4446666,14
143092,11.554003,22
143096,0.18500006,15
143124,2.3026667,8
143144,3.4873335,12
143152,17.281664,35
143168,1.4586666,6
143200,6.953,19
143204,5.094334,13
143228,27.949,7
143252,20.200003,40
143272,27.465,5
143292,13.587333,22
143308,29.936333,9
143352,21.976997,31
143352,6.8349986,15
143360,3.951,13
143372,26.705,5
143388,6.145666,7
143388,6.829667,9
143408,5.2263336,9
143412,-0.91133326,6
143444,5.2493334,8
143480,10.145999,18
143488,6.663666,11
143508,1.3590002,7
143516,2.2556663,7
143544,28.392996,39
143552,6.826333,9
143572,2.3486664,16
143580,6.8656664,7
143592,3.425,5
143648,5.0690002,17
143708,35.99167,15
143728,-0.26833332,5
143776,0.30400014,12
143780,103.09434,153
143804,23.907667,53
143840,4.828666,16
143840,1.9063334,9
143840,2.2616665,15
143868,-0.8110001,7
143892,8.561001,13
143960,13.134336,23
143960,19.73,30
143960,130.328,104
143988,2.5190003,7
143992,5.296,8
143992,4.652667,8
144012,0.16499996,5
144032,10.593667,11
144056,10.900334,11
144064,15.239335,18
144084,6.7443323,13
144088,3.8886666,6
144108,5.061,13
144148,32.122,16
144172,34.36333,70
144176,46.63067,22
144180,4.0893335,18
144184,31.676334,9
144204,-0.74499995,5
144212,-0.36033344,9
144212,2.6693332,8
144272,13.735001,15
144296,5.1909995,23
144324,3.049,7
144324,12.317668,13
144348,8.941999,6
144368,26.724998,5
144396,4.2056665,7
144428,0.41933346,8
144440,8.569665,29
144464,6.6896663,9
144488,5.3739996,12
144492,51.486652,70
144508,0.9683333,5
144512,73.97835,85
144524,3.862667,8
144528,-0.8249999,5
144548,3.815,5
144592,4.8069997,11
144612,8.457333,22
144612,-0.8316667,5
144616,21.038666,26
144652,55.612328,47
144692,11.48667,20
144700,10.377335,22
144720,-0.48766667,7
144744,27.113998,32
144756,0.079666615,9
144780,7.3900023,20
144780,4.443,9
144812,8.269333,8
144820,0.06333315,10
144824,11.0390005,17
144832,48.56167,45
144848,32.983,9
144852,0.9356668,7
144908,1.5283332,15
144960,7.997668,13
144964,21.637667,33
144976,47.107002,31
144988,28.415667,7
144996,5.3050003,5
145012,35.70933,48
145012,11.8306675,12
145024,3.9623332,7
145080,41.344334,23
145100,0.53499985,5
145144,21.501005,33
145168,13.479668,39
145172,49.872334,37
145196,1.9923334,7
145204,11.055001,15
145216,26.091667,5
145220,7.787333,12
145248,28.549332,8
145260,23.98,40
145260,6.8413324,14
145280,0.2883333,5
145280,8.959333,8
145288,12.099001,17
145288,4.985667,7
145312,0.8826667,8
145312,2.1493335,8
145336,31.874,12
145368,7.126,8
145392,36.043335,20
145400,2.8759997,8
145408,14.511334,24
145420,0.065666676,7
145444,2.059667,9
145456,22.990665,42
145456,2.1296668,9
145456,3.0946667,14
145476,3.791667,5
145492,1.7496672,9
145520,0.8956666,7
145524,10.755666,17
145524,36.806667,20
145576,3.4179997,14
145580,1.9280002,14
145584,6.011666,15
145600,6.1536665,31
145620,29.540333,11
145640,-1.8483334,5
145656,31.787998,14
145688,9.338669,26
145704,14.353668,31
145720,27.656,8
145732,11.354333,23
145748,32.563667,11
145752,1.3826665,8
145768,2.8683336,5
145776,-1.733,11
145796,5.262334,7
145816,46.61,40
145828,9.203003,19
145844,30.364,12
145864,2.7883334,5
145884,10.215667,27
145884,9.865668,17
145892,1.8089998,7
145904,-0.36166662,5
145908,0.88199985,6
145916,4.8153334,6
145916,12.937335,22
145944,26.832333,7
145944,3.1563334,9
146008,8.012,16
146024,8.35,20
146044,0.2650001,5
146052,22.121334,34
146060,6.357666,13
146120,6.4949994,15
146128,19.565342,56
146144,38.144333,23
146148,3.9049997,5
146156,5.5259995,28
146180,0.40533328,6
146180,4.493,9
146188,9.712336,17
146192,33.827,11
146232,32.414333,13
146244,6.351,13
146252,2.2516668,5
146260,7.7533317,20
146272,1.7156669,7
146304,10.159668,29
146308,1.8980001,14
146324,16.025335,16
146336,0.096000195,8
146376,40.722,26
146396,26.305,5
146420,35.616997,21
146432,8.265666,27
146448,32.717667,13
146460,27.659332,38
146484,7.9296665,9
146492,11.719334,18
146576,6.817001,21
146620,31.270332,11
146644,11.521001,53
146644,-0.41466665,6
146656,36.526337,49
146692,29.173,9
146696,34.311,53
146696,3.0976663,13
146712,-1.105,5
146724,33.276665,20
146732,29.909668,9
146740,6.285667,7
146756,2.5059996,8
146776,4.680333,11
146776,3.2063332,9
146796,1.935,5
146808,34.011,13
146820,5.337,11
146836,5.9256663,7
146848,12.342667,38
146864,30.770332,11
146864,12.389002,17
146884,8.550668,12
146904,30.034668,14
146908,3.672,6
146928,4.1353335,16
146964,3.8280005,14
147016,7.217667,13
147052,20.182333,37
147076,6.878333,15
147092,33.579002,57
147104,39.594334,13
147120,6.3790007,7
147156,7.4963336,9
147160,23.292667,58
147168,9.700999,23
147212,11.925667,27
147244,1.5426664,8
147244,7.5206676,22
147264,11.728668,26
147272,13.145332,26
147296,27.122665,8
147300,3.5523329,7
147312,11.502334,17
147320,19.522999,19
147332,0.9983334,5
147340,1.605,5
147340,2.5700002,10
147348,32.834335,13
147396,9.508001,14
147444,44.882004,26
147452,13.731999,26
147480,-0.5910001,7
147480,7.453667,21
147484,54.04933,38
147504,31.945,15
147528,28.217,11
147532,11.027667,13
147552,26.318333,5
147608,20.820663,32
147628,17.878334,25
147648,16.088669,36
147664,5.8830004,9
147712,5.1386666,16
147712,15.885333,26
147752,8.623334,10
147756,7.6270003,51
147800,18.767998,34
147824,5.9426675,18
147844,9.073667,11
147852,29.30833,35
147864,-1.0983334,5
147872,24.378334,5
147884,2.7050002,15
147900,1.6796662,9
147912,23.719666,39
147916,4.7426662,8
147928,7.864667,14
147936,5.3163333,9
147952,7.146666,10
147968,6.847666,13
147972,2.315,5
147976,7.523334,10
148004,11.083,19
148016,5.647333,12
148024,0.5483333,5
148036,-0.46166664,5
148052,2.809,7
148052,36.466667,20
148060,1.7486668,6
148084,51.245667,27
148108,0.658,14
148136,4.2043333,13
148144,11.467667,23
148208,14.038334,25
148216,11.8133335,20
148228,25.585,5
148252,4.056333,9
148280,1.2789999,7
148304,18.343,19
148328,8.517334,12
148340,3.4163337,9
148372,6.9303336,11
148396,5.838667,6
148428,5.219333,8
148452,52.70899,77
148464,17.796999,31
148500,70.556656,110
148516,8.615334,16
148548,5.512667,8
148552,13.057668,13
148568,39.658333,35
148588,0.61966646,9
148596,0.52400017,12
148608,1.0016667,5
148648,29.486666,10
148652,14.285665,47
148656,35.167336,22
148680,2.3423333,7
148716,10.952335,17
148716,29.823,9
148724,20.863998,32
148724,34.509003,17
148744,26.225,5
148768,5.097,11
148800,33.764668,14
148828,38.446,28
148836,1.273,9
148848,36.303333,20
148864,12.875666,37
148888,28.432,6
148892,29.123667,11
148904,9.022334,17
148912,10.997001,21
148964,38.149666,19
148968,1.8613334,14
148972,17.31,20
148976,7.609334,18
148984,4.3616667,5
149008,4.1029997,9
149020,0.16699982,11
149036,3.0709999,13
149052,13.657003,21
149096,34.015,15
149108,5.611333,14
149124,6.9223337,7
149144,3.696333,9
149152,3.5156665,7
149164,45.248665,36
149168,6.7686663,6
149172,30.970333,41
149200,-1.016,12
149208,4.103333,10
149228,4.1616664,5
149240,14.175668,17
149256,30.415667,7
149268,1.9423336,7
149284,7.6589994,7
149308,25.592003,36
149340,0.22600007,8
149376,29.006332,9
149388,19.655666,47
149400,24.334337,33
149408,5.6393337,8
149424,18.394999,35
149444,7.879667,9
149496,31.729332,18
149500,23.445002,25
149504,5.2016664,15
149516,3.8150003,5
149544,14.249667,39
149548,4.600667,12
149568,1.4220002,6
149576,28.409,7
149588,18.216,18
149596,14.891003,23
149596,-1.7950001,5
149604,3.9330003,9
149616,26.445,5
149636,29.089333,8
149656,9.402335,17
149668,27.872665,8
149708,19.214334,23
149712,12.299668,29
149728,-2.0249999,5
149744,6.620666,22
149752,6.7833343,10
149760,32.036,8
149772,1.9690001,7
149808,2.0896666,9
149896,51.25467,34
149904,21.506336,59
149908,7.178333,25
149940,3.0696669,9
149948,6.1410003,13
149984,4.3703337,11
149984,32.05267,58
150008,11.908334,15
150020,4.4963336,9
150032,4.344,12
150036,27.442333,7
150052,18.952,36
150084,9.114335,13
150092,2.47,10
150096,16.996334,19
150104,4.9316673,5
150124,4.3956666,7
150160,7.848,14
150160,30.259666,9
150192,2.7226663,8
150204,-0.19966674,11
150244,28.797335,52
150268,2.0586667,6
150276,15.020336,21
150292,24.718666,6
150312,5.415,5
150332,-0.45833313,5
150332,39.879997,60
150380,23.128,44
150412,12.601334,34
150428,37.084667,24
150456,-0.60433316,7
150468,34.668,14
150480,48.209,37
150500,1.7950001,5
150504,10.947332,12
150508,15.470663,32
150536,29.813,9
150564,18.967999,24
150592,28.302334,7
150656,27.962332,37
150688,11.605995,38
150728,42.66133,34
150740,14.413668,21
150760,4.201667,5
150768,72.718666,66
150776,8.527332,22
150780,25.171665,5
150796,37.082336,17
150808,-2.3709998,7
150832,4.723,9
150832,33.552002,16
150844,30.039665,9
150852,1.0549998,5
150856,1.5653334,6
150876,29.089333,8
150888,28.399666,9
150908,-0.8983333,5
150908,3.6009998,13
150936,2.1423333,7
150972,14.451336,24
150984,5.597333,12
151016,1.4536668,11
151016,18.715668,27
151044,28.202333,7
151080,31.106333,9
151100,29.038334,5
151104,4.840667,22
151112,3.9639997,32
151116,75.88835,85
151132,5.532667,8
151148,27.969666,9
151160,4.4556665,7
151168,1.2616665,5
151188,2.2649999,5
151200,3.76,10
151208,-0.24166656,5
151216,36.152664,28
151244,5.253667,11
151244,27.136333,9
151252,29.533,9
151280,-0.801,7
151292,47.801334,44
151300,-2.8383334,5
151312,10.232334,17
151324,11.760002,20
151340,27.282333,7
151344,-0.56499994,5
151356,4.868,14
151364,-1.0406668,18
151368,26.205666,7
151388,5.3283334,5
151408,3.6343334,13
151428,-0.111666664,5
151428,4.2,10
151444,19.641668,25
151448,3.6683333,5
151452,2.5386662,6
151472,0.08500004,5
151476,0.59600013,8
151480,18.532999,29
151492,32.917,11
151512,-1.6949999,5
151520,2.0036666,11
151556,3.6696668,19
151564,29.800333,11
151572,15.86167,15
151592,3.7296667,9
151624,8.227667,13
151628,3.4696665,9
151644,-2.8816667,5
151656,-0.3776666,7
151704,38.759335,58
151704,39.261665,35
151732,5.5223336,7
151736,3.4333336,20
151764,5.675,15
151788,46.048668,36
151792,0.7013334,14
151792,27.072334,7
151812,-0.5250001,5
151832,9.25,10
151836,28.854,12
151852,25.564999,5
151856,0.42833328,5
151856,30.033667,11
151872,22.57833,35
151876,-0.21166658,5
151892,26.665,5
151920,7.2589993,17
151928,10.701001,13
151928,3.116333,9
151948,27.025,5
151960,3.1533332,10
151980,4.319333,8
151980,1.1949999,5
151984,42.353996,32
152012,2.3590002,7
152024,0.07366681,11
152028,2.1639998,12
152032,1.2083333,5
152064,4.6926665,8
152096,17.393997,42
152100,7.8563333,9
152112,40.48033,21
152132,6.0026674,8
152144,15.4400015,30
152164,8.565667,17
152164,2.1859999,8
152184,9.769334,18
152200,4.329666,9
152204,3.831666,15
152220,28.904999,5
152228,6.043667,11
152232,1.6289998,7
152240,26.445,5
152260,2.436,8
152284,3.5836663,11
152288,1.4323334,7
152320,31.842999,9
152356,45.84367,31
152388,9.689001,17
152400,29.963001,59
152424,24.258667,6
152480,15.433666,31
152484,4.1850004,15
152520,4.579666,9
152528,18.508335,35
152532,33.834335,13
152548,63.004997,65
152572,5.800333,11
152576,15.054668,14
152576,26.289,7
152604,3.0826662,8
152624,11.457666,23
152652,1.7739999,12
152660,2.5096664,9
152672,0.28499985,5
152684,48.84233,27
152688,8.739332,28
152740,8.623333,20
152776,37.28533,26
152796,15.179333,28
152804,9.052002,16
152820,2.443667,11
152828,7.498333,35
152832,2.1663337,9
152844,0.6686667,6
152864,6.015001,15
152872,7.536667,10
152872,2.6756668,7
152888,8.961666,15
152892,25.258333,5
152920,1.5956666,7
152924,3.2529998,9
152928,7.2846656,14
152968,5.693333,10
152992,36.569336,18
153020,4.009,7
153024,7.6313343,14
153036,28.660994,43
153052,29.009333,8
153060,4.3363333,9
153064,1.7456665,7
153088,3.0156665,7
153092,3.1056666,7
153124,25.773335,50
153132,31.517,11
153152,4.2723336,7
153216,19.540339,31
153280,49.304,32
153280,17.519001,37
153312,46.945007,65
153356,6.133,19
153388,10.913001,19
153408,6.7343326,13
153416,38.669994,50
153420,15.6016655,35
153440,27.038334,5
153448,7.5549994,15
153476,27.369,7
153488,30.154,12
153536,8.798336,15
153552,22.487997,34
153604,31.909662,49
153608,6.7980013,14
153632,27.938667,6
153644,29.48,10
153644,19.625666,27
153676,3.2436662,11
153676,2.4059997,8
153728,17.113665,21
153756,12.976669,20
153756,28.802334,7
153812,34.727997,14
153836,29.1,40
153888,31.701,13
153892,36.54,20
153896,16.551666,35
153900,67.02767,103
153912,-1.2783334,5
153956,8.454999,15
154000,15.390669,22
154012,17.516,28
154016,18.854004,32
154032,1.0783334,5
154048,42.24767,23
154060,6.381666,15
154060,10.847001,11
154108,11.676334,19
154112,4.314333,13
154116,31.534664,14
154132,42.58367,21
154160,10.990666,12
154172,4.913333,10
154180,9.192,16
154188,4.722333,7
154212,17.065332,26
154224,3.9463334,9
154232,-1.6583333,5
154240,32.908333,15
154252,25.271667,5
154272,1.7193334,8
154272,30.043999,12
154276,2.6553328,26
154320,2.9723334,17
154324,9.957667,13
154332,3.8813336,14
154344,1.5383334,5
154360,26.946667,10
154372,2.3723333,7
154388,18.303,29
154396,0.018666744,6
154416,33.001335,14
154424,-0.30766678,7
154468,7.6666675,20
154488,11.996001,18
154496,6.8623333,7
154516,0.7683333,5
154556,31.335335,56
154568,23.075333,36
154592,-1.7803333,9
154596,14.636666,20
154624,-0.0873332,8
154644,27.618332,5
154648,7.557667,13
154672,2.2523334,7
154684,-0.32700014,9
154700,0.89900005,7
154708,28.352,6
154716,61.605667,57
154728,25.325,5
154744,0.23033333,11
154760,25.769335,48
154772,6.4236665,11
154784,12.089002,17
154804,12.338335,15
154820,32.259666,9
154864,6.0816655,15
154876,37.023,29
154880,9.538334,15
154884,1.5416667,5
154900,25.564007,32
154904,2.6353335,6
154928,12.951,13
154956,9.762667,18
154964,2.8996665,9
154988,2.727,21
154996,-0.22066665,8
155000,7.6370006,11
155040,-0.17633307,11
155060,21.499998,40
155064,1.9753335,6
155080,-2.535,5
155180,21.631664,25
155204,23.387,51
155228,3.0306666,12
155248,19.551998,46
155260,35.57266,68
155276,30.122334,7
155280,0.83833337,5
155284,31.428,14
155304,3.1316667,5
155308,9.016,8
155320,48.666336,29
155340,-1.4150001,5
155352,12.226,18
155392,13.134002,22
155412,18.858665,26
155416,2.0453334,6
155416,8.345335,16
155432,40.541,23
155436,1.1586668,6
155476,4.29,10
155480,31.032001,16
155496,7.913333,20
155500,7.1389995,17
155516,4.1133337,10
155516,27.756332,9
155536,3.6763334,9
155536,-0.21499991,5
155536,6.2149997,5
155548,32.191,13
155556,27.211666,5
155564,0.44233346,7
155580,7.3893337,8
155588,3.4909997,13
155608,24.985,5
155620,30.286667,10
155648,5.5503335,21
155668,-0.625,15
155672,14.61967,29
155684,6.576333,9
155692,28.625334,6
155712,25.698334,5
155748,27.689667,9
155768,9.481335,24
155784,3.663,9
155788,5.3683333,5
155808,24.378334,5
155824,30.930336,51
155836,14.021001,13
155852,66.18067,42
155884,32.441666,15
155892,8.286667,10
155908,4.4193335,18
155920,9.01267,28
155920,28.543,9
155936,27.922333,7
155948,1.4389999,7
155968,2.7193334,8
156004,16.279337,28
156012,1.337,11
156040,2.6196668,9
156088,10.319668,19
156112,28.683666,41
156128,12.6206665,22
156148,25.578333,5
156164,30.756996,61
156180,5.802666,8
156192,14.818668,26
156192,26.042332,7
156200,1.9383333,5
156240,16.474,32
156248,6.0539994,12
156260,3.1616666,5
156268,14.8930025,19
156300,5.603333,10
156312,8.958667,16
156320,27.718334,5
156328,4.825001,15
156332,26.025,5
156360,29.936666,10
156360,3.926,8
156388,3.3789992,7
156392,22.520002,50
156396,16.222002,16
156420,-0.9039999,8
156420,6.3916674,15
156432,3.1363332,9
156440,1.5650002,5
156464,3.5560002,8
156472,15.733335,20
156500,0.17966676,9
156508,8.909,17
156532,33.315002,15
156544,33.390335,11
156548,47.164,32
156576,2.4523335,7
156604,13.371667,15
156604,20.611332,24
156616,2.1366668,10
156624,0.09500003,5
156636,27.965,5
156644,16.206003,28
156648,28.258667,6
156728,10.887001,31
156760,43.63933,28
156768,7.246666,10
156776,16.270998,33
156804,3.700333,11
156812,0.49700046,11
156832,0.5456667,7
156880,35.54567,17
156888,19.195997,28
156904,-1.058,6
156908,0.31166673,5
156960,22.724005,32
156964,14.1779995,14
156972,7.9356685,17
156992,38.276333,89
156992,1.9789999,7
157012,0.7049999,5
157024,4.041,13
157036,1.1303332,11
157048,4.268667,6
157064,-1.341,7
157068,1.865,5
157068,7.3413324,14
157088,16.047337,32
157092,2.1990001,7
157116,-0.5876665,7
157120,-0.08433342,7
157144,-0.4176666,7
157176,45.149002,27
157176,15.932333,27
157228,6.5603337,21
157248,8.556002,18
157280,10.197668,13
157292,30.887,11
157312,-1.6183332,5
157340,-1.2583336,15
157356,5.820333,11
157372,66.403,49
157384,40.801994,66
157392,3.735,5
157424,38.607002,21
157436,9.531001,13
157440,8.670666,12
157460,-0.385,5
157496,11.518332,35
157520,13.174669,24
157524,3.8856664,7
157548,-0.5176667,7
157564,18.695332,26
157592,25.805666,7
157596,12.369333,18
157596,8.786666,40
157632,5.606333,9
157664,3.779333,18
157668,44.300003,30
157676,5.543667,11
157688,1.8483334,5
157696,3.2383335,5
157712,3.9306664,12
157716,-0.3116665,5
157732,3.835,5
157772,14.144669,44
157788,-0.36866677,14
157872,11.583668,21
157888,23.716333,29
157896,26.151669,45
157948,8.624999,15
157956,43.18566,67
157968,1.8683333,5
157984,45.213997,22
158012,32.400333,11
158012,33.358,14
158012,-3.3109999,7
158044,6.052667,8
158052,7.1566677,10
158064,0.16833329,5
158072,2.435,5
158084,3.7883334,5
158112,4.1466665,10
158132,0.9283334,5
158140,41.902332,67
158180,7.707333,12
158240,17.991667,25
158280,13.729668,49
158296,2.9380004,14
158388,5.611002,23
158416,40.006996,101
158468,38.71733,72
158488,26.897333,52
158496,0.79566675,7
158512,21.767998,24
158516,-1.8410001,7
158520,27.491,33
158536,-0.17133331,6
158556,33.373,9
158560,5.4786663,16
158568,2.0976665,13
158616,36.151665,15
158620,2.021,13
158644,2.7469997,21
158648,0.44566667,7
158660,9.173666,11
158664,2.8083334,5
158680,4.4283338,5
158716,0.524333,13
158800,47.51333,30
158856,29.598331,35
158860,48.387665,53
158872,62.238007,84
158936,4.8666673,20
158940,29.989,17
158956,23.819668,39
158984,4.677,11
158988,19.780668,32
159004,34.789,17
159032,7.059667,19
159040,10.884667,14
159060,37.236,18
159100,7.3189993,17
159104,32.940334,11
159108,2.4456668,17
159120,11.373002,29
159152,4.9870005,11
159152,2.0076666,13
159172,6.3156667,17
159172,-1.6583333,5
159200,-0.7276666,7
159228,10.119668,19
159236,4.512,16
159252,38.717667,33
159256,5.288334,5
159296,6.075667,17
159324,27.995667,7
159364,9.402334,27
159372,11.363338,30
159400,32.739666,9
159420,1.4273332,12
159444,0.7219999,6
159464,42.414997,35
159464,2.4116664,5
159484,31.886997,71
159484,3.8683329,5
159500,4.3896666,9
159508,9.175666,27
159532,39.237335,12
159540,2.5226665,8
159552,2.8716667,5
159568,-1.4276667,7
159572,11.952667,18
159576,45.964333,23
159612,0.5763333,9
159632,3.1716666,5
159664,9.434667,24
159676,16.398668,26
159708,20.453001,39
159756,11.217002,31
159760,3.6869998,21
159764,21.801664,25
159784,-3.6083333,5
159808,9.898335,25
159816,30.805,15
159848,-0.4233333,10
159852,15.087669,23
159864,8.790668,12
159892,32.107002,11
159916,1.372,6
159920,18.498003,34
159924,6.9249988,15
159944,1.8183334,5
159948,27.576,8
159964,28.098333,5
159972,25.378666,6
159996,14.359667,19
160000,6.1429996,9
160072,19.005,25
160092,2.7849998,5
160092,12.621335,24
160100,9.618334,25
160148,5.1879997,14
160168,1.3389997,17
160168,2.5283334,5
160176,36.993668,21
160196,4.2523336,7
160212,91.66001,90
160216,-1.8283334,5
160220,4.3703337,11
160228,4.365,15
160240,5.5256667,7
160240,2.701667,5
160268,27.988998,7
160268,28.562332,7
160300,11.502666,18
160308,28.740002,10
160312,30.880333,11
160316,10.855001,25
160356,0.43700004,11
160400,13.223669,21
160456,38.21633,39
160472,19.067001,41
160484,1.3956666,7
160516,3.6069999,11
160520,13.9869995,41
160524,17.117,31
160556,3.4196663,9
160568,0.5776664,13
160588,7.0426664,8
160588,32.832,16
160596,27.089,7
160616,2.5223336,7
160640,3.6909997,13
160644,20.736666,40
160684,7.5039983,22
160688,1.1973332,12
160712,38.151337,24
160724,28.783333,10
160752,0.6689999,7
160760,12.519667,29
160772,8.308333,15
160792,30.429333,8
160816,10.450335,11
160828,31.526333,9
160868,6.5043325,13
160896,7.279,7
160896,45.434,52
160912,35.173664,21
160932,0.13966668,9
160936,24.932005,46
160964,36.641,13
160992,10.828333,15
161000,-0.62033343,9
161000,47.00534,26
161012,2.8516667,5
161044,-1.9906666,8
161076,4.449667,19
161088,6.5839996,22
161120,1.2870002,11
161124,19.55,20
161140,0.76100016,13
161148,9.785667,7
161168,27.689,7
161308,24.238335,35
161320,54.014328,43
161328,-0.39499992,5
161340,22.091333,54
161348,-1.3483332,5
161364,54.702324,107
161368,4.9989996,7
161408,20.377333,22
161428,12.9,20
161428,2.6883335,5
161436,4.5789995,17
161452,36.090668,22
161480,5.2076664,13
161488,4.279667,9
161512,7.753666,21
161516,1.1323335,7
161536,9.5546665,14
161568,4.3213344,14
161588,4.7193336,18
161600,2.6060002,8
161604,24.697332,42
161636,1.8596671,9
161640,33.621002,13
161640,1.7220001,26
161640,8.873,9
161736,14.581336,24
161748,15.678999,27
161820,45.210335,21
161832,37.68267,48
161840,23.240334,51
161860,-1.1716667,5
161868,11.253335,30
161884,3.0076666,13
161896,14.83967,19
161896,-0.9476668,7
161916,3.6713338,14
161928,5.9560003,8
161944,7.4850006,15
161972,4.3513327,14
161972,16.929667,19
161984,3.7633333,10
162016,12.924,22
162020,5.7073336,12
162024,31.151001,13
162040,-0.29133332,6
162060,4.7149997,5
162064,10.3166685,20
162064,3.4266665,10
162080,26.385,5
162116,10.871,13
162116,0.92633307,9
162120,8.905003,25
162136,-0.8550001,5
162144,3.955667,7
162164,-0.7049999,5
162172,3.666333,9
162204,5.409333,8
162224,3.3916667,5
162228,6.815333,16
162228,20.597002,41
162248,3.5453331,6
162248,11.463999,32
162268,33.426666,10
162268,-0.08833337,5
162280,7.1159997,8
162292,0.9720001,6
162312,-0.91499984,5
162332,6.2486663,16
162340,30.189,7
162356,18.500666,32
162368,5.749666,9
162376,-0.80499995,5
162404,-1.391,7
162408,28.68,10
162416,15.036335,19
162428,5.9719996,6
162444,30.506332,9
162488,16.584,52
162496,17.516668,20
162508,13.208667,16
162544,29.699665,9
162544,3.3706665,12
162612,12.763665,31
162624,34.03967,49
162628,37.820335,21
162644,0.0050001144,5
162680,-0.5203334,9
162692,7.891998,16
162728,7.4340005,12
162740,15.390666,32
162748,3.8883333,5
162760,30.654669,54
162760,35.862335,17
162804,6.2319994,16
162840,10.539999,20
162860,1.5780003,14
162884,15.970336,31
162900,8.878335,15
162932,21.378664,46
162980,12.831335,24
163004,26.381998,36
163012,14.082669,28
163040,3.5123332,7
163048,5.207,11
163096,6.990667,12
163120,26.391668,35
163124,4.419,7
163148,7.998667,6
163172,31.081,13
163180,10.238335,35
163188,28.16,10
163204,7.526,8
163216,28.673,9
163248,30.693005,79
163248,1.3559998,8
163252,8.705333,16
163268,-1.6516668,5
163292,36.087334,22
163304,3.8080003,14
163340,0.5206666,12
163368,5.7056665,7
163384,13.309669,29
163396,22.948666,36
163408,5.84,10
163424,3.3900003,10
163428,4.643667,31
163432,1.226333,9
163456,9.950667,12
163456,-2.5043333,7
163460,0.31566668,7
163472,6.177333,12
163476,0.8683331,5
163516,8.187,11
163536,5.5666666,20
163560,1.5220003,6
163564,13.3253355,26
163596,0.13300002,9
163628,43.586,38
163636,37.002666,18
163644,1.5340004,32
163676,2.2393332,8
163676,36.730003,20
163676,-0.5166663,10
163688,14.205002,15
163708,0.69600004,8
163736,11.265,15
163748,-0.47833312,15
163760,7.4236665,21
163820,6.0316668,15
163824,22.793997,22
163836,16.944002,32
163840,5.8609996,23
163852,3.5793333,8
163880,5.1866665,10
163904,9.586668,20
163904,4.438667,6
163920,11.393666,21
163976,0.85800016,14
164004,21.73933,38
164036,51.894333,33
164048,6.5403333,11
164056,29.265,5
164060,26.653002,39
164084,4.4529996,9
164092,1.1926666,8
164092,25.13967,29
164112,0.61233324,7
164116,8.821667,15
164128,2.5796664,9
164132,-2.45,10
164136,0.09166664,5
164160,0.86533356,6
164160,10.393999,12
164176,4.8406663,12
164188,5.0046663,14
164200,0.47200024,6
164208,1.1316669,5
164224,11.368669,16
164236,30.302334,7
164272,40.36933,28
164272,28.116333,9
164296,13.362666,18
164332,17.874336,33
164356,9.988333,15
164360,1.9223332,7
164392,55.84333,30
164396,29.056334,9
164408,10.754335,13
164424,5.422666,8
164492,29.488335,55
164516,16.79767,23
164524,26.273003,29
164532,26.391335,34
164556,27.338665,6
164564,3.9193337,18
164596,7.8933315,20
164600,4.0563335,19
164612,9.6673355,12
164648,3.8463337,9
164676,3.1056669,7
164764,44.74033,41
164816,38.375,55
164848,5.612666,8
164860,13.947999,24
164868,4.6883335,5
164872,60.25633,79
164888,0.12833333,5
164920,9.587334,12
164920,5.721667,15
164932,4.1636667,11
164948,-1.4076667,7
164952,28.836,8
164956,48.24,70
164956,3.1753335,6
164968,4.8550005,5
165000,-1.3873333,8
165000,34.013664,11
165004,7.7676654,13
165016,8.728333,15
165048,5.437,11
165068,41.242332,17
165076,4.2456665,7
165104,0.9756665,7
165104,10.960669,22
165124,1.1183332,5
165156,5.897333,22
165164,13.368335,15
165192,56.92267,48
165212,7.055,5
165216,2.8209999,13
165216,17.147669,23
165252,6.3813334,24
165252,0.40300012,9
165280,33.098663,16
165288,4.7530003,9
165292,4.26,10
165312,0.7249998,5
165316,2.4496665,9
165328,6.7629986,29
165336,0.7586665,6
165348,2.4683337,15
165356,26.305,5
165364,3.159666,9
165372,0.7820002,6
165384,1.3323333,17
165384,-0.33499998,5
165392,2.4296665,9
165404,25.511665,5
165424,6.2866664,10
165444,0.89166677,5
165460,1.7540001,22
165472,37.359,17
165480,2.4373336,22
165496,27.378666,6
165500,1.665,5
165508,31.477333,12
165528,9.700335,21
165540,28.982666,8
165548,0.018333197,5
165560,8.158334,15
165584,-0.10466659,6
165604,9.881999,16
165608,4.3716664,15
165628,1.155,5
165632,0.13733315,12
165644,27.626667,10
165672,26.982334,7
165672,-0.41333342,10
165704,14.036333,19
165748,9.933001,19
165776,21.525333,26
165796,11.217669,23
165828,7.813336,20
165828,67.59766,83
165928,14.825002,25
165960,1.2826672,8
165984,30.89633,39
165984,54.687332,52
166004,-0.15299988,11
166048,23.121,63
166052,28.977333,12
166076,45.077667,23
166108,4.5213337,14
166112,11.934,32
166144,2.8996668,9
166164,16.799667,29
166176,51.391663,25
166192,4.292333,7
166196,34.307667,13
166204,4.732333,7
166224,26.411667,5
166252,27.855667,7
166256,12.511999,16
166272,13.116336,19
166292,6.926333,9
166308,8.791334,14
166308,14.956335,49
166328,27.904999,5
166356,10.2786665,16
166364,7.048001,14
166364,45.537666,23
166376,26.578333,5
166392,6.2653337,16
166396,5.1749997,5
166424,5.859,7
166444,36.316666,20
166464,28.111668,5
166496,0.082666755,8
166496,5.692665,18
166504,14.299334,28
166564,35.57567,17
166592,11.131334,24
166592,24.775675,57
166620,28.255667,7
166624,18.7,30
166632,12.399,17
166660,28.602333,7
166676,10.190334,21
166708,14.530667,22
166712,10.549666,9
166756,14.218003,24
166760,3.5376668,13
166792,28.763,9
166848,20.934666,34
166852,31.885664,57
166892,26.174997,25
166928,4.003,9
166936,3.7106667,22
166936,30.341335,44
166964,5.0123334,7
166976,29.433998,12
166984,27.485,5
166992,39.191666,35
167016,1.4453335,6
167024,32.924,22
167056,10.590001,20
167056,9.436001,18
167080,9.354667,14
167184,19.677332,32
167200,43.54667,30
167212,29.545666,7
167228,26.235666,7
167252,44.729664,59
167264,0.34966636,9
167304,4.033333,10
167336,12.787001,31
167364,35.432335,77
167372,0.059666716,9
167372,17.09,30
167376,13.8359995,18
167392,-1.7809999,7
167392,4.135,5
167420,9.100666,12
167428,4.374334,13
167456,4.0596666,9
167468,30.896332,19
167476,-1.6483334,5
167484,5.201333,14
167496,6.175667,7
167516,47.08367,31
167532,2.2129998,9
167536,12.294333,13
167540,11.185334,16
167592,40.433,19
167612,-0.60500014,5
167644,39.869335,28
167656,36.446335,29
167712,10.292335,17
167720,46.009003,27
167740,8.773667,21
167768,-3.221,7
167772,29.550999,13
167788,2.7616668,5
167808,43.179337,68
167844,5.4329996,9
167852,24.43166,35
167860,8.907334,22
167876,11.934001,22
167880,27.862331,7
167880,5.1329994,9
167908,0.5356666,7
167920,0.66700006,11
167940,-1.3316667,5
167968,11.560667,22
167976,9.359,17
167988,31.770666,12
168004,26.675667,7
168048,3.8450007,15
168068,10.451668,25
168080,13.373001,19
168096,28.842333,7
168120,11.416001,18
168148,5.257667,13
168152,62.324333,73
168168,1.9406664,12
168168,41.03067,22
168188,-1.4216666,5
168192,0.68700004,11
168232,32.626667,20
168232,33.615334,16
168264,32.512665,18
168284,15.798003,24
168284,0.57433295,13
168312,7.179,7
168360,6.3140006,12
168364,13.245002,25
168368,9.323669,21
168372,15.388332,35
168412,8.167667,13
168440,5.2526665,18
168448,7.293,19
168456,6.000333,11
168460,-0.16166675,5
168476,27.038334,5
168536,5.943001,19
168572,26.033993,52
168600,3.949,7
168612,56.68367,41
168620,6.220333,21
168632,3.4660003,8
168640,0.028999805,7
168640,-0.30499995,5
168668,2.6456666,7
168736,8.052336,17
168748,14.819002,27
168756,70.82334,70
168772,-2.4603333,9
168816,-3.8630002,11
168824,10.519,17
168828,23.706667,20
168924,45.07466,24
168932,50.17832,75
168944,0.63499975,5
168964,49.005005,35
168972,2.8300002,10
169016,21.10667,50
169020,4.241334,14
169028,6.3913336,14
169060,4.6303334,11
169064,6.333666,11
169080,18.628,34
169140,10.016003,28
169180,17.20667,30
169184,6.4769998,11
169188,21.443668,31
169236,8.394,12
169252,24.757666,43
169272,27.431667,5
169272,36.057663,23
169324,16.905,35
169384,8.086001,28
169400,34.540337,41
169424,3.822,6
169460,3.9230003,9
169476,21.735998,38
169504,41.55266,58
169508,-0.024000049,8
169512,16.370668,32
169536,30.975666,7
169540,1.2856666,7
169556,-2.505,5
169560,2.908333,5
169580,2.7883334,5
169612,37.438004,14
169620,4.2766666,10
169640,11.584667,34
169684,12.279335,18
169712,11.376001,18
169768,18.14233,37
169768,53.825657,77
169792,2.1820002,6
169812,26.371666,5
169816,45.807663,33
169828,5.694999,15
169832,19.483334,30
169856,32.520332,11
169860,3.3326666,8
169864,0.22400045,12
169888,4.282333,7
169904,15.892669,18
169928,3.372,16
169936,4.9693327,8
169956,6.999,7
169972,39.047005,21
169996,51.538334,35
170024,14.980668,22
170072,31.304,12
170100,2.595667,7
170100,41.360664,32
170104,29.548994,37
170128,2.4423335,7
170128,0.60566676,7
170136,17.434998,35
170148,32.813667,11
170164,9.882999,9
170184,2.4616666,5
170196,37.07167,15
170208,0.9120002,6
170216,-0.125,5
170220,38.111,23
170240,-1.2183334,5
170284,9.803,19
170296,12.39,20
170316,30.534006,42
170344,8.578333,15
170364,-0.26933312,12
170368,9.359334,18
170380,28.246334,9
170384,24.391998,36
170404,1.5716667,5
170416,4.6763334,9
170432,8.032333,17
170440,1.7563332,9
170448,38.93,20
170464,4.0773335,12
170508,3.7663336,19
170524,8.588335,15
170528,11.920668,22
170548,-0.18500006,5
170560,3.2929995,9
170572,-0.64466673,6
170580,-0.08833325,5
170592,2.5983334,5
170592,16.262001,36
170624,18.153,29
170636,30.341331,14
170664,7.072667,18
170700,5.486333,19
170744,25.379333,38
170744,28.447,11
170752,9.370667,22
170756,10.086668,30
170812,13.015669,17
170816,39.11933,18
170832,10.953334,20
170852,40.96467,24
170856,26.423332,10
170860,3.0106668,12
170880,3.7616668,5
170884,27.576,8
170912,2.6426666,8
170916,30.428333,15
170968,47.621334,34
170980,13.484669,24
171008,43.951004,23
171016,18.248667,26
171036,6.9146667,14
171036,25.404999,5
171036,-1.0043331,7
171064,10.748,24
171072,29.993,9
171088,8.527667,13
171092,27.411667,5
171104,10.565666,17
171120,3.9789999,7
171124,8.698335,15
171132,0.95233333,7
171148,15.991666,15
171152,24.865,5
171172,2.6376662,13
171172,0.9749999,5
171184,32.618332,15
171192,1.6583333,5
171232,7.053333,10
171232,10.611668,15
171256,14.012669,18
171280,6.904,12
171284,0.99566674,7
171292,36.005,15
171332,1.0606666,12
171364,34.256,18
171396,23.576328,29
171408,6.3770003,11
171428,2.2259998,8
171436,85.187325,72
171448,19.09633,29
171484,-0.33033347,9
171488,4.307667,13
171512,13.0703335,21
171512,24.932,6
171520,1.869667,9
171536,24.878666,6
171600,35.15867,16
171648,9.270667,12
171652,12.441668,35
171668,15.675667,37
171684,3.5363338,9
171700,29.429333,8
171732,4.2839994,12
171740,44.091003,83
171756,37.412003,26
171784,14.331,13
171800,9.316999,11
171808,49.02233,27
171832,9.077668,23
171836,31.194332,13
171856,1.168333,5
171860,7.9749994,15
171864,0.4226668,8
171868,32.595,15
171892,30.306334,9
171896,8.259,7
171912,2.2216663,5
171936,35.749332,18
171964,28.328999,7
171980,5.3870006,21
172000,28.529667,9
172020,26.564999,5
172024,33.670334,11
172060,36.253326,50
172068,-1.533,11
172116,31.821333,14
172132,10.528668,16
172148,29.862993,59
172164,8.626001,8
172168,8.531,13
172184,27.219666,9
172184,-0.39166653,5
172208,26.939999,10
172220,-1.7703334,9
172228,0.5869998,11
172240,27.956,8
172248,4.169,7
172268,0.9023333,7
172288,50.005672,67
172308,1.1366668,10
172328,-1.2783334,5
172360,16.582666,28
172360,4.359333,18
172368,11.8183365,35
172372,6.2336664,11
172388,0.09500015,5
172396,5.9663334,9
172416,1.3416667,5
172420,7.146,8
172436,26.244999,5
172440,1.2783333,5
172448,13.176334,19
172484,4.6796665,9
172496,5.7450004,15
172500,28.354998,35
172528,7.5336685,11
172556,3.7489996,7
172564,13.962335,17
172588,13.597335,22
172600,6.113666,11
172620,6.101666,5
172636,29.434,12
172660,5.8999996,10
172668,20.048668,26
172688,-1.1843334,7
172708,3.7599995,10
172716,39.706665,20
172716,29.215666,7
172724,54.083668,71
172744,2.3923335,7
172752,0.49900007,7
172760,4.9803324,11
172784,5.626333,19
172796,7.8343334,13
172824,-3.8176665,7
172840,17.690666,22
172852,10.004334,23
172872,34.530666,12
172872,-2.5416665,5
172896,2.692,6
172904,3.9553335,16
172916,-1.2583333,5
172916,8.923667,11
172924,-1.0916667,5
172944,0.91499996,5
172956,57.647667,43
172956,9.246666,10
172980,33.01967,9
172996,8.34,10
173016,2.1816666,5
173020,36.11,10
173044,24.678665,6
173044,13.327333,32
173052,40.878,24
173064,26.651667,5
173076,2.2819998,6
173096,-0.46166646,5
173100,31.252998,9
173124,1.2220001,6
173140,32.990334,11
173176,30.693,9
173208,28.150331,41
173212,9.744,22
173228,3.5609999,13
173288,39.959667,19
173328,24.196665,30
173368,11.673334,10
173396,49.829002,27
173400,52.15766,43
173428,2.7923334,7
173428,11.251667,15
173436,3.853333,10
173460,3.729333,8
173468,12.126667,10
173488,64.18601,118
173492,2.8986669,6
173492,7.474665,14
173520,-2.521,7
173536,16.196337,19
173540,-1.8883333,5
173564,3.0523329,7
173588,44.544666,24
173608,14.963333,30
173616,-0.25433326,7
173624,2.758333,15
173676,8.904332,13
173696,12.283,39
173728,18.969336,28
173732,8.109667,9
173752,25.918333,5
173752,29.758667,36
173756,33.756668,20
173784,4.8813334,14
173808,35.004665,14
173820,3.8663335,9
173824,13.925668,17
173844,4.1816664,5
173856,1.3929998,9
173864,26.791666,5
173876,44.53367,31
173876,13.739002,17
173876,3.0983334,5
173900,1.212,6
173920,2.9469998,11
173940,-2.2183335,5
173976,7.881667,25
173992,5.177666,13
174036,17.567999,34
174060,10.883667,21
174060,5.6423326,17
174080,1.4383333,5
174080,6.337,11
174096,4.706333,9
174108,1.1290002,7
174124,51.05167,65
174128,0.14499998,5
174132,30.513,9
174136,5.121333,14
174160,1.0889996,7
174176,33.0,10
174192,35.872334,17
174196,6.386333,9
174264,9.892668,18
174284,27.431667,5
174312,1.3856668,7
174320,56.42933,48
174348,32.76266,38
174416,44.031998,26
174420,17.34167,25
174460,8.123667,11
174492,24.828665,36
174504,1.5536665,11
174520,1.402333,7
174524,-1.255,5
174552,26.811329,94
174556,6.666001,8
174560,3.1033335,10
174584,3.1956668,7
174612,3.789,7
174612,39.686005,48
174632,3.6083333,5
174672,22.12,30
174688,5.514666,14
174716,7.218667,26
174716,-2.9076667,7
174716,1.1036667,11
174736,42.69133,44
174748,7.249334,8
174756,0.4183333,5
174760,10.183666,11
174780,10.345333,16
174792,30.256332,9
174816,33.695667,17
174828,0.84633327,9
174836,7.0696673,19
174856,27.949,7
174888,34.176003,18
174964,22.09233,27
174972,15.890335,21
174976,42.821667,35
175004,21.555336,56
175012,2.7663333,9
175048,16.460335,21
175092,8.750335,11
175096,13.784335,23
175108,17.401337,34
175120,26.802334,7
175136,3.0323331,7
175172,5.784333,13
175180,28.987,11
175208,22.689665,49
175216,0.8496667,9
175232,33.03167,15
175236,19.138338,35
175240,3.6993332,8
175260,2.4553328,6
175352,22.521,23
175352,40.678,34
175380,26.015667,7
175380,2.5956662,7
175416,19.281334,44
175452,6.266333,9
175464,11.107002,21
175472,23.850002,60
175476,17.981335,24
175492,2.2749999,5
175496,24.931667,5
175516,3.6149995,5
175524,42.152664,18
175536,-1.9916667,5
175564,3.3860002,18
175568,25.652666,8
175572,5.8939996,12
175600,9.036334,9
175644,7.1670003,11
175656,37.087334,22
175672,35.458336,25
175676,26.825,5
175724,-0.88166696,65
175728,14.510332,21
175728,35.194332,13
175744,3.9160006,18
175744,4.4283333,5
175752,-1.4946668,6
175772,0.012333304,7
175792,9.440667,12
175808,2.8596666,9
175824,10.068,24
175840,36.074,22
175848,7.528001,14
175860,0.6730001,9
175868,7.585667,7
175868,-1.015,5
175892,7.0260005,8
175896,37.664,22
175936,1.8570001,11
175944,8.996332,19
175952,33.868,14
175996,47.574,32
176008,8.851999,16
176052,3.2736664,11
176052,39.808334,25
176060,7.195333,16
176100,51.716995,41
176112,10.214334,13
176136,7.907,21
176164,6.5119996,16
176176,5.9853334,16
176176,31.39,10
176192,26.152332,7
176196,0.4816668,5
176200,22.80234,37
176212,4.543,9
176256,5.133667,11
176260,6.6183333,15
176264,1.6256664,17
176296,13.855336,26
176332,8.822335,17
176396,31.485,35
176436,43.698,44
176488,21.402998,39
176500,9.705335,16
176536,5.8863335,9
176564,0.17566681,7
176568,43.115993,68
176572,6.0803337,21
176580,30.728666,46
176604,29.493,9
176608,1.2870001,11
176624,1.315,5
176628,4.754,12
176632,4.8986664,6
176648,35.389668,19
176684,32.871334,14
176704,7.291333,14
176704,14.800001,20
176728,-0.11133361,6
176736,42.578667,26
176756,35.862667,18
176772,5.115667,17
176776,1.994,12
176792,6.531334,14
176832,8.549999,10
176864,43.164337,23
176904,21.029,37
176908,5.6130004,19
176928,26.585,5
176948,34.217,11
176968,28.876667,10
176988,10.750001,10
177024,3.2529998,9
177036,50.00501,65
177048,26.658667,46
177048,6.132,6
177092,29.207,11
177092,9.2369995,11
177100,13.984334,33
177112,25.831667,5
177120,-1.5316668,5
177120,4.1956663,7
177148,4.123,9
177180,-1.3240001,8
177196,37.073,19
177200,1.331667,5
177216,58.151672,45
177224,26.182333,7
177244,2.5323334,7
177252,2.2956662,7
177264,0.9316666,5
177272,-1.625,5
177284,26.465,5
177292,3.6416664,5
177300,13.905001,25
177304,60.52533,46
177312,0.9756663,7
177340,6.4463344,9
177368,33.554665,14
177436,16.922335,17
177496,76.95033,51
177520,26.031666,45
177528,36.025658,57
177540,27.878334,5
177552,11.8063345,29
177560,4.7149997,5
177564,3.6990006,17
177580,4.7623334,7
177596,29.213,9
177616,2.6296663,9
177624,5.295,15
177640,30.720333,11
177660,31.310333,11
177696,23.687336,42
177700,10.036335,19
177716,12.113001,19
177724,-2.101,7
177728,5.2923326,17
177740,3.0500007,10
177744,2.959,7
177776,7.3673325,12
177784,7.7870007,11
177796,-0.44500005,5
177880,12.300335,21
177900,26.931667,5
177920,-1.5083333,5
177920,21.729668,49
177932,12.998999,37
177948,26.859,7
177960,38.68467,54
177984,13.227666,13
177984,6.4653335,16
178000,5.1043334,13
178020,28.203,9
178028,1.220333,11
178088,0.55899954,17
178096,25.317997,34
178104,16.969667,19
178148,9.568335,15
178156,12.139668,39
178172,9.363002,19
178196,31.733334,10
178204,1.5793335,8
178220,41.632668,18
178236,9.940001,10
178240,0.072999954,9
178244,15.564999,35
178324,11.504002,22
178332,18.816004,28
178344,28.118334,5
178368,47.75367,31
178368,2.7896667,9
178376,49.071335,34
178392,30.594,12
178396,2.1283336,5
178404,6.4230003,9
178492,22.054668,24
178504,8.355,25
178524,4.036,8
178564,31.990997,43
178568,1.1836667,11
178592,4.3723335,7
178596,26.909,7
178624,21.286665,30
178648,29.886662,70
178652,1.9123333,7
178672,3.5216668,5
178700,14.7820015,26
178704,4.5713334,14
178724,28.258333,5
178728,12.651335,14
178756,0.5189998,7
178760,3.356333,9
178772,17.068335,45
178792,-2.1483333,5
178824,8.728667,16
178836,7.6999993,20
178844,2.0776668,13
178860,32.959667,9
178864,26.251667,5
178868,2.0560002,8
178884,35.418663,46
178896,26.869,7
178896,-1.1270001,9
178920,0.039666653,9
178928,37.292,16
178944,3.9706655,12
178964,3.5063334,9
178968,2.758667,6
178988,2.678667,6
179020,19.510332,31
179020,1.0709995,13
179040,1.8783334,5
179052,23.260996,33
179080,37.385002,15
179116,5.1896663,9
179136,20.759,37
179140,39.41733,22
179140,23.515,25
179168,9.927667,13
179232,13.848668,16
179244,40.395336,26
179284,-4.7683716e-07,10
179296,34.168667,16
179312,26.415667,7
179316,23.968,44
179336,2.3249998,5
179364,3.249,7
179368,33.156,58
179376,8.592001,16
179392,51.308,24
179404,-0.78033334,9
179408,12.740334,11
179468,5.7686667,16
179472,13.599999,20
179480,41.242,26
179500,1.2759999,8
179512,4.7560005,8
179520,11.047335,12
179520,1.1516666,5
179528,26.566668,30
179532,0.29500002,5
179568,7.0173345,12
179572,2.9203334,11
179592,-0.36833334,5
179608,-1.0033332,10
179624,10.7820015,26
179660,9.315668,17
179672,49.31167,35
179680,7.1493335,18
179708,31.646334,9
179744,6.5920005,16
179768,5.009,27
179804,2.063,9
179840,19.064339,33
179840,45.668,24
179852,33.034,12
179872,-0.70500004,5
179876,32.659668,9
179896,1.7983334,5
179896,36.901337,14
179924,-1.3143333,7
179972,44.331665,25
179996,10.634998,25
180012,1.1899998,10
180024,1.1523334,7
180072,6.498333,15
180088,15.345335,16
180128,15.234668,14
180148,22.86533,56
180172,2.3286667,6
180172,68.472336,137
180196,2.5453334,6
180216,2.6783333,5
180292,20.10034,41
180312,2.6513333,24
180332,6.56,10
180340,45.661,63
180368,2.1956668,7
180372,36.896667,50
180380,4.322333,17
180424,3.821001,23
180424,10.487667,13
180428,37.168335,15
180448,27.351665,5
180468,6.380333,11
180480,16.531666,25
180524,17.948336,25
180532,6.0976663,13
180548,9.293335,20
180572,2.488667,6
180592,24.655336,36
180612,0.3316666,5
180616,4.153667,11
180632,18.831669,25
180644,3.0623333,7
180648,14.710335,31
180668,2.1383333,5
180676,-2.363,11
180692,7.154,12
180696,0.809,7
180700,9.004,22
180716,30.166666,10
180720,-1.0883332,5
180732,6.5633335,10
180744,3.2020001,6
180784,-0.70433354,17
180804,-0.85833335,5
180824,12.141003,23
180848,22.606,38
180848,5.8103323,11
180864,19.393333,30
180868,4.087,11
180884,1.0196664,9
180888,24.878334,5
180892,28.535667,7
180928,29.753334,10
180936,15.507336,22
180948,-1.545,5
180968,-0.9383333,5
181004,19.449333,28
181012,19.05967,19
181016,8.1206665,12
181016,16.38433,33
181044,4.7356668,7
181048,3.5563338,9
181052,33.514,12
181072,-1.1276667,7
181080,-1.1676668,7
181108,10.895,15
181120,1.497333,12
181132,6.0109997,13
181140,25.418333,5
181140,10.030333,31
181168,5.575,15
181172,3.2893338,8
181184,8.910334,11
181200,2.836,8
181208,9.3530035,19
181228,30.233665,11
181228,0.16499999,5
181236,7.1553335,16
181264,3.833,9
181268,9.625668,17
181280,5.870333,11
181284,2.3146672,14
181296,10.162666,8
181316,1.5516666,5
181332,35.39733,12
181340,15.416,18
181352,-1.4283333,5
181368,14.140666,22
181388,31.759666,9
181412,26.665333,6
181452,30.443333,10
181484,6.4796667,29
181500,22.583334,40
181520,25.384998,5
181548,9.165335,16
181592,21.668335,35
181628,6.1133337,20
181696,42.25467,44
181728,54.374332,103
181732,31.606333,9
181748,27.198334,5
181776,29.202333,7
181780,38.572334,47
181796,10.622,16
181796,15.770666,42
181808,30.889,7
181860,11.808668,16
181876,8.875,25
181888,9.069999,20
181912,28.017666,13
181932,0.7870003,11
181940,53.235336,36
181964,46.084,22
181996,12.090334,21
181996,28.019333,8
182032,8.780998,23
182032,28.529667,9
182048,5.1143327,13
182072,5.793334,10
182072,0.22866678,6
182088,29.074665,14
182088,36.079666,39
182108,5.7549996,5
182128,3.956667,10
182144,32.486332,9
182164,5.416333,9
182176,4.6193333,8
182176,41.078667,26
182216,1.8376669,13
182236,5.908334,5
182240,29.588665,16
182252,62.698334,45
182292,3.9333332,10
182304,24.727333,32
182312,27.431667,5
182368,8.868,14
182376,13.828335,35
182376,7.9260006,18
182404,28.986334,9
182404,-0.731,7
182408,29.824,42
182432,25.642334,7
182460,33.360336,21
182484,16.846333,19
182504,4.6593328,18
182512,1.7923331,7
182524,33.545334,16
182532,1.0623332,7
182560,46.259666,39
182572,1.4233336,10
182580,7.4323316,17
182600,29.782333,7
182608,3.0423336,7
182620,27.471666,5
182628,-0.58833313,5
182648,-0.51433337,7
182696,21.008001,34
182712,33.665665,47
182744,3.5673335,12
182760,5.784001,12
182760,21.904333,33
182796,1.0263338,9
182828,13.720336,21
182856,7.952334,7
182868,34.95267,18
182880,19.533333,30
182900,33.890335,11
182932,34.13433,13
182932,4.769334,8
182956,-0.37800002,6
182988,51.33499,85
182996,5.83,10
183024,2.1423328,7
183076,61.157333,52
183084,11.411668,15
183096,19.443666,41
183144,12.187334,12
183144,6.3689995,17
183164,1.3383334,5
183180,35.038002,24
183180,5.1196666,9
183200,39.441,53
183216,32.159668,9
183244,13.815334,16
183248,10.007334,12
183264,36.771667,25
183284,4.6,10
183292,3.3589997,7
183292,1.949667,19
183308,9.605,15
183312,27.345,5
183312,26.198334,5
183320,4.2429996,9
183340,4.4616666,5
183364,33.631,13
183372,8.365,15
183376,4.7963333,9
183396,26.222666,8
183396,13.800666,22
183400,2.469,7
183424,4.269,7
183444,3.4136665,11
183480,26.943,9
183488,41.441,23
183496,11.59,30
183500,4.3216667,5
183520,26.385,5
183552,5.4886665,16
183572,26.425,5
183580,18.87367,21
183584,46.47,40
183588,35.432335,17
183608,-0.1583333,5
183608,5.012333,7
183668,0.9016665,15
183668,12.438002,24
183676,4.3356667,17
183688,40.80867,26
183704,3.8730001,9
183720,10.177002,11
183732,26.062332,7
183740,11.882668,18
183760,5.095,5
183772,13.451002,13
183784,6.1119995,6
183784,18.221333,24
183800,3.0923333,7
183812,4.3256664,7
183836,41.328667,26
183856,3.7703338,11
183884,56.22834,25
183888,29.355999,8
183892,32.348,14
183908,26.338333,5
183928,4.143667,11
183928,3.156333,9
183928,20.973999,32
183976,7.3090005,17
183980,34.364334,13
184004,2.619,7
184044,18.559668,29
184048,3.7736669,11
184076,28.205666,7
184140,23.256666,40
184152,19.349005,27
184160,3.0549998,5
184184,49.019,27
184216,2.772667,8
184228,8.929666,19
184236,40.292324,77
184260,10.471668,25
184268,-0.21066666,8
184268,33.974335,13
184288,2.0349998,5
184328,11.309002,17
184336,40.565666,17
184356,3.5516665,5
184360,44.514336,33
184396,6.349666,9
184428,34.232666,18
184464,43.59133,34
184484,7.2080007,14
184504,0.5933335,10
184512,19.783,29
184516,33.778996,57
184556,2.030333,11
184588,30.322666,8
184608,37.457664,23
184612,47.234,32
184644,19.181667,35
184664,9.016335,19
184696,33.35367,21
184696,13.287668,13
184736,2.64,10
184756,11.428335,15
184776,3.7233331,10
184776,4.8450003,5
184808,31.129995,50
184808,3.6393332,8
184828,19.120333,41
184848,1.5583332,5
184852,33.377,11
184876,19.974998,25
184920,18.519333,28
184932,9.248,14
184932,11.187002,21
184952,-0.53166664,5
184964,1.5860001,8
184964,9.740334,11
185012,36.308334,15
185016,4.4443336,13
185028,59.314667,44
185036,-2.4913332,6
185052,11.574001,22
185064,2.3296666,9
185088,1.1443335,13
185104,12.730668,22
185112,7.6750007,15
185120,4.5646667,14
185124,28.358334,5
185144,7.2980003,14
185160,4.1,10
185168,29.703667,11
185172,34.321667,15
185188,1.5849998,5
185196,8.117666,13
185224,1.3390003,7
185264,25.345333,26
185288,44.123,29
185372,11.302336,27
185388,11.835001,25
185408,29.342,46
185436,5.3723335,7
185448,4.681666,15
185516,11.860001,20
185532,9.693668,21
185592,34.595,15
185620,5.9523335,7
185644,39.615993,68
185672,3.7843328,13
185676,26.793335,40
185684,31.313332,10
185684,46.80468,124
185700,31.569,7
185704,-1.3516666,5
185708,31.216,8
185712,29.955666,7
185772,9.592667,18
185776,12.372668,18
185788,39.45,20
185836,4.655,15
185852,18.901667,35
185880,11.277667,23
185880,13.047,11
185900,1.1083333,5
185920,3.5499997,10
185928,35.709667,39
185936,10.873667,21
185960,1.8353333,6
185964,6.370333,11
185976,5.9429994,19
185996,-2.9083333,5
185996,26.109333,8
186004,4.3136663,11
186020,1.2819998,6
186040,21.845997,28
186044,-0.44133306,6
186060,0.47166657,5
186112,13.469667,29
186136,39.333,19
186148,6.7163334,9
186176,1.5356665,7
186236,44.496,58
186252,10.709668,19
186256,2.5550003,5
186268,16.854332,33
186312,9.978003,14
186320,44.04966,69
186352,8.285001,25
186356,12.927336,22
186380,6.8989997,7
186408,1.3876666,13
186436,17.183668,31
186440,37.385002,15
186476,10.382999,9
186488,53.660667,42
186500,8.611,23
186524,4.8106666,12
186528,27.475666,7
186544,27.751667,5
186560,17.699333,18
186572,28.355667,7
186584,31.755665,37
186592,1.1283332,5
186600,11.509334,18
186604,34.503666,11
186612,-2.241,7
186640,6.923334,10
186640,3.1896667,9
186660,0.56400025,12
186660,26.605,5
186660,10.305667,17
186688,0.9423333,7
186708,8.332334,17
186720,-1.3683332,15
186756,29.279667,9
186776,11.239,17
186792,24.112,26
186812,2.148333,5
186832,7.1596675,19
186860,9.766999,21
186864,27.896,8
186908,37.68133,24
186916,29.744333,13
186964,24.685331,26
186984,2.4816668,5
187048,19.097668,33
187052,15.552005,36
187084,36.655003,25
187112,-0.6010001,7
187116,12.102333,17
187132,0.034999967,5
187144,1.4923332,7
187176,7.252667,8
187212,28.456333,9
187220,128.97334,140
187232,-1.5050001,5
187248,19.886335,29
187260,20.483995,52
187264,6.357,11
187276,0.32233334,7
187304,29.362333,7
187304,-1.2329999,11
187328,24.785334,6
187328,16.558002,24
187336,13.139335,18
187336,29.302666,8
187348,0.26166654,5
187356,2.1516666,5
187356,1.039,7
187368,27.925,5
187380,8.787001,11
187384,2.1623335,7
187404,1.4696662,9
187440,3.5463336,9
187464,15.072334,27
187472,7.984002,22
187516,5.676333,19
187544,3.949,7
187548,39.763668,21
187560,19.215,45
187572,26.878666,6
187580,4.036333,9
187600,2.4799998,10
187644,30.944336,43
187672,7.746,18
187708,8.000667,32
187748,7.352999,19
187784,51.177666,53
187804,-0.895,5
187812,36.252,16
187820,33.93467,44
187892,14.9800005,20
187896,28.148998,47
187900,42.201332,24
187908,9.380668,22
187952,6.695,15
187968,14.855667,17
187984,12.784001,22
187996,15.410669,22
187996,2.4723334,7
188024,4.095667,7
188028,3.3269997,11
188032,8.263334,20
188056,8.231667,15
188080,1.3143334,13
188084,6.131,13
188100,27.311666,5
188128,4.095667,7
188136,15.940001,20
188156,34.206,18
188172,12.085669,37
188176,4.1216664,5
188204,0.54233336,7
188236,33.44867,16
188256,24.040668,32
188256,0.8976667,13
188276,0.26166677,5
188276,3.265,5
188296,3.6183333,15
188320,15.282001,46
188324,32.084,12
188344,11.799002,17
188356,27.013,9
188400,2.871333,14
188412,6.6079993,14
188416,14.614332,23
188432,47.531334,34
188436,1.9116664,5
188436,28.486332,9
188456,1.2550001,5
188476,9.297,11
188480,14.612333,17
188508,6.414335,13
188520,9.137,21
188524,6.9336667,11
188536,3.4756665,7
188540,0.47166693,5
188560,27.885,5
188592,4.525666,17
188596,53.410004,30
188620,26.458666,6
188644,4.761,13
188648,0.41233325,7
188668,24.365,5
188692,23.149664,39
188744,5.0876665,13
188772,2.6856666,7
188776,7.189002,27
188780,29.498335,55
188824,5.100333,11
188832,6.215,15
188860,17.846998,21
188872,31.279999,10
188892,5.0259995,8
188908,32.05867,66
188912,-0.22833323,5
188912,4.6099997,10
188920,42.501335,24
188936,4.0856667,7
188940,26.871666,5
188952,5.3999996,10
188964,2.0056667,7
188968,35.278,14
188976,0.69866645,6
189000,5.8130007,9
189004,5.0723333,7
189004,30.879665,9
189036,30.282665,8
189056,42.909668,29
189060,31.404667,14
189100,0.6203332,11
189116,18.253336,20
189160,25.556671,40
189160,35.818333,15
189188,11.940666,32
189216,1.3413334,14
189240,22.253664,31
189244,-0.16433334,7
189248,19.654,22
189260,2.2483335,5
189268,2.2186666,6
189300,31.514334,13
189304,2.0696664,9
189316,10.394669,14
189348,1.3193333,8
189348,53.443336,40
189380,-0.36066675,8
189384,12.913336,20
189392,39.694336,23
189424,0.33933306,8
189428,30.393665,11
189440,-0.6783334,15
189444,25.598333,5
189456,2.7790003,7
189468,3.979,7
189512,2.0636666,11
189520,12.353002,19
189520,9.705334,16
189548,0.73300004,9
189564,7.1970005,11
189588,12.359001,17
189632,3.3503327,11
189640,39.057663,23
189668,13.802002,26
189688,6.398,14
189724,8.357,21
189764,13.169668,19
189772,73.12533,106
189772,22.142004,26
189792,3.2756667,7
189792,5.068333,5
189792,1.4516666,5
189792,11.715668,17
189812,29.225,5
189820,-0.9243332,7
189848,28.168999,7
189860,9.069001,17
189868,25.871666,5
189912,1.1143334,13
189988,19.82,30
190004,40.48433,23
190004,38.107666,53
190032,62.868324,55
190068,3.7030003,9
190072,9.738999,17
190088,0.96500003,5
190096,5.0810003,23
190104,9.209666,29
190124,2.8156667,7
190144,27.231667,5
190156,8.927666,13
190172,12.390335,21
190204,1.8426665,8
190212,6.1590004,17
190248,7.6830006,9
190256,9.055002,25
190284,4.3966665,20
190308,12.505003,15
190316,7.1716666,15
190324,2.0633333,10
190348,2.6433332,10
190364,1.8940005,12
190388,7.219999,10
190396,59.870327,81
190404,27.39,10
190424,1.3556666,7
190444,5.3879995,14
190468,37.110336,11
190488,0.79166675,5
190500,17.098001,24
190512,25.258667,6
190528,29.955666,7
190548,2.9096665,9
190568,17.223667,31
190616,16.567333,22
190636,0.7583333,5
190672,3.8863328,9
190676,20.725666,27
190764,15.151001,23
190792,0.8656688,117
190800,39.733665,31
190820,3.3079996,14
190828,6.2256665,7
190848,30.411667,75
190856,28.579666,9
190880,27.145332,6
190916,36.709,17
190956,6.9966664,10
190964,3.3236666,21
190980,38.039333,38
190996,17.833668,51
191008,26.662333,7
191028,0.57500005,5
191032,4.4529996,19
191032,10.452333,17
191068,5.189334,18
191072,30.176666,10
191092,4.6383333,5
191116,2.2003336,21
191172,17.236666,20
191192,2.8616667,5
191208,21.368338,35
191212,26.898335,5
191224,58.446327,49
191276,4.008667,16
191304,37.614666,24
191384,15.833335,20
191384,12.229002,27
191404,27.465,5
191404,48.817337,72
191408,34.271996,46
191424,-0.42166662,5
191424,7.763334,10
191452,1.7023335,7
191464,-0.9483334,15
191472,-0.07500005,5
191496,4.972667,8
191508,1.2396667,9
191520,20.875998,28
191540,11.853001,29
191560,0.1183331,5
191572,16.319668,19
191572,10.231001,13
191584,-0.19800007,6
191596,0.94200003,6
191616,3.4993339,8
191644,26.089,7
191704,10.394335,33
191704,17.092999,49
191720,39.116333,19
191732,6.9256663,7
191752,27.931667,5
191768,7.9153333,16
191784,33.195335,16
191808,32.614334,53
191820,30.919666,9
191836,7.535668,17
191848,0.72666657,10
191848,29.129,7
191876,54.263664,31
191884,3.4930003,9
191888,29.026667,10
191900,4.115333,6
191904,0.625,5
191924,1.3663332,9
191968,8.335667,17
191972,5.2906675,12
191996,18.714334,23
191996,-1.5079999,6
191996,37.19,40
192008,2.7633333,10
192016,2.4716666,5
192044,5.5056667,7
192044,33.459663,9
192056,5.6383324,15
192064,0.66233325,17
192080,9.236334,9
192104,0.05000019,10
192112,7.661333,14
192116,3.386333,9
192136,2.8816667,5
192160,0.5206671,12
192188,-0.3590001,13
192192,-1.3006666,8
192236,31.362665,48
192300,26.029667,49
192312,22.580334,31
192332,42.468,24
192344,3.573667,11
192364,8.094334,13
192384,-1.0949999,5
192408,9.499668,19
192408,5.3286667,16
192416,4.912667,8
192428,3.1516669,5
192440,31.184004,62
192456,1.8140001,12
192468,3.124333,13
192496,5.4399996,10
192496,26.185665,7
192512,11.97367,21
192524,3.6856668,7
192532,-0.20499992,5
192552,8.178,14
192552,2.8790002,7
192572,25.931667,5
192584,7.694333,13
192588,44.359,37
192616,7.4656672,7
192656,12.816002,18
192676,2.8316665,5
192724,29.683998,12
192732,29.220001,40
192732,23.985006,45
192760,25.565334,36
192772,33.190666,12
192776,8.763666,11
192796,0.10166693,5
192800,36.299004,17
192836,10.392002,16
192848,-1.256,12
192892,30.940332,11
192916,-0.7313334,6
192972,22.214664,34
192980,12.402,46
192984,11.342333,17
192996,-0.034666657,6
193024,5.046666,10
193024,-1.073,11
193048,30.230999,13
193048,55.487335,72
193092,2.732333,17
193112,6.728666,16
193124,38.009666,19
193140,0.92900014,7
193148,6.074666,14
193156,20.390999,33
193160,2.4316666,5
193176,-1.3756667,13
193212,3.2043333,13
193216,8.731667,15
193224,29.170666,12
193228,8.78,20
193252,9.846666,10
193264,30.533333,10
193280,2.6423335,7
193312,2.1273334,12
193340,0.08233333,7
193356,15.219668,19
193376,19.729004,37
193392,-3.3656669,13
193396,2.815,5
193428,3.1463332,9
193496,12.642336,17
193520,15.180334,31
193536,13.441666,45
193540,3.375,5
193556,39.498333,15
193568,3.506,8
193580,18.166994,91
193588,24.931667,5
193592,5.4576664,13
193592,3.9063332,9
193616,1.4356668,7
193632,30.483334,10
193644,30.127666,13
193668,-2.1803334,9
193684,7.7933326,10
193704,28.158333,5
193732,-2.0410001,7
193772,11.1986685,26
193772,25.909332,48
193780,14.0373335,12
193824,10.097666,13
193832,39.968002,54
193844,15.596002,18
193848,41.265667,17
193880,4.2073336,12
193896,6.8626676,18
193920,10.119667,19
193956,18.575665,27
193956,12.486335,19
193956,3.4530003,9
193988,25.629333,8
193996,48.021667,25
194008,2.7149997,5
194008,33.701,13
194016,9.618333,15
194052,5.701333,14
194076,16.912334,17
194084,28.816,8
194092,13.923,19
194128,2.480333,11
194132,32.748,14
194136,8.583999,32
194140,1.007333,12
194156,30.642334,7
194164,0.5093334,8
194176,-3.3203335,9
194220,9.643666,11
194224,5.9050007,15
194244,3.9416666,5
194260,6.3386664,26
194272,47.24133,34
194276,2.6793332,8
194296,25.458332,5
194300,1.9599998,10
194304,33.800335,21
194320,34.097336,12
194324,25.378334,5
194344,25.391666,5
194348,31.807335,12
194376,4.5926666,8
194396,27.534,12
194440,46.660004,30
194448,31.120998,13
194456,57.0,40
194476,7.399,7
194480,14.388666,26
194480,8.176666,10
194524,6.539,17
194552,10.589667,19
194552,30.202333,7
194572,12.841001,23
194572,1.2049999,5
194592,41.449333,28
194624,5.2393327,18
194636,10.175333,16
194672,2.1596668,9
194684,5.8043327,23
194700,37.723,19
194708,2.1763332,9
194728,33.757,11
194740,8.093998,42
194756,1.9156668,7
194768,26.035667,7
194772,4.099334,18
194776,40.489,17
194796,24.972,6
194816,26.224998,5
194844,7.090667,22
194868,0.20533311,6
194888,2.725,5
194892,52.163002,29
194904,44.020668,22
194932,1.2756667,7
194940,5.351,13
194960,28.985,5
194960,6.0189996,17
194976,44.343994,52
194988,1.3023334,7
195040,3.275333,16
195064,18.671999,26
195064,10.106334,19
195084,8.257002,11
195088,28.452,6
195108,0.68700004,11
195108,4.5486665,6
195116,4.9323335,7
195128,6.5883336,5
195152,8.190333,11
195152,1.602,6
195164,27.34933,58
195180,0.042333364,7
195196,1.5403333,11
195232,11.690999,13
195256,18.227669,23
195260,26.915667,7
195284,3.102,6
195296,15.075001,25
195316,61.260002,50
195328,27.869333,8
195332,18.176334,19
195344,30.171665,15
195348,-0.3316667,5
195380,10.715334,16
195380,28.189667,9
195400,17.875666,17
195428,-0.35099995,7
195428,8.247333,12
195432,8.114334,13
195456,1.9956665,7
195504,13.182667,18
195536,9.166668,20
195568,65.488335,55
195576,16.785664,37
195584,11.010669,12
195592,36.144,22
195612,2.165,5
195620,9.113667,11
195640,3.908,14
195648,10.536667,20
195648,27.189,7
195672,33.82167,15
195728,13.907334,22
195736,8.943998,22
195748,2.045,5
195772,26.433666,31
195792,31.803667,11
195808,12.936002,18
195828,1.2263334,9
195832,26.166672,40
195852,36.84667,20
195872,27.978333,5
195876,4.824,12
195892,7.2783327,15
195896,2.0583334,5
195908,11.091667,25
195912,3.4933333,10
195928,27.265,5
195940,5.183667,11
195956,-1.9276667,7
195976,8.072,16
195984,10.245667,7
195988,13.321333,24
196040,10.948333,25
196088,14.306002,28
196096,14.532669,28
196144,47.256332,39
196156,33.93833,15
196172,2.4056668,7
196180,7.364333,23
196200,19.92667,40
196208,25.569,7
196208,4.1996665,9
196244,30.716333,9
196244,2.8863335,9
196296,4.9576664,13
196312,6.122333,17
196376,37.055336,16
196388,32.22567,47
196424,52.768997,67
196428,17.95767,33
196444,8.884666,14
196492,6.759001,17
196520,3.2530005,19
196520,12.631001,23
196544,6.3510003,13
196564,5.1203337,11
196576,28.696,8
196576,40.546665,50
196588,5.7556667,17
196600,6.6096673,9
196604,3.7523334,7
196608,-2.075,5
196628,7.2209992,13
196652,35.36767,13
196656,31.097666,13
196664,1.8130004,9
196676,-0.485,5
196708,-1.2773334,8
196744,27.054665,34
196764,24.851665,5
196776,10.698999,17
196788,53.993668,31
196792,23.868332,35
196840,4.686333,19
196872,4.2433333,20
196884,38.858,24
196892,28.844334,13
196900,3.439,7
196920,27.118332,5
196928,29.866003,38
196944,36.405,15
196972,29.302334,7
196972,0.8276665,13
196980,31.004002,22
197004,4.613001,19
197008,2.6863337,9
197052,6.0473332,12
197068,7.714,22
197080,-0.8076666,7
197092,13.533333,30
197096,28.915667,7
197116,1.2449999,5
197128,3.7006662,12
197188,8.742666,18
197192,8.9383335,25
197216,11.460668,22
197232,33.317,11
197232,5.4033327,10
197236,0.13166666,5
197272,50.66867,66
197332,21.454664,24
197384,10.0826645,38
197392,46.64,40
197396,19.247002,31
197420,31.193,9
197440,8.890333,11
197448,40.539665,29
197464,-4.163,11
197468,1.7456666,7
197468,41.532997,19
197492,30.477001,11
197520,1.005667,7
197536,14.445665,17
197548,11.793667,21
197576,29.546665,10
197588,22.46667,30
197600,-2.7446666,6
197632,28.682667,8
197644,43.80133,24
197652,0.125,5
197696,37.624336,13
197696,9.599001,27
197696,5.5803328,11
197716,-0.2116667,5
197732,46.85434,53
197764,12.932335,17
197780,4.1086664,16
197800,2.2329998,9
197824,26.105333,6
197848,5.825333,6
197852,11.029334,18
197856,21.706669,40
197876,-0.89166665,5
197900,0.5009997,13
197928,4.8096666,19
197956,21.355331,56
197964,12.355335,16
197988,40.03267,28
197992,32.246334,9
198008,-1.875,5
198016,41.014,22
198020,1.829,7
198020,33.468,14
198028,25.298332,5
198040,28.651667,5
198052,1.1986666,6
198076,2.6613333,14
198092,5.6343336,13
198096,10.596666,20
198128,11.887667,13
198132,29.72,10
198148,8.124666,24
198156,5.845667,7
198168,1.7416666,5
198184,-0.82099986,7
198188,27.791666,5
198192,2.9449997,15
198196,21.898338,25
198208,-1.6183333,5
198212,0.6716667,5
198236,5.8856664,7
198244,4.3826666,8
198244,7.084001,12
198280,1.283,9
198280,29.786333,9
198332,5.1210003,13
198336,47.864998,25
198340,5.6516666,15
198352,27.218334,5
198356,3.0283332,5
198368,35.30534,46
198388,-1.3040001,8
198396,4.3556666,7
198416,6.9923334,7
198416,12.416336,19
198456,9.318334,15
198460,10.592336,27
198468,34.601,13
198480,6.212,6
198512,27.984333,13
198532,3.4176667,13
198540,5.425667,7
198580,21.340328,41
198600,-0.75166655,5
198616,20.643667,21
198616,6.476333,19
198644,28.418005,44
198684,10.0736685,21
198696,14.377667,13
198716,24.298332,5
198724,11.949002,27
198744,4.9989996,7
198744,0.28833318,5
198748,46.324333,33
198764,24.931667,5
198792,20.109,27
198816,1.3153335,6
198844,0.6756666,7
198860,12.821337,24
198880,4.706333,9
198904,29.653337,40
198916,19.780666,42
198948,44.804,22
199012,11.099001,27
199012,19.498,24
199028,30.315664,37
199056,28.668999,7
199060,10.0493355,28
199064,7.077667,13
199088,1.509,7
199088,9.433,19
199128,3.9166665,10
199136,13.376668,20
199156,0.17500007,5
199160,20.201334,24
199176,13.734001,22
199192,4.8960004,8
199192,5.236334,9
199244,4.6623335,17
199252,43.226997,31
199252,34.83167,15
199268,0.25966668,19
199280,27.175667,7
199288,1.0083332,5
199296,1.1776667,13
199308,4.7879996,14
199332,2.998667,6
199332,-0.3936665,9
199340,3.7349997,15
199352,-1.3050001,5
199368,2.2890005,7
199412,2.9269998,11
199420,24.671005,33
199448,0.18566668,7
199452,14.375001,25
199476,31.012,36
199496,25.391666,5
199496,6.7636657,21
199524,34.826,18
199540,33.183666,11
199548,4.951666,25
199560,-0.3236667,9
199568,-0.22766662,7
199588,1.5483332,5
199620,9.452667,18
199648,-1.5010002,7
199668,39.749,27
199688,4.5116663,5
199728,32.329327,58
199748,7.401666,15
199748,24.771667,5
199760,22.241001,43
199776,3.3156662,7
199780,0.2850001,5
199796,25.251667,5
199844,13.258001,24
199856,33.36733,52
199864,3.7816668,5
199896,38.728333,25
199908,13.437332,32
199940,7.1136665,11
199948,37.527664,23
200004,1.8680003,14
200008,42.39833,25
200028,3.071666,5
200068,9.482002,16
200076,50.694664,34
200080,25.904665,54
200136,16.972334,27
200164,28.675667,7
200184,-1.2449999,5
200232,23.980333,41
200264,16.85233,47
200312,39.859333,58
200316,47.347668,33
200356,14.313667,11
200384,30.595667,7
200392,9.756335,19
200412,1.1523334,7
200448,8.403,9
200476,5.5723333,7
200512,55.68,30
200548,41.686985,71
200564,33.987335,22
200576,27.295666,7
200584,3.848333,5
200608,2.736,8
200608,69.24132,94
200652,4.0836663,11
200664,4.626666,20
200668,28.849669,39
200672,0.6016669,5
200688,26.305,5
200724,1.6010002,13
200724,2.8616662,15
200732,22.166994,31
200776,15.264001,22
200784,9.044333,13
200828,9.4643345,13
200828,6.165333,26
200844,45.200005,30
200848,2.3883333,5
200848,36.958664,16
200868,24.471666,5
200868,1.7116666,5
200872,-0.65433323,7
200900,1.1793334,8
200904,32.253002,9
200912,4.797001,21
200924,3.0249996,5
200932,10.785002,15
200972,6.346,18
201024,9.034335,13
201040,36.729668,29
201084,25.420994,43
201084,4.295,15
201112,20.605,45
201124,9.283667,21
201132,4.3106666,12
201152,-1.8983333,5
201164,36.45667,20
201164,33.441,13
201184,2.0716667,5
201184,26.105,5
201200,6.960667,12
201212,-1.2543334,7
201232,1.3316667,5
201248,3.6520004,16
201252,-1.9983335,5
201288,11.244,22
201320,8.086,18
201324,8.1396675,9
201348,0.809,7
201372,3.2053335,6
201392,-0.33833325,5
201444,38.074333,13
201452,60.640663,82
201464,13.931668,35
201480,3.7896667,9
201504,3.681,13
201508,28.935665,7
201536,27.815666,7
201544,9.970001,20
201568,35.72299,79
201580,30.999666,9
201588,14.427002,21
201588,5.827667,13
201616,5.432334,7
201620,34.124332,13
201668,5.5076656,13
201672,18.417667,23
201676,8.177333,22
201684,33.462,16
201716,29.189333,8
201720,-1.0226665,12
201728,9.171001,13
201740,-0.23500013,5
201752,38.163666,21
201772,5.250333,11
201776,0.5619999,6
201788,11.692666,18
201792,26.651667,5
201844,19.335335,26
201880,5.6463327,9
201896,43.873337,30
201900,26.318333,5
201924,5.0523334,7
201948,11.163002,39
201956,6.8346677,14
201960,3.5229998,9
201964,22.887999,44
202012,33.078667,16
202024,4.692,16
202032,-1.6450001,5
202088,19.431,33
202164,27.290998,33
202176,19.887669,53
202176,8.097333,22
202204,6.342333,7
202212,25.568998,47
202224,27.511665,5
202240,9.913002,19
202248,5.823,9
202288,14.168667,16
202304,55.690666,32
202328,41.66667,20
202332,27.435667,7
202332,7.9136667,11
202336,11.681335,24
202408,8.159668,19
202424,11.771335,24
202428,1.3516667,5
202448,1.9616666,5
202456,3.876,8
202544,21.714664,24
202564,3.7416668,5
202568,60.972664,58
202576,35.04032,61
202584,0.2750001,5
202604,9.529666,9
202612,1.3823333,7
202612,25.692999,39
202616,4.743334,10
202648,30.786333,9
202648,27.159666,9
202668,-1.6283333,5
202700,2.873667,21
202732,40.17733,32
202736,38.400665,22
202748,7.4706674,12
202780,29.930332,11
202788,23.323332,30
202808,3.1983333,5
202852,22.658669,26
202888,6.9500003,20
202940,22.433336,40
202960,37.362328,57
202976,16.493666,31
202980,12.564335,23
202996,-0.30500007,5
203000,-1.2516667,5
203004,14.488666,16
203004,7.0603337,11
203020,1.565,5
203024,27.391666,5
203032,6.445667,7
203036,6.136667,10
203068,31.943,9
203072,10.764334,13
203092,1.9816668,5
203100,6.8563333,19
203108,4.5833335,10
203112,-1.0883334,5
203120,25.585,5
203156,8.823333,30
203168,36.751667,15
203188,0.5616667,5
203196,13.267003,21
203216,-1.0776666,7
203240,13.130335,21
203260,33.110332,11
203260,26.445,5
203260,38.778664,16
203288,1.7356668,7
203292,6.4193325,8
203316,-0.058000088,6
203324,6.4220004,16
203340,9.037666,13
203348,36.709003,57
203372,31.341331,14
203384,29.056332,9
203384,10.548334,15
203404,1.4716666,5
203420,7.9900002,20
203424,28.678333,5
203440,2.968,14
203460,-1.047,9
203484,5.720333,11
203496,2.3463335,9
203560,19.221668,35
203580,52.78734,52
203600,2.3133333,10
203636,2.2429996,9
203648,33.276,38
203652,27.337332,42
203668,6.2139993,22
203672,2.2463331,9
203672,-0.42833334,5
203692,1.1849998,5
203692,3.9149995,5
203716,3.4273334,12
203744,5.0656667,7
203748,11.671667,25
203760,37.035667,17
203768,-2.198,6
203772,13.973333,20
203780,27.649334,8
203788,5.0490003,7
203796,4.615667,7
203824,33.417,11
203868,18.67467,24
203916,8.727667,23
203920,8.924334,33
203920,14.301001,13
203944,14.54567,37
203972,36.634666,14
204024,6.1976657,13
204032,18.456001,28
204036,14.474335,23
204052,27.049,7
204060,2.689,7
204072,1.5116665,5
204096,32.595,15
204116,0.9236667,11
204116,4.3879995,14
204144,2.725666,7
204144,27.835667,7
204172,75.36433,63
204192,1.894,12
204220,18.603672,31
204220,2.5923333,7
204232,12.180669,22
204256,15.053667,21
204276,0.6183332,5
204284,0.6953337,16
204308,1.9886668,6
204324,6.3609996,23
204372,5.1573334,12
204396,9.257334,22
204400,43.56833,45
204428,20.769337,38
204436,5.805333,16
204444,28.370667,12
204452,26.432,6
204472,11.952669,18
204480,28.867,11
204520,36.065666,17
204568,12.990667,22
204608,31.131329,34
204616,35.108,24
204628,-2.0983334,5
204636,27.758333,5
204680,39.342667,28
204684,47.923332,60
204708,1.9719996,6
204712,15.783668,21
204716,6.5099998,20
204764,41.546997,21
204776,4.2790003,17
204780,5.6123333,17
204804,8.32,10
204820,15.042,26
204832,10.061001,13
204840,0.044999957,5
204856,12.196667,20
204896,3.3379993,14
204896,14.497666,23
204916,8.741667,15
204932,-0.7703334,9
204944,9.405999,28
204956,8.08,10
204960,28.095667,7
204996,30.203335,10
205008,15.995999,28
205036,33.203,19
205040,28.709333,8
205040,4.640334,11
205064,0.8623333,7
205084,25.398333,5
205104,16.436663,40
205116,37.96633,19
205140,2.8396668,9
205144,30.415667,7
205164,1.1120001,6
205192,24.528996,27
205216,0.21433342,13
205220,27.149,7
205272,2.554334,13
205292,-0.76500005,5
205328,30.826332,9
205356,55.451004,53
205388,31.438332,15
205420,68.311676,95
205452,32.968666,16
205464,42.578995,27
205480,25.789,7
205500,33.099667,9
205556,9.529667,19
205584,5.5269976,21
205624,55.733665,51
205668,3.8336663,21
205684,10.101667,15
205684,50.307335,32
205704,67.01732,122
205708,-0.021333218,6
205720,5.963,9
205744,0.9796665,9
205772,3.5189996,17
205772,27.905666,7
205776,5.8146667,14
205800,4.155667,7
205828,-0.46099997,7
205832,23.920336,41
205860,7.953667,21
205868,29.849667,9
205880,4.4483333,5
205892,9.441999,16
205896,21.570333,31
205908,1.8956667,7
205940,9.553664,11
205980,8.11,10
205996,6.5019994,26
205996,19.90067,22
206016,26.411667,5
206020,19.939333,38
206056,34.119667,19
206064,36.75567,17
206124,32.911667,15
206152,32.447998,34
206172,10.377334,12
206180,29.276999,31
206184,23.333664,41
206192,26.038334,5
206212,25.985,5
206216,-0.0036666393,9
206236,5.993666,21
206252,31.839666,9
206272,7.951668,15
206272,2.9883332,5
206288,-0.3546667,26
206300,4.5719995,16
206316,3.6756663,7
206348,6.2329993,19
206356,34.698,14
206372,1.4320002,6
206400,9.333668,21
206412,14.545004,35
206420,1.1350001,5
206428,13.891335,14
206432,1.425,5
206468,27.193333,10
206548,40.399666,29
206592,62.12433,43
206600,33.274334,13
206620,0.65566635,7
206640,1.2316666,5
206664,3.9986665,16
206688,59.514336,83
206708,39.686665,60
206744,12.0580015,14
206764,36.405,25
206776,23.351336,34
206804,39.311333,24
206820,12.549665,19
206840,11.653002,19
206840,3.2496665,9
206860,26.025,5
206864,3.3286664,6
206892,3.6459997,8
206892,0.2523334,7
206904,5.180666,32
206924,7.802667,8
206932,6.8033333,10
206944,9.016998,31
206960,8.228001,14
206988,8.705334,16
207016,16.49267,18
207016,9.594667,14
207016,28.585667,7
207036,-1.525,5
207036,0.93833333,5
207044,2.742333,7
207060,27.352001,6
207080,0.2850001,5
207100,36.034668,14
207116,29.022,46
207148,32.437332,12
207172,19.388,34
207260,17.245333,36
207264,44.566334,29
207284,-1.7983333,5
207292,7.2893333,8
207296,16.903666,31
207316,27.645,5
207320,3.4156666,7
207356,7.306333,9
207376,24.985,5
207388,19.918669,26
207388,36.026,18
207412,45.771004,83
207432,7.6403337,11
207440,9.614332,13
207452,12.256335,19
207480,6.756667,10
207484,13.476002,18
207488,6.146333,9
207524,29.553,9
207552,11.066,18
207560,33.27733,32
207568,4.650334,11
207572,-0.8783332,5
207592,25.239334,8
207600,5.0793333,8
207608,5.756333,9
207628,0.3316667,5
207644,30.980999,13
207672,33.032333,47
207684,12.653668,21
207684,2.1913338,14
207696,33.034332,13
207704,1.4949999,5
207724,1.4516667,5
207744,11.882668,18
207752,20.192335,17
207768,34.876003,18
207780,0.709,7
207812,-1.253,11
207812,39.003998,22
207824,33.417,11
207860,1.7906665,12
207888,27.772001,36
207904,6.5403337,11
207940,28.606333,9
207956,29.212,36
207960,26.765,5
207976,6.1206675,22
207976,23.732666,38
208004,0.85899997,7
208004,5.9969997,11
208024,1.3983335,5
208028,2.3009999,13
208032,-0.7876667,7
208104,7.1256685,37
208132,4.2556663,7
208148,48.333664,31
208160,23.234,32
208188,33.48133,14
208196,7.9773335,12
208216,26.485,5
208228,27.849998,10
208228,7.5856676,17
208260,34.39367,11
208296,1.8723333,17
208316,44.354004,22
208340,2.5770001,11
208344,12.440336,21
208384,94.61633,89
208384,1.1333332,10
208396,38.59,20
208404,25.351665,5
208404,1.0950001,5
208428,28.702667,8
208432,4.1123333,7
208452,6.0873322,12
208468,11.444001,32
208500,6.682666,18
208564,48.559334,28
208612,38.564995,45
208636,10.056001,18
208664,4.891,13
208680,51.338333,45
208692,5.305666,7
208696,32.961666,15
208744,46.12966,69
208760,8.382001,16
208804,19.903666,31
208808,11.8686695,16
208848,13.187333,22
208856,13.811001,13
208876,26.991667,5
208896,42.590336,51
208896,8.964001,12
208916,30.705,5
208960,30.930332,11
208980,4.7283335,5
209004,9.952333,27
209044,29.34,10
209048,1.3256669,17
209080,32.913002,9
209096,7.1140003,12
209108,30.208338,75
209124,4.3789997,7
209176,21.941338,24
209180,40.92533,76
209204,10.166668,20
209220,42.14933,28
209232,5.8743334,13
209236,5.365,15
209252,9.486001,8
209272,2.073,9
209284,3.5743332,13
209300,28.755665,7
209316,-0.9339999,8
209320,2.1083333,5
209344,20.404999,35
209356,10.928665,26
209372,2.594667,14
209376,9.871334,14
209376,27.685,5
209392,31.970665,12
209408,26.929333,8
209408,28.819666,9
209452,10.279667,19
209512,18.855337,26
209520,19.374004,32
209532,0.6016667,5
209548,2.445667,7
209560,53.906006,38
209580,3.4339993,12
209608,52.70967,39
209620,36.056,18
209620,4.3599997,10
209644,29.076332,9
209676,4.9593334,8
209680,34.111668,15
209704,39.285336,36
209724,15.395334,26
209736,8.401669,15
209740,5.4063334,9
209756,9.939669,19
209784,7.477,11
209808,6.3593326,18
209828,13.395331,26
209836,5.7533336,20
209872,10.837335,22
209892,31.381336,14
209900,37.122665,18
209904,37.971336,24
209908,3.2263334,9
209936,0.5823333,7
209952,1.5049994,15
209956,25.985,5
209960,5.021667,15
209972,11.169,17
209984,27.302334,7
210008,11.977333,12
210040,10.171335,14
210060,2.9816668,5
210064,33.267998,14
210100,42.080666,32
210108,19.81967,39
210120,11.654668,14
210120,-0.31833333,5
210124,2.9686668,16
210148,30.342333,7
210152,6.656999,11
210168,-0.85833335,5
210176,9.684669,14
210200,6.284,12
210220,0.10833311,5
210224,44.215004,25
210236,31.612335,17
210248,5.012333,7
210252,5.902334,7
210264,0.9356668,7
210264,16.117332,22
210276,3.2356668,7
210292,5.619,7
210308,32.888,14
210320,10.021336,14
210376,10.4470005,21
210388,15.569334,28
210400,9.187664,23
210404,28.415667,7
210424,29.733,9
210428,29.602333,7
210448,31.097,11
210468,4.9136662,11
210468,-1.1083333,5
210488,1.0183332,5
210500,22.708336,45
210516,0.6923332,7
210524,7.1113315,14
210536,2.6616669,5
210560,52.560997,33
210600,22.881666,25
210612,9.376331,19
210616,4.0946665,14
210632,28.138332,5
210640,1.6266669,10
210656,44.581,33
210676,3.3196669,9
210676,2.2083333,5
210684,10.635668,17
210696,2.2216668,5
210704,26.691666,5
210720,5.573666,11
210724,0.265,5
210732,4.2649984,25
210752,2.8223336,7
210760,2.4766665,10
210780,27.942333,7
210780,-0.35266662,12
210824,29.600334,11
210836,8.1380005,14
210876,3.0976667,13
210880,21.166672,30
210896,28.598333,5
210904,0.62866664,6
210916,-0.60500014,5
210936,39.518333,25
210952,39.15133,64
210972,10.924667,14
210976,1.7986665,6
210988,6.6343327,13
211000,15.971336,24
211036,2.9416666,15
211044,6.701333,14
211080,5.869666,9
211080,2.9603333,11
211088,14.249668,29
211100,8.931667,25
211108,3.1616664,5
211120,25.991665,5
211144,33.735336,16
211152,8.852667,8
211164,0.90166664,5
211176,33.715668,17
211188,6.5529995,9
211200,6.0596666,9
211260,39.136,18
211272,12.139334,18
211324,40.485672,37
211328,9.261334,14
211332,50.050995,63
211352,27.878334,5
211352,5.2853336,6
211360,7.049666,9
211388,3.553,9
211428,9.396333,19
211468,31.316666,20
211484,54.168663,56
211524,6.5580006,14
211544,7.6316667,15
211564,18.358,34
211576,6.1443334,13
211596,37.626328,59
211600,9.124666,14
211616,-1.6683334,5
211624,3.3549995,15
211636,7.8449993,15
211672,9.958001,14
211696,-0.66800004,6
211700,18.308332,25
211728,27.078999,7
211752,18.220667,32
211776,9.677332,12
211792,37.868,24
211796,4.4803324,11
211804,5.3823333,7
211848,3.3076665,13
211868,33.298668,16
211880,17.183998,22
211896,19.64833,65
211916,29.306334,9
211952,41.097,21
211952,28.846333,9
211972,20.110332,31
212024,-0.929,13
212032,37.553333,20
212048,26.672,6
212088,3.02,10
212092,-1.3249999,15
212096,14.085334,36
212116,3.9919994,6
212124,7.689667,9
212136,3.031667,5
212168,10.396002,18
212168,1.8236663,11
212172,25.856337,69
212184,4.2506666,12
212200,30.076,8
212224,33.934334,13
212228,5.1123333,7
212248,12.662002,16
212256,27.355999,8
212256,1.7489998,7
212292,2.9830003,9
212292,5.257,11
212308,30.201,13
212320,30.809,7
212328,0.9583334,5
212344,15.181334,44
212376,8.071332,14
212376,9.710335,21
212380,29.373,9
212424,7.423667,11
212436,11.868334,15
212444,44.506332,29
212448,1.622,6
212456,-1.0616667,5
212500,49.787003,31
212508,9.068335,15
212516,7.411667,15
212520,0.5116668,5
212540,-3.3216667,5
212544,3.223,9
212544,-2.0276666,7
212568,27.369,7
212588,51.15867,36
212596,12.637669,13
212604,4.9096665,9
212608,2.2616665,5
212636,2.1190002,7
212648,29.543667,11
212668,0.42833328,5
212692,17.312334,37
212720,13.1570015,21
212720,3.2310004,13
212748,20.266,38
212756,25.783,9
212800,29.927,11
212820,25.325,5
212828,32.703335,20
212828,12.069,27
212852,5.8353333,6
212856,3.2123332,7
212864,5.750333,11
212872,-1.4216667,5
212880,48.67234,47
212904,3.8973336,12
212908,25.265667,7
212936,0.5356666,7
212944,4.053333,10
212952,3.9666672,20
212988,28.939667,9
212992,32.534668,14
213012,-1.6983334,5
213012,38.228996,17
213016,4.0723333,7
213032,1.615,5
213056,7.8103333,11
213108,6.8176665,13
213112,6.471334,24
213112,25.324001,62
213128,-0.495,5
213140,42.579002,27
213144,4.6926665,8
213164,29.053,9
213172,37.615,15
213180,3.343,9
213200,5.1983333,15
213208,0.8130001,9
213224,7.4469995,11
213224,3.4816666,15
213244,2.0583334,5
213252,7.2409987,13
213256,7.3826666,8
213264,9.494668,14
213272,4.2716665,5
213280,5.586333,9
213300,1.4089998,7
213312,7.918,14
213336,28.969666,9
213348,6.163,9
213364,0.41900003,7
213388,15.937,31
213392,30.369,7
213408,15.904003,32
213432,28.090332,11
213452,3.6436667,11
213464,45.373,29
213472,13.883335,20
213484,27.511665,5
213488,37.82467,14
213496,35.21367,11
213516,29.837,11
213520,3.3496666,9
213536,1.4799999,10
213564,3.8639991,12
213572,33.291,13
213580,5.3436675,11
213596,3.192,6
213616,27.414,32
213644,2.1289997,7
213648,10.579001,17
213648,12.227001,21
213676,15.606668,20
213676,4.292667,8
213680,27.315998,8
213696,28.965,5
213700,0.59833336,5
213740,3.6520002,16
213756,10.785,15
213784,15.02467,34
213816,16.523,29
213844,29.691666,15
213856,44.353,29
213876,21.916668,30
213884,0.97566664,7
213896,2.085,5
213920,-2.0013335,6
213924,5.4000006,10
213940,39.458,24
213960,3.373333,10
213968,6.677,11
213984,1.8236665,11
213988,0.072333336,7
214012,8.330333,11
214032,31.237333,12
214040,10.474334,13
214064,44.983994,62
214084,29.342667,18
214088,34.781334,14
214104,26.318333,5
214120,2.873334,20
214140,28.353,9
214140,-1.0083333,5
214144,38.61,20
214164,4.885,5
214184,7.837,11
214256,39.526337,29
214268,24.571665,45
214276,7.2860003,28
214284,4.9923325,7
214296,15.869331,28
214300,29.576,8
214304,26.962334,7
214316,4.1283336,5
214328,26.819,7
214356,1.8409998,13
214360,7.7636676,11
214384,13.098335,25
214388,4.5260005,8
214456,7.672334,17
214460,14.026333,19
214488,-2.1976666,7
214500,24.720997,43
214508,1.2883332,5
214512,19.63933,38
214528,25.325,5
214540,4.027,21
214548,25.938334,5
214560,30.270666,12
214576,27.882332,7
214588,17.937334,22
214596,0.08833337,5
214624,1.3696668,9
214648,8.881,13
214676,15.514667,34
214712,2.413,9
214720,25.886667,40
214736,41.569336,28
214748,8.304997,25
214764,4.4276667,13
214792,2.565667,7
214808,5.4916663,15
214812,36.986332,19
214816,7.5746665,24
214848,29.076,8
214852,8.330334,11
214860,6.844001,12
214888,30.293,9
214932,41.55033,21
214940,58.622337,37
214964,8.329668,19
214992,3.839,7
215032,1.3133332,10
215044,17.858671,26
215072,8.343333,10
215072,30.282333,7
215088,30.402327,57
215092,21.98333,40
215092,27.471666,5
215092,3.1083336,5
215128,3.1163328,9
215136,5.833666,11
215156,27.011665,5
215176,3.595,5
215184,12.531001,23
215256,7.5193343,18
215276,25.091667,5
215320,32.48033,11
215340,41.557663,53
215356,57.58568,67
215372,24.396334,49
215380,6.521666,15
215384,-2.8309999,7
215432,34.981003,13
215444,7.716001,18
215444,37.842003,26
215460,32.023003,19
215512,10.036669,20
215520,33.791668,15
215548,3.2289996,7
215556,6.9803333,11
215560,42.173004,29
215596,4.2139997,12
215600,6.9003334,11
215616,3.4316669,5
215620,0.30166674,5
215632,58.68566,47
215660,5.2536664,11
215660,19.038332,25
215680,4.255,5
215684,6.8919997,16
215704,11.629333,18
215740,34.718,14
215740,30.813334,20
215744,2.8566668,10
215752,31.932667,18
215780,3.1456666,7
215780,10.226666,10
215848,14.972002,26
215848,8.889,17
215872,-1.1580001,6
215880,26.624996,35
215884,3.1763334,9
215908,1.5696665,9
215916,17.79467,34
215928,3.2740002,12
215936,34.734333,13
215972,34.298668,16
215980,5.9803333,11
216028,8.327999,14
216032,11.433001,29
216036,34.858,14
216056,17.337334,32
216064,2.1156669,7
216076,0.34833327,5
216084,15.127666,13
216096,11.812334,17
216124,0.8723333,7
216132,4.9906664,12
216132,11.969001,17
216160,39.767,21
216164,3.0700002,10
216188,12.391335,14
216200,2.2029996,9
216220,2.8883333,15
216232,12.7403345,11
216240,9.019,27
216248,1.1023332,7
216256,-0.6446667,6
216264,35.222,16
216268,-0.50833344,5
216276,-0.10500002,5
216280,3.1699996,10
216300,2.0919998,6
216312,4.576,8
216340,8.416668,10
216412,7.0026665,18
216420,20.796335,39
216432,52.96367,41
216436,1.6086669,6
216472,28.563332,10
216484,28.777664,43
216492,1.6783335,5
216544,5.2876673,13
216556,9.7560005,18
216564,11.850667,32
216564,13.025333,36
216572,27.389,7
216596,0.4286666,6
216620,1.0253333,6
216656,3.7096665,9
216672,48.643005,29
216684,1.8723334,7
216684,39.74667,30
216684,46.53334,30
216704,25.845,5
216724,5.8599997,10
216728,2.7936668,11
216744,5.4666667,10
216752,29.629,7
216772,-1.2516668,5
216792,7.8140006,12
216808,6.7263336,9
216808,10.234668,34
216832,14.212,26
216836,2.0403333,11
216836,-1.161,7
216904,11.199335,18
216908,15.322668,18
216940,34.739666,9
216968,5.332333,7
216976,44.33167,35
216996,5.6056666,7
216996,4.081667,5
217016,51.749,27
217052,1.1463335,9
217072,26.381998,66
217100,3.4489994,7
217100,3.7753313,26
217116,11.775335,16
217132,29.136,8
217144,3.5870004,11
217160,0.30233335,7
217180,52.485336,46
217184,38.389,17
217200,28.351665,5
217244,16.961666,25
217252,6.437666,13
217276,2.966,8
217288,11.845334,26
217316,3.3666668,10
217344,27.242332,7
217352,10.875335,16
217364,0.39166665,5
217384,-4.9756665,33
217396,-1.1739999,8
217428,9.856333,19
217452,39.352333,17
217488,5.437668,23
217492,16.882,16
217504,89.291985,86
217516,9.218666,16
217552,30.115334,16
217552,8.215,15
217572,36.087997,14
217572,15.769003,17
217592,6.0666666,10
217600,29.197334,12
217600,3.0923336,7
217628,1.7423335,7
217656,4.8046665,14
217672,40.95334,20
217676,2.0783334,5
217680,18.879002,27
217696,4.6016665,5
217704,24.512,6
217724,6.601666,5
217748,24.410002,30
217752,3.9389997,7
217796,2.867,11
217872,14.043001,19
217880,23.827662,33
217892,25.001667,55
217920,0.9990001,7
217924,1.4003334,11
217932,6.671668,15
217952,28.089,7
217956,4.4786663,6
217964,5.9636664,11
218000,5.056333,9
218020,25.611668,5
218024,3.5923333,17
218024,7.5993333,18
218060,29.959667,9
218080,-0.4316666,5
218152,17.807667,33
218188,4.3663335,9
218212,0.004333496,33
218216,58.05334,130
218220,39.85299,49
218240,0.9009998,13
218240,-0.4443333,7
218252,4.3263326,9
218260,29.96,10
218296,3.6429996,9
218300,5.0839996,12
218304,10.515335,16
218344,8.301999,26
218360,33.015,15
218396,6.149667,9
218408,16.142002,26
218416,0.54499984,5
218428,14.470337,21
218432,26.198666,6
218452,-1.645,5
218460,0.0836668,11
218464,4.226333,9
218484,-0.815,5
218500,59.70034,51
218516,36.051334,14
218540,-0.20133328,6
218556,9.752667,18
218584,25.749,7
218620,27.973,9
218644,34.935993,48
218644,11.745338,26
218648,-0.431,7
218664,2.3316665,5
218668,26.638332,5
218696,10.5910015,13
218708,37.647335,52
218760,1.4646665,24
218764,44.961334,24
218780,39.34367,21
218780,0.13499999,5
218800,2.343,9
218832,3.1426666,8
218840,11.518334,15
218852,20.632004,36
218860,10.156668,20
218860,0.34166658,5
218904,32.604332,13
218904,6.7903333,11
218932,13.262667,18
218948,2.3270004,11
218964,39.467667,33
218976,33.683666,11
219004,11.78167,25
219028,1.9476666,13
219040,6.063,9
219044,37.084667,24
219048,6.9603333,21
219064,5.123,9
219072,1.6653333,6
219092,4.4909997,13
219116,6.7926664,18
219128,5.7163334,9
219136,26.265,5
219156,0.18566656,7
219208,5.8759995,18
219244,57.34433,43
219248,3.8433337,10
219256,17.411669,25
219276,26.352667,8
219292,42.942326,57
219300,-2.4490001,13
219312,32.546333,9
219340,3.9690003,7
219340,31.063667,21
219344,30.944334,13
219368,7.985667,17
219368,2.7556667,7
219384,11.083333,10
219396,4.3523335,7
219408,8.459,17
219440,3.3726666,8
219452,37.43467,14
219468,22.935001,25
219492,28.806667,10
219500,0.9259999,8
219520,27.251667,5
219528,15.78067,22
219532,17.835667,37
219540,12.007335,12
219548,0.6356667,7
219556,28.615665,7
219568,2.509,7
219600,2.0536673,11
219620,11.577335,22
219664,3.1853333,16
219676,9.044,32
219696,27.285,5
219700,29.599667,9
219716,12.678001,24
219716,26.172333,37
219736,2.6563334,9
219756,5.048333,5
219772,1.8380003,14
219780,14.923668,21
219832,17.089668,29
219852,25.345,5
219876,41.845333,26
219884,10.202,26
219912,29.869,7
219920,6.0923343,17
219924,35.880672,42
219980,20.068665,26
220008,12.978,24
220024,9.261999,26
220036,11.366001,28
220060,2.2163334,9
220064,29.691334,14
220072,3.5263336,9
220092,4.329,7
220100,32.02233,7
220116,2.6413329,14
220120,1.0283334,5
220120,1.7256668,7
220156,29.053001,9
220184,2.579,7
220200,43.98833,55
220212,17.031,23
220260,13.076332,19
220276,36.443,19
220296,2.0416667,5
220316,1.8416669,5
220320,16.809,27
220332,6.086,18
220344,3.3490002,7
220348,29.822666,58
220352,25.858334,5
220408,20.387333,22
220440,16.504667,24
220444,2.5830002,9
220464,21.026333,29
220476,5.8526664,8
220508,31.650333,11
220576,50.791336,34
220588,47.512993,59
220588,21.536001,28
220592,10.690334,21
220684,44.978004,24
220704,14.4539995,32
220724,-1.22,10
220740,4.026334,9
220752,27.342333,7
220768,30.964668,44
220796,2.2356665,7
220796,34.544006,52
220840,6.793667,11
220840,30.437,11
220852,41.34833,25
220892,10.131,13
220896,18.21967,39
220900,11.661667,15
220920,25.978333,5
220920,31.109001,17
220924,3.2623339,7
220948,26.002333,7
220956,7.179666,9
220976,26.729,7
220980,6.505333,6
220996,27.485,5
221008,1.5289999,7
221020,15.404667,24
221028,23.944664,34
221028,1.8683331,5
221060,0.25933325,8
221064,29.443666,11
221064,2.803,9
221084,4.644,22
221092,1.9290001,7
221108,34.763668,11
221112,6.107667,13
221132,-0.10133314,6
221152,31.318333,15
221156,6.009333,18
221160,6.899,7
221196,1.7370002,11
221220,5.495333,16
221224,9.635335,16
221252,-0.31433332,7
221272,30.517666,13
221336,16.510334,21
221356,2.8683333,5
221376,25.404999,5
221392,44.703335,70
221396,22.077,31
221412,42.59133,54
221424,9.557334,12
221436,27.507,11
221464,28.729,7
221484,-0.008333445,5
221536,38.872665,28
221540,3.0980003,14
221556,28.086668,40
221568,2.2989998,7
221568,28.696337,39
221576,-1.3583333,5
221584,6.0506673,12
221600,5.052666,8
221628,8.195002,15
221652,4.3343334,13
221676,9.388332,25
221696,-0.6029999,11
221704,0.009000063,7
221712,11.227331,32
221716,27.165,5
221720,-0.069000006,23
221724,0.635,5
221744,25.845,5
221772,1.629,7
221772,8.884666,14
221816,33.531998,26
221844,1.6689999,7
221848,7.6540017,32
221884,3.9433336,10
221916,16.535336,36
221916,11.635668,17
221932,59.173332,40
221952,29.226334,9
221960,26.315666,7
221960,9.146335,19
221996,33.957,11
222036,14.3029995,19
222056,31.545,15
222060,22.101665,25
222088,10.781,13
222092,18.481335,44
222092,2.583,9
222124,2.303,9
222136,11.453,19
222136,27.607,11
222144,34.754333,13
222164,1.5556666,7
222172,29.955666,7
222172,4.039667,9
222192,-0.8649999,5
222204,11.196667,10
222240,6.1863327,9
222272,12.515,25
222328,13.733667,51
222340,19.059,37
222356,39.443665,21
222372,29.207,11
222388,16.625666,37
222404,1.2139995,12
222408,-0.9316667,5
222424,40.253666,21
222436,2.329,7
222440,2.3063333,9
222460,3.7086668,6
222480,3.1016667,5
222508,8.239002,17
222540,8.911667,15
222560,3.1343334,13
222560,0.40166664,5
222572,22.995667,37
222580,2.3416665,5
222588,3.2723331,7
222616,32.14633,9
222628,36.934658,64
222664,29.904,12
222668,12.814667,24
222692,13.542003,16
222692,36.818665,26
222720,27.008999,7
222720,3.3756669,7
222728,6.585334,16
222740,8.162668,18
222760,-1.0983334,5
222764,1.4130001,9
222780,24.825,5
222800,4.8283334,5
222816,13.361001,13
222824,36.582,26
222844,17.597,31
222896,10.040001,20
222916,19.521,23
222928,38.807,21
222956,4.9856668,7
223000,8.720334,11
223008,10.111,23
223020,3.2616665,5
223080,12.572669,18
223080,60.13867,46
223108,7.2240014,22
223108,7.8923335,7
223164,52.250336,91
223204,41.514664,24
223224,4.135,5
223224,9.626333,29
223248,16.497335,42
223300,14.766335,19
223316,6.6623335,17
223328,-2.9143333,7
223344,40.02,30
223344,1.2456666,7
223372,0.912333,7
223392,11.462001,16
223396,3.895333,6
223404,7.6649995,15
223408,72.20699,61
223416,26.998333,5
223432,4.465667,7
223436,1.395,5
223452,2.3416667,5
223468,30.262667,8
223484,10.451,23
223484,13.146334,19
223508,6.1366673,10
223516,11.195334,16
223528,1.8983331,5
223532,34.590668,12
223560,27.782665,8
223576,30.000332,11
223616,0.8266666,10
223624,17.555666,27
223624,9.1553335,16
223644,30.175667,7
223656,27.862667,8
223664,2.938333,5
223684,7.1590004,7
223748,50.787003,31
223768,1.0870001,21
223776,2.579,7
223796,49.506004,78
223796,26.491667,5
223832,2.2729998,9
223852,1.2216666,5
223852,5.534666,14
223900,32.957336,12
223904,35.424335,13
223924,25.505,5
223924,23.909666,39
223928,45.471996,66
223976,0.59066653,12
223988,2.0019999,16
223992,10.977669,23
223992,6.035667,17
224012,26.531666,5
224016,26.185333,6
224024,30.984001,12
224048,33.685,15
224060,3.6229992,9
224092,5.2736664,11
224104,33.417,11
224120,16.338667,26
224128,2.9396667,9
224128,11.1396675,29
224180,30.951,13
224192,12.850666,22
224196,2.5829997,19
224204,10.946336,19
224216,1.185,5
224220,0.21333337,10
224272,29.144333,13
224272,6.1289997,17
224300,16.952332,27
224308,29.059666,9
224312,9.530001,10
224332,3.0049999,5
224348,12.647667,33
224356,34.224667,14
224376,11.222335,17
224412,17.115334,16
224432,10.124998,25
224440,29.022333,7
224452,16.871338,24
224452,3.2363336,19
224460,0.5583334,5
224464,28.082666,8
224496,-1.563,11
224520,4.529,17
224528,6.5990005,17
224568,8.462668,18
224572,3.301,13
224576,2.4973333,12
224616,2.7573333,12
224624,9.240667,12
224644,1.0283333,5
224648,10.396333,19
224648,5.6726665,8
224680,4.9960003,8
224684,4.2530003,9
224688,10.943668,11
224696,75.222664,58
224708,2.6683333,5
224720,7.416667,10
224728,0.7903334,11
224736,11.803333,10
224748,26.845,5
224748,-0.29999995,10
224772,33.126335,9
224776,0.032333255,7
224792,25.351665,5
224796,25.538334,5
224820,1.8423332,7
224836,9.296333,29
224860,14.012669,28
224864,31.950333,11
224868,0.53933334,8
224888,13.481002,23
224920,0.6293335,8
224920,7.8283324,15
224924,34.111332,14
224952,25.918999,7
224956,10.4176655,23
224984,2.1053343,16
224988,11.5423355,17
224992,29.946333,9
225004,0.5116668,5
225012,-0.2983333,5
225024,30.696335,9
225032,0.6856667,7
225044,4.1593337,8
225080,4.3840003,12
225084,37.518333,15
225088,5.3270006,11
225100,0.9816667,5
225120,59.493996,42
225132,2.800333,11
225164,12.042002,16
225180,9.858334,15
225212,-1.0493333,12
225216,0.6363331,9
225232,2.1816664,5
225244,39.452667,28
225248,26.262667,8
225268,-0.6813334,6
225284,28.076332,9
225296,27.845667,7
225300,40.29134,54
225320,2.5116665,5
225332,4.2573333,12
225352,24.851665,5
225384,-1.7173332,8
225424,0.9933331,10
225428,18.154335,33
225444,25.305,5
225488,48.020668,42
225508,25.471666,5
225548,36.713333,30
225556,31.390667,12
225584,65.69267,88
225596,28.04,10
225612,2.028667,16
225612,28.269,7
225616,18.24767,43
225616,27.545,5
225640,3.2756667,7
225664,2.8640008,12
225668,28.909,7
225716,7.2409997,13
225736,25.050333,31
225740,4.4159994,18
225756,0.8966665,10
225824,10.159,17
225836,12.774667,24
225844,-1.885,5
225904,8.775668,17
225920,50.17199,76
225960,29.266666,10
225980,3.4416661,5
225980,13.023001,19
226000,46.038654,66
226008,5.119,7
226012,1.5193334,8
226020,27.265,5
226048,27.889,7
226048,26.433666,51
226060,5.000666,12
226060,35.767666,13
226076,4.0056667,7
226080,2.9616666,5
226084,4.266333,9
226108,5.0956664,7
226136,3.8109999,13
226180,1.977,11
226196,27.111336,34
226260,9.008669,16
226260,9.683333,20
226280,24.971666,5
226304,60.013,49
226324,-0.5383334,5
226332,34.902668,18
226340,43.702,66
226380,1.2099999,10
226400,34.462334,17
226400,2.1316667,5
226420,16.634668,24
226448,1.3956664,7
226456,33.158,14
226460,5.5583324,15
226472,26.352,6
226504,4.6293335,8
226516,42.818333,15
226520,12.398336,15
226524,2.7883332,5
226540,25.558332,5
226584,35.379,17
226600,1.1183335,15
226628,2.0336661,11
226632,20.275667,27
226652,6.818667,6
226712,93.13933,108
226720,11.404,22
226756,21.248667,26
226760,8.874001,12
226784,3.0119998,6
226792,25.209337,48
226800,15.936669,20
226812,25.998333,5
226824,5.8690004,17
226832,-3.7383332,5
226848,11.104001,12
226864,30.853333,10
226904,33.286667,10
226908,52.710327,31
226916,4.1070004,21
226944,6.907999,24
226948,10.197001,11
226960,0.00033318996,11
226960,2.917667,13
226976,2.8089998,7
226980,0.31500018,5
227000,-0.77166665,5
227004,9.003668,11
227012,2.5896673,9
227064,4.8886666,16
227088,18.237001,21
227092,2.7889998,7
227108,27.600332,41
227120,26.502666,8
227120,14.059001,27
227148,6.0656667,7
227164,5.2593327,18
227172,3.1520002,6
227216,34.554333,13
227220,33.664,12
227244,29.522333,7
227244,20.986998,31
227264,33.183,39
227264,2.928333,5
227272,4.4523335,7
227308,1.9003332,11
227336,4.2886667,16
227384,2.7773335,12
227384,53.960335,41
227480,36.23467,24
227480,14.891335,24
227484,33.618336,55
227488,32.944996,45
227508,30.282333,7
227516,27.893,9
227520,28.699665,9
227520,-2.0806665,8
227548,7.1323333,7
227576,7.3156667,17
227584,9.249665,9
227608,13.017667,23
227612,2.289,7
227636,2.815,15
227644,5.579666,9
227656,5.008333,5
227688,4.6563334,19
227688,9.127001,11
227716,13.131667,15
227724,1.9496665,9
227732,38.200993,53
227736,-1.145,5
227768,4.8100004,20
227768,5.723666,11
227788,3.7146668,14
227804,6.689667,9
227808,1.5616667,5
227832,-1.9776666,7
227840,9.549334,18
227844,8.272333,27
227848,5.1499996,10
227904,33.151333,14
227932,12.894999,25
227960,2.6389997,7
227968,4.088666,16
227988,26.182333,7
228000,33.68333,40
228016,20.17767,43
228040,1.9576662,13
228044,1.1790001,7
228052,28.871,13
228072,1.1956667,7
228076,19.458998,27
228100,14.385001,15
228112,6.9916673,15
228116,2.6469998,11
228120,26.251667,5
228140,-0.2476666,7
228164,8.417334,12
228164,24.624,22
228184,4.6083336,5
228192,15.0076685,13
228208,2.9153333,6
228212,1.1116668,5
228224,21.522,26
228228,-0.0016667843,5
228236,14.266003,18
228248,0.24633336,9
228256,0.044999957,5
228284,2.312333,7
228284,2.0696664,9
228292,41.148666,16
228336,12.879335,28
228376,30.426666,10
228384,20.838335,25
228404,17.39667,30
228428,2.2443335,13
228432,2.6739998,12
228452,2.2373338,12
228460,35.537334,42
228460,30.802334,7
228464,31.973,9
228516,35.774666,14
228520,14.482333,17
228568,8.591001,13
228588,28.647,31
228596,22.98133,34
228600,-0.6573334,8
228640,1.3009998,13
228652,30.960999,13
228656,21.681332,34
228660,1.3883333,5
228676,13.203335,20
228692,4.543,9
228696,0.4083333,5
228696,2.1269996,11
228744,0.33399987,12
228748,34.181,13
228764,45.072,26
228764,4.1150002,5
228792,5.323667,11
228816,10.634335,13
228824,2.406,8
228824,13.027666,33
228836,3.3126664,18
228860,2.9963336,9
228868,3.5759997,8
228892,15.403002,19
228940,6.3593335,18
228952,10.231001,23
228960,26.711666,5
229000,5.723333,10
229040,13.6640005,22
229052,5.8909993,13
229068,1.9456669,7
229080,3.8556666,7
229088,0.028333426,5
229128,27.807333,12
229128,53.622,76
229144,10.981334,14
229148,-0.9516666,5
229160,4.2726665,8
229184,30.699667,9
229208,72.29966,79
229208,10.232001,16
229224,1.4733331,10
229228,-1.4183333,5
229228,1.1356667,17
229228,0.16499996,5
229252,2.619,7
229264,3.169667,9
229296,10.189003,17
229312,8.627334,12
229332,9.473334,20
229364,25.494665,34
229376,10.835333,16
229396,9.155334,16
229412,10.700667,12
229412,21.393,29
229416,0.2583332,5
229440,6.959,7
229508,16.75133,24
229528,28.402668,38
229532,15.7143345,23
229572,3.783333,10
229580,56.877,41
229600,3.3056667,7
229636,1.3830004,9
229648,19.055002,35
229648,9.642335,17
229676,9.979,7
229752,21.099669,29
229772,53.137,31
229784,0.7493334,8
229800,84.34266,68
229812,-0.03433335,7
229828,3.7123334,7
229852,22.808002,44
229856,9.410334,11
229876,19.735334,26
229904,41.126335,19
229924,2.3283331,5
229928,18.619333,18
229948,4.752666,18
229972,3.5270002,11
229988,23.691332,34
230008,18.087,21
230024,27.689667,9
230056,39.572334,27
230088,7.8166666,20
230120,16.382336,37
230128,8.329999,10
230148,24.993671,31
230192,27.270332,11
230200,10.136667,20
230212,6.2136655,21
230228,7.339667,9
230256,28.255667,7
230264,29.374002,52
230280,5.3223333,17
230284,27.138332,5
230320,3.1619997,16
230340,37.751335,14
230348,34.889,17
230352,20.09267,38
230404,10.957668,13
230412,5.4786663,16
230416,6.348001,24
230424,0.7216667,5
230448,41.55233,27
230452,3.6396668,9
230468,31.297,11
230500,6.640666,22
230528,32.295,15
230528,-1.5676668,7
230552,0.31866652,6
230556,6.819,7
230580,4.282333,7
230584,27.992332,7
230584,18.784336,33
230604,1.8683333,5
230616,28.65734,42
230632,8.054335,13
230636,11.631002,13
230644,-3.8176665,7
230656,3.3216665,5
230660,-1.1143333,7
230668,8.412,16
230688,-2.2816668,5
230696,0.123333216,10
230716,27.018333,5
230724,0.533,9
230728,12.189003,17
230744,4.232333,7
230744,19.411667,25
230748,27.904999,5
230792,7.8889995,17
230796,6.8340006,12
230816,2.4253335,6
230824,6.6166673,20
230824,2.0556664,7
230852,29.106333,9
230880,9.351333,14
230884,40.518333,15
230888,45.052002,36
230916,7.876333,9
230916,29.235666,7
230928,3.5903332,11
230944,4.7190003,7
230948,42.688004,24
230948,0.9493332,8
230972,1.4356667,7
230984,4.0429997,9
231000,4.3259993,18
231048,4.454,12
231060,13.039336,28
231096,-0.2093333,12
231104,44.097664,33
231116,0.6116667,5
231136,3.315,5
231144,0.7366662,10
231144,23.506666,40
231164,1.7516665,5
231188,20.330666,32
231200,-0.21033323,9
231240,11.954666,24
231276,3.5930004,9
231276,10.8863325,19
231336,38.518333,15
231360,34.00033,21
231364,7.225667,7
231368,22.088327,45
231384,1.4849999,5
231392,30.982666,8
231408,50.32932,68
231424,33.05467,14
231428,11.730335,11
231436,3.7136664,11
231448,26.911667,5
231452,6.4023337,7
231500,16.615335,16
231512,18.245335,26
231536,19.120668,22
231548,32.344,12
231588,-0.9200001,10
231592,35.653336,20
231600,29.275667,37
231600,15.292004,16
231616,26.718666,6
231628,26.902332,7
231640,5.5143332,13
231700,14.145,15
231724,33.489,27
231728,6.5023327,7
231744,18.799667,29
231756,43.572998,39
231764,2.0149999,5
231780,4.708667,6
231784,4.3380003,14
231792,9.942332,17
231804,0.04666674,10
231824,8.252666,8
231828,1.6853334,6
231848,34.562336,17
231868,13.4903345,21
231876,3.384333,13
231884,27.206333,9
231892,-2.5479999,16
231948,4.866,18
231948,10.1466675,20
231968,1.0383333,5
231976,3.5323334,7
231976,13.360334,21
232020,31.517002,11
232020,3.4803324,11
232068,10.307334,12
232092,22.182669,18
232100,11.887669,33
232104,29.693,9
232136,44.32766,63
232136,-0.43966663,11
232156,-1.0749999,5
232176,13.816335,19
232184,29.229,7
232212,0.28900003,7
232228,5.0376663,13
232240,40.822,26
232260,22.573,39
232308,18.29,20
232312,9.751002,13
232320,35.426666,20
232328,27.645,5
232348,1.8016665,5
232388,5.1566668,10
232424,70.317665,53
232440,46.966663,30
232448,42.334667,34
232452,-0.3909999,7
232476,2.343,9
232508,4.426,8
232516,5.138667,16
232516,12.2890005,17
232540,26.809334,8
232564,3.6906664,12
232584,3.8750002,5
232688,76.24165,75
232696,37.751667,45
232716,56.37767,33
232736,2.5316663,5
232744,5.123999,12
232784,3.2066665,10
232788,25.634005,62
232804,29.371666,5
232844,4.28,10
232864,36.156334,19
232884,0.4549997,5
232912,9.125669,17
232916,0.6226666,8
232928,27.84266,48
232948,5.148333,5
232968,43.716667,70
232968,2.2516665,5
232996,-1.2676665,7
232996,4.9523335,7
233024,-1.5676668,7
233032,43.633,29
233044,0.5916667,5
233064,-3.945,5
233084,9.564334,13
233104,26.438334,5
233144,10.400001,20
233196,11.210332,71
233252,64.191345,64
233252,25.459,37
233272,6.015,5
233276,26.125334,6
233304,54.486664,40
233340,3.2696664,9
233348,19.29267,38
233348,37.31633,19
233372,26.118666,6
233388,20.162668,28
233400,8.274334,13
233404,0.5926664,8
233432,41.26767,23
233436,30.259666,9
233448,5.8236666,11
233460,26.949001,7
233472,31.153,9
233476,33.364,22
233496,26.211666,5
233500,9.500999,13
233532,3.123,9
233580,41.79667,20
233588,16.433002,29
233596,-0.34466672,16
233604,6.3286667,6
233640,5.342999,9
233656,34.082333,17
233676,13.293336,20
233688,28.056,8
233688,3.9306664,12
233752,11.346334,19
233788,3.2729998,9
233828,52.724,92
233836,21.485666,37
233860,30.605999,18
233884,35.084667,14
233912,39.835335,56
233988,45.30533,26
233996,14.708,34
234036,28.513332,10
234060,41.105328,56
234072,3.4829998,9
234100,30.049,7
234112,17.973665,31
234124,6.305333,6
234156,17.174665,24
234160,30.757334,12
234188,48.07299,69
234224,6.8453326,16
234232,4.583667,11
234240,20.989664,29
234244,21.160667,22
234284,6.647001,11
234292,2.1139998,12
234304,12.179334,18
234324,8.083334,10
234324,6.758333,25
234352,8.892334,7
234368,3.9486666,16
234388,36.772003,16
234424,39.831,33
234424,30.168,14
234440,2.6610003,13
234456,6.586,8
234468,28.195667,7
234476,-1.445,5
234488,4.0816665,5
234492,18.318336,35
234516,2.3356667,7
234516,29.68,10
234520,28.262333,7
234528,8.755333,26
234548,6.439333,8
234552,29.436333,9
234560,27.409332,8
234600,11.883334,20
234604,7.681,13
234624,-3.2283335,5
234632,-0.03733349,8
234660,8.812668,28
234668,10.675666,27
234688,28.048,14
234688,11.698667,16
234720,35.535,15
234728,6.043333,10
234732,10.885334,16
234732,8.680333,11
234796,3.9889998,17
234808,3.7496672,19
234816,16.913668,21
234844,0.2989998,7
234848,51.800667,32
234868,9.539333,18
234924,14.840002,20
234968,19.685003,25
235000,35.156334,19
235012,3.7203336,11
235060,33.764,12
235096,30.813988,62
235108,3.7406662,12
235116,2.9216666,5
235152,0.05366659,11
235192,2.3833337,10
235196,17.433004,49
235216,77.79733,102
235240,5.980666,12
235248,1.8660002,8
235276,9.240003,20
235276,55.863335,40
235280,0.7500001,10
235292,32.64367,11
235296,25.825,5
235312,1.0129999,9
235332,2.506333,9
235352,29.018333,5
235360,32.499,17
235384,9.002666,8
235392,3.1126661,8
235416,6.421998,26
235464,6.132667,18
235476,36.528336,15
235480,33.136665,50
235500,3.969667,9
235508,5.0523334,7
235512,4.9596663,9
235544,6.5563335,9
235560,35.185,15
235564,0.17499995,5
235584,2.4153333,6
235584,26.738333,5
235620,31.186329,59
235620,9.1796665,9
235620,12.269003,27
235632,29.124,12
235640,1.7983333,5
235640,1.9250002,5
235672,9.814334,13
235676,34.590336,11
235676,6.6896663,9
235716,16.333,19
235720,1.4603331,11
235736,0.13499975,5
235740,-0.52499986,5
235760,-2.515,5
235768,15.997668,23
235792,1.4986668,6
235816,46.208664,36
235840,3.074,12
235848,0.6326665,8
235852,49.193,29
235876,26.755667,7
235900,-2.7513335,6
235944,17.644333,23
235944,11.053667,11
235976,6.729333,8
236008,49.78399,62
236020,22.23833,45
236028,1.8616664,5
236028,13.293669,21
236036,7.705001,15
236064,32.139668,9
236088,5.3056664,17
236108,-0.51166666,5
236128,16.387669,23
236128,7.5086665,16
236140,15.302666,28
236148,4.6083326,5
236168,-1.5683334,5
236188,5.904,12
236200,12.945999,18
236208,14.575001,25
236244,16.319666,19
236248,7.637333,12
236260,12.581,13
236264,25.271667,5
236296,29.764,12
236296,32.026333,9
236360,34.812004,16
236380,9.649667,29
236408,0.7390001,7
236436,27.655666,7
236436,26.167332,62
236456,26.751667,5
236492,4.9796658,9
236492,34.954666,14
236524,2.9726667,8
236532,27.549671,59
236540,21.395008,45
236552,3.3449998,15
236560,25.485666,7
236572,3.286,8
236608,7.8140006,12
236616,11.135333,16
236644,2.776,18
236724,10.023334,20
236736,44.933334,30
236748,56.741997,56
236752,0.54566646,7
236832,9.783335,20
236844,31.432999,59
236864,7.212999,29
236864,3.905,5
236884,26.478333,5
236892,5.951667,15
236928,2.7336667,11
236952,11.638336,15
236952,12.877335,22
236980,0.89566666,7
236980,7.1843324,13
236988,4.8029995,9
237004,35.635666,67
237020,0.58333325,10
237044,2.762,6
237056,7.4210014,13
237092,5.126333,9
237096,27.493,29
237100,41.912666,28
237128,31.159668,9
237136,10.809668,9
237152,10.211334,14
237176,8.604001,12
237204,6.185666,17
237224,1.2940004,12
237236,1.4226668,8
237280,7.358,14
237288,33.934334,13
237304,25.212,6
237348,44.851994,76
237372,34.357002,21
237376,29.035667,7
237380,36.513,19
237412,3.046333,9
237460,35.076668,20
237496,29.099667,9
237520,16.319002,37
237540,1.647,11
237548,27.109,7
237572,7.959334,8
237572,27.130003,40
237600,30.771,13
237624,9.551,13
237644,25.391666,5
237656,42.273666,21
237672,6.512333,7
237696,25.512,6
237700,12.858334,25
237724,5.445667,7
237728,94.264656,144
237748,29.377333,12
237764,0.7396666,9
237768,9.230334,11
237780,15.960332,31
237804,32.196335,9
237812,7.682,16
237816,32.541,13
237832,3.9216669,5
237852,-0.5083333,5
237864,4.711666,15
237888,34.473,9
237896,12.383333,20
237916,6.8210006,13
237932,22.449327,38
237956,2.0933332,10
237960,0.5356667,7
238012,17.820333,31
238044,18.437334,22
238048,0.94299984,9
238064,17.188665,26
238064,27.360666,42
238108,7.4570007,11
238116,11.525667,17
238148,12.255334,26
238184,12.023002,19
238184,4.376333,9
238188,46.597,31
238208,0.015333414,6
238212,5.2256665,7
238212,14.974665,24
238228,1.4200003,10
238280,7.7756677,17
238280,39.039337,18
238288,37.296333,19
238344,5.7686663,16
238348,34.828335,15
238352,20.800333,31
238392,0.5803335,11
238396,28.243668,11
238420,6.503001,19
238440,5.243666,11
238440,26.185,5
238452,27.414335,43
238476,7.943,9
238480,2.7223334,7
238496,-1.3883333,5
238500,18.678995,27
238516,8.063001,19
238524,4.0156665,7
238556,2.656667,10
238596,14.311336,24
238600,7.940002,30
238628,0.55600023,8
238652,8.771,13
238656,15.481665,25
238668,17.161997,36
238716,12.331669,15
238736,25.365,5
238760,44.414337,33
238800,23.78233,37
238836,13.671669,25
238940,45.692665,68
238940,46.661667,35
238944,46.035667,27
238968,27.462334,7
238976,32.093,9
238988,26.911667,5
239008,3.8359997,8
239008,2.358333,5
239040,29.349333,8
239040,46.88334,70
239080,14.716003,18
239084,6.6236663,11
239104,23.47,40
239124,-0.5049999,5
239124,2.6536665,11
239176,13.344336,23
239296,48.13333,30
239308,29.095335,46
239328,28.103664,51
239332,0.43866682,6
239332,27.749666,9
239364,32.513,9
239368,3.1496668,9
239372,30.34,10
239392,4.1456666,7
239396,2.0986667,6
239452,9.981336,14
239456,9.280666,22
239476,0.09500027,5
239480,0.18566656,7
239504,16.442667,28
239532,33.701332,14
239540,3.7996664,9
239572,11.194331,23
239592,0.31833342,5
239700,36.766666,40
239720,102.40667,170
239732,18.126667,50
239752,3.3649998,5
239772,0.63433313,13
239772,7.0116663,45
239788,7.452999,9
239792,4.1950006,5
239808,0.3783333,5
239816,18.413002,29
239836,6.1656666,7
239836,-0.05833316,5
239856,-0.9583334,5
239896,9.427001,31
239924,2.4723334,7
239924,20.49767,33
239944,26.198334,5
239944,15.635668,27
239960,44.165333,26
239972,27.955666,7
239972,6.0806665,12
239992,1.4516666,5
240012,24.878334,5
240056,13.798002,24
240072,47.738335,25
240088,39.153,19
240116,0.820333,11
240156,12.781666,25
240164,2.5530002,19
240180,4.085333,16
240184,3.5116663,5
240200,1.7616665,5
240204,26.911667,5
240252,5.6276674,13
240252,74.329,77
240272,2.2716665,5
240300,6.2440014,12
240304,2.6159997,8
240316,14.199335,28
240328,-0.07099986,7
240340,24.692,6
240360,25.298332,5
240392,7.712001,16
240424,49.81,30
240428,0.54966664,9
240436,85.55001,70
240452,0.96200013,6
240472,27.098333,5
240488,14.217335,32
240504,34.932335,17
240508,1.1949999,5
240516,-0.5563338,11
240576,3.2416668,15
240580,37.529335,18
240580,58.376335,39
240592,34.430664,22
240600,26.145332,6
240628,7.645666,7
240640,30.354,12
240648,32.282333,17
240668,46.25733,22
240684,10.781335,14
240708,14.609001,17
240732,8.238667,16
240744,1.8829997,9
240748,12.1516695,25
240760,5.749666,19
240776,-1.1476667,7
240776,29.917,11
240788,4.1456676,7
240820,2.0536668,11
240832,9.100333,11
240856,2.3730004,9
240872,35.290665,32
240924,2.6076663,13
240928,14.909335,18
240944,21.949333,28
240972,6.140666,12
240972,28.682333,7
240976,54.163334,50
240996,-1.0716666,5
241020,17.837667,23
241032,3.705,15
241036,3.8200002,10
241056,26.165,5
241068,4.627333,12
241076,7.097,11
241096,25.963667,31
241112,30.639666,9
241132,33.359665,19
241132,1.825,5
241156,33.74167,15
241160,21.781002,23
241160,6.962334,7
241176,5.5336666,11
241180,-0.044999838,5
241180,0.47500002,5
241200,0.472,6
241264,10.512,16
241284,28.491667,5
241292,11.719334,28
241304,23.24233,37
241312,27.352333,7
241320,14.6883335,35
241324,1.2050002,5
241336,3.322,6
241360,1.2463334,9
241364,2.9769998,11
241384,7.967667,23
241388,0.6523334,7
241396,0.016000032,8
241424,-2.211,7
241448,41.192665,28
241460,8.2230015,9
241460,10.499666,19
241476,15.750668,22
241492,0.9826666,8
241496,7.963,9
241508,14.501669,15
241520,3.4869995,11
241520,-1.7413332,6
241540,2.2573333,12
241552,33.930336,11
241556,30.259666,9
241572,-1.4740001,8
241576,2.115333,6
241596,0.17833328,5
241608,37.734,22
241616,1.1183333,5
241636,-3.4516666,5
241644,6.329667,9
241656,40.96833,25
241692,29.366333,9
241696,8.097667,13
241720,1.5823334,7
241728,15.034334,23
241736,24.357002,41
241736,3.34,10
241740,1.075,5
241756,0.6589999,7
241760,0.47866678,6
241776,0.725,5
241788,4.465667,7
241812,10.589335,18
241820,12.797003,21
241840,0.6916671,5
241848,7.3463345,9
241852,6.5019994,16
241860,5.395,5
241872,-1.2883333,5
241880,-1.7449999,5
241892,26.218334,5
241908,8.567667,33
241912,27.482666,8
241932,35.223667,21
241952,1.0403333,11
241952,26.318333,5
241964,5.2609997,13
241984,17.847664,23
241996,6.4969997,11
242032,5.2306666,12
242040,29.023666,11
242076,7.517,11
242080,19.26734,32
242084,5.8303337,11
242088,12.790333,31
242116,8.886001,8
242116,3.8156667,7
242124,6.563666,11
242164,15.974,22
242184,2.5916674,15
242188,21.339333,18
242232,-0.643,11
242248,55.764336,33
242268,9.440333,21
242280,8.774,12
242280,8.462667,8
242284,43.51333,30
242300,1.0849999,5
242320,25.445,5
242364,14.856667,20
242372,43.452003,26
242372,9.487666,23
242396,1.0293332,8
242412,2.586667,10
242460,30.977333,12
242464,15.722004,36
242480,15.049002,27
242492,-0.931,7
242504,27.092,6
242556,13.258668,16
242568,25.551,43
242576,8.219335,18
242632,10.245334,16
242644,3.204,22
242656,56.066338,49
242680,2.2353334,6
242704,10.155001,15
242716,46.648335,35
242724,2.3436666,11
242736,6.739333,8
242740,8.762334,27
242744,4.8283334,5
242744,9.885667,7
242760,-2.5516667,5
242772,1.4823332,7
242780,11.177,11
242800,9.058,14
242820,5.923333,10
242828,31.275665,7
242864,0.5936668,11
242888,47.899666,29
242904,1.4233336,10
242924,32.793,9
242944,0.29833317,5
242944,34.92867,46
242968,2.6186671,6
242976,0.3559997,18
243012,38.04567,17
243028,5.234999,15
243040,24.997665,53
243052,9.686333,19
243068,2.3223333,7
243088,16.109667,19
243092,41.425335,16
243096,8.887,11
243108,1.9433336,10
243124,4.403,9
243128,9.703,9
243140,0.2336669,11
243164,2.2896662,9
243184,7.573667,11
243200,9.3496685,19
243204,30.146667,10
243216,20.799,27
243252,13.985668,17
243252,-3.4356666,13
243272,1.6583333,5
243280,1.4890001,7
243284,8.139,17
243300,1.999,7
243332,31.117668,13
243372,4.67,10
243384,6.6870003,21
243420,24.561333,34
243440,-0.91499996,5
243452,32.94067,62
243484,3.9770007,11
243504,26.778334,5
243532,54.33567,37
243540,15.907335,42
243560,21.105663,27
243564,3.5826666,8
243584,25.465332,6
243600,13.984667,24
243608,-0.22800016,6
243620,5.825001,5
243628,27.231667,5
243644,21.802002,26
243648,28.091667,5
243688,2.5556667,17
243692,22.197336,32
243696,11.221001,13
243712,3.9153333,6
243716,2.879,17
243736,29.931667,5
243752,8.944667,14
243756,25.391666,5
243760,36.072334,17
243776,1.3816667,5
243780,4.1083336,5
243788,6.3496656,9
243800,10.347333,22
243808,5.006,8
243820,24.378334,5
243824,3.9730003,9
243836,9.618001,14
243844,26.092,6
243856,4.5326667,8
243864,10.458,14
243872,26.753,9
243884,2.8683333,5
243908,7.2076664,13
243908,6.899667,9
243920,3.449667,9
243928,26.151667,5
243984,4.798,14
243992,21.799004,37
244008,2.028667,6
244020,1.9589998,7
244100,7.8226666,48
244100,23.421667,45
244124,13.5720005,26
244132,0.13599992,8
244140,30.671001,33
244144,24.825,5
244160,1.7683334,5
244212,16.242666,28
244216,9.926001,18
244220,5.470666,22
244232,-0.22833312,5
244240,5.6933336,20
244268,7.2039995,12
244288,6.7706666,12
244292,1.748667,6
244320,2.4923334,7
244332,6.2836666,11
244380,8.908334,15
244384,32.587666,13
244464,34.186005,58
244480,37.802006,66
244504,1.5000002,10
244508,43.044006,32
244536,20.862663,38
244540,2.7463336,9
244588,1.3166666,20
244596,5.501666,15
244632,30.927002,11
244644,12.818666,26
244652,44.271004,43
244652,6.251333,14
244680,27.862331,7
244716,27.566334,9
244724,14.344333,23
244728,36.016335,19
244756,19.626,28
244800,3.917,11
244816,16.970669,22
244824,18.359001,27
244828,28.555668,7
244860,18.238003,34
244864,27.653,9
244892,6.419,7
244928,8.243,9
244932,14.515667,27
244956,20.458332,35
245008,1.9543326,13
245028,28.545,5
245044,19.046001,28
245080,2.7263336,9
245096,16.590666,42
245116,38.64467,64
245124,7.907,11
245140,2.537,11
245176,2.3296664,9
245180,9.144667,14
245196,14.243997,42
245196,26.505001,5
245256,35.688335,15
245260,38.94667,20
245268,20.946001,38
245276,10.926666,20
245280,27.492,6
245292,0.9753332,6
245304,-0.35433328,7
245332,31.786667,10
245356,7.424667,24
245368,29.046333,9
245424,10.845666,17
245444,45.475,35
245452,13.5303335,21
245460,31.633,9
245488,30.639668,9
245492,53.471,53
245500,4.638,14
245512,27.404999,5
245520,3.9616668,5
245540,11.6066675,20
245560,2.0466664,10
245588,-0.69766665,7
245596,3.4013338,14
245624,-0.17699993,9
245628,6.0726666,8
245632,29.46533,36
245644,1.405,5
245648,26.358334,5
245656,32.548668,36
245680,0.2763332,9
245708,8.494333,13
245740,19.999,27
245744,4.199667,9
245756,11.453001,19
245772,29.462334,7
245776,20.344,32
245780,4.873333,10
245796,1.4216666,5
245800,-0.181,7
245828,29.049,7
245836,7.5400004,10
245840,8.197,21
245848,3.4416661,5
245860,1.7749999,5
245868,0.10166669,5
245884,5.0573335,12
245892,13.486,28
245896,29.409,7
245904,-0.16499996,5
245924,28.456,8
245932,4.1156664,7
245936,9.226334,19
245960,29.283,9
245996,6.3430004,9
246008,24.985998,28
246032,13.024667,24
246040,5.642667,8
246044,6.919334,28
246052,3.271667,5
246056,3.9950006,15
246088,2.3930001,9
246144,37.841667,25
246168,7.026665,20
246184,32.806667,10
246204,4.5150003,5
246236,38.319,17
246264,72.33533,56
246272,4.219667,9
246292,44.087334,22
246304,2.3033333,10
246304,33.644,62
246308,28.853,9
246324,27.825,5
246352,1.0890001,7
246364,45.50933,18
246364,35.988,14
246372,1.9183333,5
246392,3.8556666,7
246392,1.3750002,5
246408,3.0703335,11
246428,2.303,9
246428,28.449665,9
246432,4.715333,6
246448,-0.07166672,5
246476,7.927663,43
246484,13.257667,13
246492,6.450333,11
246520,0.997,11
246544,0.30200005,6
246572,13.177335,22
246588,9.448002,24
246592,1.265,5
246636,31.593994,52
246652,9.952001,16
246668,9.636335,19
246672,4.0663333,9
246684,2.966,8
246704,3.8630002,9
246720,16.784668,44
246732,30.050667,12
246740,5.3749995,5
246756,4.7376666,13
246776,8.109667,9
246776,7.0053325,26
246780,34.750668,12
246808,3.5323334,7
246824,4.867333,12
246824,7.118999,17
246836,6.059,7
246844,-2.4783332,5
246864,35.570667,22
246872,3.1989994,7
246892,25.685,5
246896,28.355999,8
246904,5.9523335,17
246916,5.428333,5
246916,37.714333,23
246924,-0.004999995,5
246948,5.998667,6
246948,4.099333,8
246968,5.541667,5
247012,18.13,30
247020,10.509335,18
247044,1.7720001,6
247052,48.02133,34
247068,37.308334,25
247080,8.828999,17
247088,7.5330005,9
247132,7.9243355,13
247144,5.3913336,14
247172,4.1223335,7
247184,-1.389,13
247184,19.328335,35
247200,1.6856666,7
247204,0.69499993,5
247212,1.3856664,7
247240,30.549,7
247248,32.423668,11
247260,12.068335,15
247348,47.746662,70
247376,27.535667,7
247396,26.825,5
247404,46.527,41
247424,58.18467,44
247452,5.094,12
247460,-0.100333214,9
247480,34.153667,21
247492,43.962658,58
247520,6.8989997,17
247524,4.4636664,11
247548,1.1256669,7
247556,5.121333,24
247584,30.229,7
247596,29.672,26
247620,9.789335,18
247656,11.8359995,18
247692,-0.4070003,9
247704,21.253668,21
247704,14.055666,27
247712,0.995,5
247724,0.05499983,5
247732,13.193998,52
247748,3.0153334,6
247760,26.409,7
247780,1.2116666,5
247784,38.73333,20
247808,29.348999,7
247844,5.4196672,9
247848,5.648,34
247864,2.5516667,5
247868,24.686665,30
247884,11.908335,25
247912,35.090332,11
247940,6.012334,7
247956,20.308998,27
247976,8.016002,28
247980,41.784668,24
248004,31.298668,16
248020,-0.013000011,11
248024,-1.9483334,5
248036,6.1979995,14
248040,14.757002,21
248076,4.4976664,13
248096,36.439667,19
248112,30.606335,9
248116,2.881667,5
248140,25.538666,6
248172,11.548334,15
248172,26.901335,34
248176,17.991337,34
248220,8.993668,11
248232,36.96167,15
248260,16.203337,30
248260,2.2256668,7
248292,16.859335,18
248300,6.3033338,10
248312,28.798332,5
248316,29.244667,14
248332,0.67933357,8
248356,36.105335,46
248364,28.277666,13
248364,9.820667,12
248396,5.8720007,16
248400,-1.0870001,9
248440,17.219667,19
248448,13.337667,23
248456,-0.5783334,15
248460,8.1883335,15
248476,28.199667,9
248484,-0.7903334,9
248496,25.825,5
248536,31.327667,13
248588,33.001,13
248604,27.802328,37
248604,13.648667,36
248604,14.395665,27
248616,28.135666,7
248632,2.0623336,7
248644,5.452333,7
248652,9.780666,12
248656,11.554335,13
248672,26.931667,5
248676,-2.1016667,5
248688,8.900334,11
248704,6.5390005,7
248724,14.921003,23
248736,31.697334,12
248788,25.852997,29
248804,18.098333,25
248808,2.9683332,5
248812,9.186333,19
248816,18.294336,23
248828,-1.2650001,5
248832,5.6723337,7
248844,-1.3373334,8
248852,2.6816666,5
248864,6.219666,9
248892,6.8763328,19
248904,17.557669,13
248908,6.4836664,11
248928,33.259666,9
248960,7.0796666,29
248980,2.0383332,5
248980,7.862998,19
248984,36.299667,19
249000,1.8716667,5
249004,3.8416667,5
249004,6.326334,19
249044,4.1699996,10
249044,8.018667,16
249064,38.998665,16
249072,29.362333,7
249072,36.385666,17
249076,0.73600006,8
249096,1.2149997,5
249104,3.9193327,8
249108,29.523666,11
249116,31.263666,11
249132,26.358665,6
249148,36.100998,13
249148,5.946,8
249184,6.083,9
249188,-2.2966666,10
249200,19.301334,24
249216,19.667002,21
249220,27.125,5
249284,7.051999,16
249304,26.358334,5
249336,0.17266667,8
249352,26.493668,41
249376,28.829998,40
249380,7.373666,11
249396,56.740997,53
249404,5.858667,6
249456,15.592001,26
249464,10.881668,15
249464,16.644001,22
249484,27.838333,5
249592,35.96634,49
249612,32.09233,37
249620,37.15033,41
249620,26.817999,34
249636,36.763668,11
249656,26.331667,5
249656,3.5996668,9
249660,32.444,12
249700,2.233333,10
249704,6.247333,12
249748,49.724,32
249752,1.9906669,12
249756,2.7513332,14
249788,40.061,33
249800,30.610666,12
249816,34.705,15
249828,5.43,10
249836,30.866333,9
249856,1.4783331,5
249884,28.002333,7
249916,16.850664,22
249952,4.7130003,9
249976,24.87233,57
249980,38.291336,24
249980,-1.591,7
250012,5.703,9
250020,21.68033,51
250024,29.106998,11
250028,6.550667,12
250044,27.705,5
250068,31.784,12
250072,2.6783338,15
250104,27.552666,8
250164,6.2983336,15
250168,23.448334,25
250180,20.017998,34
250200,22.231,43
250228,8.134001,12
250228,28.142334,7
250232,9.038667,16
250248,0.98833334,5
250268,15.665336,26
250288,4.8083334,15
250304,12.972668,18
250332,4.912333,7
250364,36.243004,19
250376,38.25733,32
250392,4.2949996,15
250400,2.663,9
250432,3.1279998,14
250444,6.7803335,11
250448,28.301334,14
250456,13.155666,47
250460,4.462333,7
250488,4.2556667,7
250488,3.1533337,10
250504,13.645,15
250568,36.975998,28
250596,38.674335,23
250596,30.802334,7
250616,20.007332,32
250632,31.553001,9
250632,3.4896665,9
250636,1.3916667,5
250656,17.587332,42
250720,7.8953333,16
250720,15.853669,21
250748,12.073002,29
250780,21.701668,15
250792,52.076668,40
250796,12.0596695,19
250824,0.43266666,8
250828,10.593334,20
250856,1.6656666,7
250876,3.4016669,5
250884,8.717335,22
250904,-0.6916665,5
250968,26.142008,36
251004,31.979668,9
251020,19.472998,29
251068,12.735334,16
251092,43.812664,78
251160,42.143673,71
251172,9.286666,20
251180,1.8316667,5
251192,0.6116667,5
251192,18.574335,43
251216,0.6386666,6
251296,25.679667,29
251320,41.891003,63
251340,22.503666,31
251340,0.2850001,5
251396,14.171333,14
251396,3.781667,25
251400,25.567333,52
251416,3.4016666,5
251448,5.1509995,13
251460,14.206669,30
251476,3.0083332,15
251484,1.013,9
251504,-0.6883333,5
251528,31.989,17
251528,6.121001,13
251556,30.848999,7
251572,43.639,17
251604,31.070667,12
251604,5.3163323,19
251612,25.807665,53
251656,33.81433,13
251684,-0.8776667,7
251688,20.192999,29
251696,32.247,21
251704,12.765003,25
251716,6.379333,8
251724,1.6123335,7
251736,8.392668,8
251760,3.8969998,11
251764,8.246334,19
251772,3.1506667,12
251800,9.529668,9
251800,26.369,7
251812,4.387666,13
251832,-0.05400014,8
251832,20.111334,24
251852,26.651667,5
251864,34.358665,16
251864,29.354334,13
251872,2.4483333,5
251896,3.522,6
251908,5.270333,11
251916,26.865,5
251936,26.545,5
251936,28.682333,7
251944,13.362668,28
251960,24.838667,6
251964,27.285,5
251968,4.3826675,8
251972,15.372335,27
251980,26.058334,5
251988,25.351665,5
252020,31.036,8
252028,11.134667,14
252076,15.261335,24
252104,3.3323333,7
252116,15.613998,22
252124,54.239998,40
252128,1.722,6
252128,44.478996,27
252148,25.325,5
252184,0.17633295,9
252212,2.7523334,7
252232,14.96967,29
252240,3.9156668,7
252248,46.020332,31
252260,17.047668,33
252296,8.147333,12
252296,5.2146664,14
252300,12.675668,17
252336,1.6030004,9
252352,9.197999,14
252364,3.8156672,7
252384,39.584,22
252396,5.1236663,11
252420,34.808,14
252440,8.546999,11
252452,11.805668,17
252468,29.902332,7
252472,1.5583332,5
252496,26.555668,7
252508,16.870667,22
252536,2.0333333,10
252560,4.6476665,13
252572,41.726006,78
252584,20.325998,28
252620,7.2370005,21
252656,1.8696667,9
252680,40.874664,24
252708,-0.4176668,7
252708,5.314334,13
252752,27.428335,45
252756,32.350666,12
252768,34.978333,15
252796,3.983667,11
252816,6.5050006,15
252820,51.48166,65
252820,32.534332,13
252832,5.5096664,9
252836,0.87166667,5
252852,4.639333,8
252904,8.954333,13
252928,27.385334,6
252940,23.313332,30
252952,14.550002,30
252956,28.622334,7
252988,4.0530005,9
252992,3.833,9
253012,0.0916667,5
253028,39.312656,48
253032,-1.4996667,11
253060,5.8323336,7
253064,30.533,9
253080,32.155666,17
253108,1.3573337,12
253108,25.415667,7
253124,4.345,15
253128,5.621667,5
253136,5.905667,7
253144,27.430328,51
253152,2.842,6
253164,2.7556667,7
253220,21.069668,19
253244,7.6600003,20
253248,27.542334,7
253260,17.767998,34
253268,1.1186668,6
253288,25.898333,5
253308,2.244,12
253340,5.907667,13
253364,18.936337,29
253384,32.022667,58
253384,-0.8183334,5
253404,-0.42833328,5
253412,28.182333,7
253468,3.9586663,16
253476,37.49533,16
253488,10.028338,45
253496,17.489668,39
253532,0.4463333,9
253540,13.248668,16
253568,32.209,7
253616,13.737333,32
253628,15.740001,40
253644,1.8523335,7
253656,10.107001,31
253676,4.0750003,5
253688,7.9066653,30
253708,5.535333,16
253712,27.359667,9
253732,24.825,5
253736,11.885666,27
253740,33.23767,13
253756,27.625,5
253772,1.7433331,10
253776,-2.0983334,5
253792,28.884335,13
253812,6.56,10
253816,21.312336,27
253824,34.597332,12
253868,3.6203332,11
253880,3.9553328,16
253916,15.485335,26
253916,9.357334,12
253916,42.317,31
253940,33.47167,15
253944,2.325667,7
253948,28.636,8
253988,28.723999,12
254008,1.4550002,5
254016,18.061666,25
254040,15.911335,24
254056,6.9940004,12
254060,3.343666,11
254080,-0.8316667,5
254128,38.389336,18
254148,-0.20833331,5
254168,29.904001,32
254176,8.945666,7
254204,1.2056668,7
254240,27.456665,40
254252,-10.194667,76
254260,-1.8483334,5
254268,15.045003,25
254272,7.7323337,17
254288,4.499,7
254288,-1.5616666,5
254312,0.6366668,10
254316,29.575666,7
254324,2.1696668,9
254356,6.210333,11
254384,4.0690002,7
254384,3.665667,17
254440,6.854666,14
254552,49.184,42
254604,47.199337,88
254612,6.9683332,15
254640,61.36,50
254656,6.037,11
254676,57.10599,88
254720,14.703,29
254728,34.021,13
254776,21.106667,30
254792,14.559335,38
254796,-0.27166653,5
254832,0.9163337,9
254852,1.1316669,5
254852,10.625002,15
254880,0.53233314,7
254896,22.591328,44
254908,34.224995,45
254940,20.064003,22
254960,17.21667,20
254988,36.339996,20
254988,9.557669,23
255008,25.965,5
255008,6.2240005,12
255024,4.8496666,9
255036,27.882332,7
255052,22.362667,28
255060,3.676333,9
255072,12.228667,16
255080,1.4049999,5
255108,2.6263332,9
255168,19.010998,33
255204,5.2980013,24
255232,29.739336,38
255252,38.297,21
255256,-0.12233329,13
255272,25.378334,5
255284,25.945667,7
255308,28.718666,6
255332,12.124999,15
255360,2.4110003,13
255364,2.826,8
255368,18.764668,34
255400,0.79300004,9
255408,5.7439995,12
255412,90.106674,90
255412,5.433666,11
255424,-0.004666686,6
255452,2.7600002,10
255476,31.578667,16
255480,31.161333,14
255484,37.083,19
255548,17.838999,17
255568,29.265,5
255580,13.798669,26
255588,25.038334,5
255616,6.6163325,9
255624,3.5430007,9
255652,27.463,9
255680,7.0989995,7
255680,6.881332,14
255708,52.202003,56
255716,28.342999,9
255724,48.815994,68
255752,3.6660001,18
255756,30.333332,10
255780,28.469,7
255792,32.965668,17
255800,0.3083334,5
255808,41.691666,25
255824,26.309334,8
255852,0.2823335,7
255864,9.248667,16
255920,12.808,14
255928,4.6296663,19
255932,17.104664,44
255948,29.948332,35
255968,25.778334,5
255972,29.783667,11
255996,3.7253332,16
256008,0.69966674,9
256016,9.068,24
256024,2.5689998,7
256024,37.554665,14
256068,3.477,11
256088,38.21267,18
256096,4.0056663,7
256152,47.49733,32
256172,16.587002,21
256192,3.2883334,5
256208,11.179999,50
256224,6.2393336,18
256244,7.197667,13
256264,31.967335,42
256284,10.025,15
256292,12.213668,21
256292,6.9989996,7
256320,3.6656663,7
256336,13.947668,23
256356,13.216002,18
256356,7.8286667,16
256372,29.946333,9
256404,16.800335,21
256420,5.235333,16
256428,6.8093343,18
256496,5.522999,19
256516,0.12500024,5
256516,38.830666,22
256536,-2.1183333,5
256536,0.9649999,5
256568,4.532666,8
256572,27.117336,42
256576,7.523333,10
256592,-0.49833322,5
256596,0.27233338,7
256616,0.46000004,10
256620,0.61566687,7
256632,2.2196665,9
256636,71.341995,66
256648,3.9056666,7
256656,2.6933336,10
256680,28.209333,8
256700,0.031666636,5
256704,11.579336,18
256704,5.2006674,12
256736,5.666333,9
256740,30.679667,9
256752,2.517333,12
256760,1.7383333,5
256780,29.465336,36
256804,0.62033343,11
256816,0.97300005,9
256824,1.751667,5
256832,14.256668,20
256852,2.245,5
256892,9.919668,19
256904,16.863337,20
256928,54.475998,48
256932,-1.1976666,7
256932,1.1166666,10
256944,47.704334,23
256956,4.049,7
256972,4.083333,10
256996,8.191002,13
257012,2.1866665,10
257020,13.548668,16
257040,-1.9283333,5
257052,2.7346666,14
257100,28.715,15
257116,32.598663,46
257128,6.689,7
257140,0.37866688,6
257160,15.429001,27
257200,36.025,15
257216,28.593664,51
257228,0.09899998,7
257244,27.982334,7
257248,0.78166676,5
257256,14.671332,24
257260,24.211,33
257292,3.392667,8
257308,9.8983345,15
257320,-0.9076667,7
257340,0.40166664,5
257344,9.223999,22
257360,2.9709992,13
257364,25.325,5
257368,28.289,7
257380,24.931667,5
257404,13.406669,40
257408,30.220001,10
257440,-0.123666525,9
257480,33.786,18
257500,25.381334,34
257520,3.3483334,5
257528,24.309002,37
257560,29.303333,10
257564,8.356999,21
257612,8.710667,12
257644,54.28633,29
257660,9.337333,12
257672,-0.07766664,7
257684,6.418667,6
257712,3.2300005,10
257716,3.3793335,8
257724,28.467003,41
257756,84.976326,79
257760,30.569666,9
257776,12.468335,15
257780,2.4649997,5
257808,-2.6676667,7
257808,8.268,24
257824,6.0606666,12
257828,4.331667,5
257832,12.893002,19
257844,29.983,9
257864,11.523001,9
257880,7.0046673,14
257900,15.359001,17
257900,-0.86833334,5
257908,4.890333,11
257928,25.991667,5
257928,1.4023335,7
257932,1.6426668,8
257952,10.639001,27
257968,9.386667,10
257984,6.2313333,14
257988,30.198,14
257988,2.5629997,9
257988,27.891666,5
258008,3.445,5
258028,0.54833335,5
258056,12.439001,17
258064,15.853333,20
258084,12.654669,24
258140,9.169666,19
258160,5.5896664,19
258176,45.795666,37
258184,5.6536665,11
258204,-1.2710001,7
258212,8.401001,13
258232,-0.5749999,5
258268,36.531002,53
258276,10.249332,18
258280,21.484669,24
258312,28.446333,9
258316,3.6630003,9
258328,38.981335,24
258352,10.423668,21
258356,1.2123332,7
258368,5.4676666,13
258444,57.891006,33
258448,3.1676664,23
258460,20.415665,27
258472,4.262,6
258472,0.039000034,7
258480,26.404999,5
258516,2.610333,11
258536,34.71467,14
258544,5.0923333,7
258560,27.245333,6
258572,33.56366,51
258572,2.1089997,7
258596,51.560333,31
258600,3.0090003,7
258640,3.6336665,11
258652,12.31,20
258660,47.43833,25
258660,2.1616669,5
258704,4.7603335,11
258748,47.592327,37
258832,20.834335,43
258848,19.342003,36
258884,17.138,34
258884,29.639668,9
258904,70.87432,63
258912,3.745667,7
258932,27.865665,7
258944,21.819332,28
258948,6.376333,9
258960,3.919,7
258980,31.019667,9
259000,1.4583333,5
259024,33.156334,19
259040,25.246328,39
259040,38.95333,20
259076,6.763,9
259104,3.828666,16
259108,14.895668,27
259124,24.285,5
259136,6.2623343,7
259152,35.609665,19
259156,0.9150001,5
259160,29.526333,9
259176,36.092667,38
259196,28.343666,11
259224,1.9706669,12
259224,12.6656685,17
259224,4.699,7
259244,26.045,5
259248,1.162,6
259256,29.996,8
259264,25.365,5
259288,6.7200003,10
259292,3.349,7
259312,2.535,5
259316,5.322333,7
259336,5.853333,20
259344,39.318665,46
259352,2.1600003,10
259400,9.688667,16
259404,39.520668,22
259420,-1.9416668,5
259456,10.232668,28
259456,31.584333,13
259500,30.235666,37
259520,25.485,5
259520,10.058668,16
259560,49.335,35
259584,10.995335,16
259588,12.577668,33
259604,11.750335,11
259632,2.4239998,12
259664,5.9383345,15
259676,48.779663,39
259692,40.97867,26
259692,6.4590006,7
259748,35.794666,14
259760,5.8536663,21
259768,0.0050002337,5
259788,0.66900027,7
259836,32.140335,51
259856,1.805,5
259864,19.148,24
259896,38.362335,27
259900,14.323999,52
259916,26.198334,5
259940,40.707,21
259944,30.080334,11
259984,28.426668,30
260008,37.132,16
260012,16.704666,24
260032,-0.08166683,5
260052,27.991667,5
260080,41.024666,24
260088,2.3663335,9
260108,23.160667,42
260112,2.0193334,8
260120,20.385998,28
260132,2.141667,5
260140,0.6183334,5
260152,-0.1396668,11
260164,9.106335,19
260192,7.7166667,10
260220,44.69333,20
260228,3.7519999,16
260276,5.4973335,12
260328,17.165667,27
260340,12.809001,37
260344,28.771008,53
260352,9.273001,19
260356,2.9956665,7
260360,3.915,5
260380,1.7256668,7
260440,43.286667,20
260484,24.49533,26
260496,42.321667,35
260516,7.602999,19
260532,28.779667,9
260552,25.911667,5
260556,58.630997,53
260576,1.0753334,6
260596,29.826666,10
260620,48.02133,34
260632,20.562998,29
260636,5.868333,15
260652,-1.925,5
260656,7.9230003,9
260688,3.8476665,13
260704,5.547333,12
260708,27.198334,5
260720,40.690334,31
260728,37.829666,19
260740,28.303001,9
260748,-1.0143332,7
260796,11.794001,22
260816,5.845666,17
260844,53.14633,29
260876,5.750001,20
260880,30.601667,35
260892,7.4639997,12
260920,4.549,7
260928,5.2743325,13
260952,18.387999,34
260956,3.3396664,9
260960,37.163334,20
260988,3.2863333,9
260992,8.978666,16
261016,32.175667,7
261048,12.837667,23
261096,6.153333,20
261112,9.802002,16
261124,13.120334,41
261144,25.251667,5
261168,6.7713327,14
261180,52.139,47
261180,13.693669,21
261200,3.1916666,5
261204,5.622999,9
261244,17.118332,25
261256,11.487669,13
261276,12.028,24
261280,29.699665,9
261316,14.096334,29
261316,30.203,9
261336,0.97166693,5
261352,7.889666,19
261356,5.67,10
261364,40.202335,27
261372,25.711666,5
261384,4.620667,12
261412,9.306666,10
261424,9.735665,17
261428,10.435333,16
261440,7.409,7
261468,8.507,11
261492,20.412334,27
261496,6.0213337,14
261508,27.873333,10
261528,3.8326664,8
261532,7.9266663,10
261592,11.9053335,16
261620,39.50267,28
261636,7.6240005,52
261680,36.980667,22
261704,39.14367,21
261712,9.149667,19
261724,5.6536684,11
261776,57.903664,61
261804,38.737667,23
261804,11.213335,20
261824,0.2016666,5
261832,29.662334,7
261836,48.734337,33
261852,14.683001,19
261860,2.2323332,7
261880,2.2916665,5
261888,1.451,13
261928,35.373,19
261956,15.016335,19
261976,-0.73599994,12
261984,57.543327,40
261984,26.475666,7
262004,22.819666,29
262004,25.978333,5
262024,27.291666,5
262028,2.110333,11
262028,4.667666,13
262040,5.796334,9
262044,2.235,5
262048,0.54166675,5
262076,1.5323334,7
262092,6.217666,13
262144,1.4276667,13
262148,2.7793336,18
262164,2.925,5
262168,12.210333,31
262196,27.675667,7
262200,9.387667,13
262200,31.160995,43
262228,4.215667,7
262228,2.2123334,7
262232,4.756334,9
262248,1.7283332,5
262252,0.88166666,5
262256,9.564332,23
262272,32.677,11
262276,24.378334,5
262304,8.174667,14
262320,1.3103333,11
262336,7.5493336,8
262348,8.471333,24
262372,1.6186666,6
262380,32.460335,11
262400,13.903997,32
262408,8.739666,9
262428,9.780666,12
262444,29.586334,9
262464,27.348665,36
262500,2.9746668,14
262504,0.03999996,10
262516,13.694,22
262524,3.3519995,6
262528,26.347334,32
262532,28.055668,7
262600,34.129,17
262612,6.2070007,21
262632,43.908997,27
262632,2.5516667,5
262652,1.385,5
262660,30.675667,7
262680,24.865,5
262688,56.96434,43
262752,50.149338,38
262780,11.92767,23
262784,19.648664,26
262792,17.378334,35
262808,7.674667,14
262836,7.493667,11
262840,7.188,14
262860,40.053337,20
262860,2.3286667,6
262872,0.84866667,16
262900,7.065,15
262904,6.330333,11
262920,5.835,5
262936,2.3393333,8
262948,31.935665,7
262956,39.410336,21
262960,41.875,25
262980,29.145,5
262992,28.130333,11
262992,4.0229993,9
262996,4.5183334,15
263000,0.27499998,5
263020,2.7956667,7
263040,5.157,11
263052,8.895,15
263060,3.3149998,5
263080,35.358337,15
263104,10.938666,26
263104,1.217,11
263112,36.631668,15
263132,31.884335,13
263140,4.0996666,9
263184,35.030003,20
263204,32.372665,18
263228,29.850334,11
263228,5.665333,6
263248,15.452333,27
263248,0.885,5
263272,72.15,40
263320,7.7309995,23
263324,33.303,19
263332,4.1783333,15
263332,16.450335,21
263352,24.904999,5
263380,7.9106674,12
263388,3.5163336,9
263388,8.935667,17
263440,18.559668,29
263448,10.118334,15
263456,39.705666,17
263464,5.0870004,21
263488,26.571999,6
263492,4.764333,13
263496,4.2399993,10
263540,31.223667,11
263540,1.4473337,12
263544,-2.022,14
263560,4.9083333,5
263604,2.5769997,11
263604,33.562,16
263624,15.063335,20
263644,26.296665,10
263656,52.640663,52
263664,26.085,5
263692,7.145667,7
263728,3.2296667,9
263736,34.6,20
263748,18.871998,36
263764,27.833,9
263812,38.852997,19
263820,24.226332,49
263832,10.830334,21
263840,4.5856667,7
263840,-1.6716667,5
263876,10.400334,11
263888,19.430332,31
263896,4.4616666,5
263916,5.8596663,19
263916,-0.76500005,5
263916,4.042333,7
263944,26.382332,7
263944,3.5423326,7
263964,-2.4883332,5
263976,36.308,34
263984,9.072334,17
263996,27.689333,8
264000,9.748003,14
264012,5.7796664,9
264016,1.9116664,5
264028,25.199,7
264048,2.1326666,8
264056,34.847,11
264084,2.4390001,7
264132,9.5406685,12
264148,8.831667,25
264152,0.20833325,5
264156,29.317663,43
264172,3.9016669,5
264196,31.436666,10
264208,2.9283333,15
264208,6.0563335,9
264232,4.785333,6
264232,4.1929994,9
264236,1.4656665,7
264252,5.0383334,5
264264,-0.31766677,7
264276,6.357001,11
264308,7.864667,14
264324,7.585001,15
264324,51.047993,74
264352,1.7356665,7
264364,3.4213333,14
264372,-1.035,5
264396,-0.8673334,8
264420,-0.085999966,12
264468,8.392667,18
264496,2.1623333,7
264500,32.818005,44
264500,35.88334,20
264532,26.882668,8
264576,8.423,19
264576,53.165005,75
264584,40.82733,22
264616,15.693666,21
264624,8.370667,12
264640,-4.1553335,14
264644,27.458332,5
264664,0.15166664,5
264672,14.831333,24
264684,25.365,5
264700,-1.2343333,7
264700,8.497001,21
264728,29.415667,7
264744,34.278336,15
264748,5.824,12
264756,2.4556665,7
264764,20.066998,31
264768,2.262,6
264792,3.6289997,7
264796,27.755667,7
264832,36.586998,21
264848,18.707666,23
264856,-2.948,16
264856,1.922,6
264880,3.6620002,6
264912,-0.694,8
264920,35.028667,16
264944,11.258002,24
264984,39.458996,47
265012,19.231,23
265020,33.256332,9
265032,48.493336,30
265036,38.731,23
265052,25.298332,5
265060,7.557334,12
265076,3.9433331,10
265080,1.8416667,5
265088,0.8996668,9
265136,4.327334,12
265168,39.907337,22
265188,35.167664,13
265192,18.429665,29
265196,25.348,44
265196,1.8523334,7
265220,0.7986667,6
265236,3.1069999,11
265240,1.875,5
265256,10.468334,15
265272,3.6163325,9
265276,12.554003,22
265300,7.091667,15
265320,28.418333,5
265324,9.490667,12
265328,-1.274,18
265332,7.531667,15
265340,-0.13500011,5
265352,24.865334,6
265360,26.758333,5
265372,2.9566667,10
265372,4.0206666,12
265376,1.4786665,6
265400,5.692333,7
265412,32.257668,13
265412,8.893333,10
265412,3.579667,9
265436,29.249666,9
265436,25.778667,6
265456,7.0736666,11
265476,3.8466668,10
265480,34.712334,17
265484,31.197334,12
265508,8.572334,7
265520,9.353667,11
265524,30.306667,10
265544,29.282999,9
265548,2.6556668,7
265576,11.700002,30
265580,4.5180006,14
265580,2.7393334,8
265592,8.220667,12
265656,44.289665,19
265688,10.256002,28
265692,13.952667,28
265720,9.175335,16
265724,-0.34366655,9
265728,2.9563339,9
265752,2.789,7
265780,-0.31433344,7
265800,57.353996,52
265816,2.4196668,9
265820,9.475,25
265868,3.5656667,17
265872,29.851,13
265876,55.035667,37
265920,7.1509995,13
265924,9.052334,27
265936,6.815335,16
265964,27.455666,7
265976,11.114333,13
266016,14.568,24
266036,46.36667,40
266048,27.809334,8
266060,6.673667,21
266076,15.826001,28
266104,36.934666,14
266120,6.5016665,15
266124,3.5616665,5
266128,8.970999,13
266148,2.0716667,5
266148,24.772,6
266148,49.039333,28
266168,1.5983331,5
266184,8.722002,16
266196,2.4189997,7
266240,36.470333,11
266240,16.034666,14
266268,2.1490006,7
266280,21.821,33
266284,6.3270006,11
266288,22.731665,35
266312,27.622334,7
266324,30.680332,11
266332,25.818333,5
266344,-1.1986668,14
266348,19.923336,20
266364,4.116,8
266388,6.892,16
266428,9.773334,20
266448,25.611668,5
266456,17.287668,23
266492,34.14367,11
266512,14.044003,42
266516,17.980663,32
266528,-0.9873332,18
266536,-1.545,5
266568,11.489667,19
266568,6.1913333,14
266596,39.751667,15
266612,4.6703334,11
266664,9.802334,17
266664,13.231,13
266684,48.84967,39
266684,0.2416668,5
266712,2.2123334,7
266728,8.542002,16
266736,37.390667,42
266748,2.1216667,5
266764,4.059,7
266780,1.836,8
266784,9.558334,25
266808,-0.10433328,7
266836,18.302668,18
266852,9.553667,11
266852,12.942337,17
266876,57.23033,41
266880,3.749,7
266912,5.7293334,8
266920,34.642334,17
266928,5.144333,13
266932,26.058334,5
266952,0.5249999,5
266960,9.566,8
266968,16.857666,33
267000,18.583336,20
267032,11.309334,18
267048,34.997334,12
267116,25.08033,41
267128,14.316668,20
267144,37.082664,28
267144,27.549,7
267144,34.487995,44
267168,27.251999,6
267184,33.901333,14
267196,6.621,13
267228,8.375,15
267236,11.404333,23
267240,3.3046668,14
267248,9.227668,13
267256,26.909,7
267272,3.4163334,9
267276,3.4923332,7
267280,29.356667,10
267304,-0.81100005,7
267308,3.426333,9
267344,1.0800002,10
267384,16.044,32
267424,14.783001,29
267428,0.5336666,11
267448,4.342,6
267456,13.556002,28
267468,4.5483336,5
267480,34.561,13
267500,25.551666,5
267528,34.907326,62
267532,6.203,19
267560,6.6583333,15
267592,28.882668,8
267600,10.829336,18
267600,6.492333,17
267612,2.5116668,5
267648,11.460667,12
267648,27.859665,9
267680,39.440002,20
267684,0.9596665,9
267692,4.847,11
267728,60.778328,65
267752,10.605667,17
267764,11.929333,18
267784,19.542002,26
267792,4.559,7
267800,6.137333,12
267828,1.2223334,7
267832,25.68,10
267856,2.3553333,6
267864,16.110003,20
267868,27.346666,10
267892,6.843,9
267920,36.339336,48
267936,36.689003,17
267948,34.820335,21
267968,0.6016667,5
267984,9.305334,16
267988,25.911667,5
268032,50.458336,35
268040,15.694668,14
268044,9.708,14
268052,5.0016665,5
268104,12.697667,13
268104,61.004005,42
268124,1.3383334,5
268132,11.387335,22
268180,4.194,12
268200,25.858334,5
268208,32.482002,26
268220,1.8049998,5
268268,34.018997,57
268284,11.713002,19
268368,44.208336,25
268396,17.184664,44
268396,45.895996,28
268428,4.566,8
268472,16.619669,19
268504,7.276333,19
268508,8.998333,35
268520,81.96966,99
268532,-1.731,7
268544,28.393,9
268548,1.4890001,7
268552,-0.15166664,5
268568,4.841667,5
268572,12.581669,25
268608,3.6129997,9
268616,12.436,18
268624,4.5426664,18
268672,12.600668,12
268684,11.635668,17
268700,2.659,7
268712,7.0590005,7
268732,28.718334,5
268756,36.275673,47
268772,32.930336,41
268772,17.346,18
268792,38.89833,15
268804,-0.324,8
268852,18.803335,20
268860,34.565666,17
268892,4.4906673,22
268900,15.3653345,36
268928,34.619667,19
268968,27.492334,27
268988,13.111668,15
268988,34.120667,22
269024,7.8580003,14
269052,27.866663,40
269064,27.463333,10
269084,0.10833347,5
269088,17.108332,25
269092,5.1833334,10
269104,14.766335,29
269136,5.9570003,11
269144,5.8849998,15
269168,29.809334,8
269172,7.0236664,21
269172,-0.18433344,7
269176,3.1926665,18
269204,-0.2806666,8
269212,2.8463335,9
269216,1.7373334,12
269248,5.0503335,11
269264,7.1143327,13
269308,16.467999,34
269308,41.291,23
269316,4.4976673,13
269332,38.573666,21
269360,30.107,11
269372,2.7600005,10
269416,16.012333,27
269428,19.783333,30
269468,3.3746662,24
269472,5.383666,11
269476,35.158333,15
269504,1.3663332,9
269516,7.9803348,11
269568,17.954338,23
269572,37.30765,53
269584,37.49,20
269596,27.019001,7
269616,0.72033334,11
269616,3.235,5
269668,27.419334,38
269696,19.276667,20
269704,11.737333,22
269720,47.181335,34
269732,35.005333,16
269740,32.64633,9
269756,31.288332,15
269764,5.732667,8
269772,11.364334,13
269792,5.1263328,9
269796,28.589333,8
269844,14.065334,26
269864,1.245,5
269868,14.966001,18
269888,43.084667,24
269916,31.894001,12
269920,29.329334,8
269924,28.116003,38
269952,14.184,22
269964,0.4803338,11
270000,9.939667,9
270028,42.789333,28
270032,0.78933334,8
270056,16.668667,26
270064,-1.0739999,8
270064,4.746333,9
270076,26.111668,5
270112,4.567333,12
270112,31.173,9
270136,19.266,18
270160,4.5973334,12
270160,-1.1993332,12
270188,2.8056667,7
270224,28.326332,9
270244,14.729,27
270248,10.324,22
270256,52.244328,83
270264,6.1216664,5
270300,5.849667,9
270308,38.36367,21
270320,10.392002,16
270348,24.57833,25
270360,1.2776669,13
270384,28.213,9
270388,36.032333,17
270428,38.842335,17
270432,17.014334,33
270436,37.974335,13
270436,31.430668,12
270452,2.6686666,6
270456,-2.3616667,5
270496,4.3066673,10
270516,9.900332,21
270536,3.355,5
270540,5.0403333,11
270580,34.156998,11
270588,5.6106653,12
270592,45.335,35
270600,24.096996,41
270612,0.2016666,5
270668,6.3823338,17
270676,4.6819997,16
270688,20.765669,27
270732,3.7046666,14
270732,10.188666,16
270752,2.3749998,5
270752,2.9516668,5
270772,8.833669,21
270788,6.9329996,9
270792,26.218334,5
270824,35.779335,18
270852,40.052002,16
270872,72.53032,71
270876,13.973669,21
270880,1.6656665,7
270896,-0.885,5
270948,10.908999,17
270948,24.837004,31
270948,34.784332,13
270952,17.826666,20
270988,2.2930002,9
271028,13.74,20
271064,45.076332,29
271084,10.268002,24
271084,47.361332,34
271124,42.80133,24
271124,2.523333,10
271140,8.144668,14
271152,34.470665,22
271164,7.123333,10
271172,26.598333,5
271184,27.971666,5
271196,5.548667,6
271216,27.551666,5
271232,4.6606665,12
271240,-1.8346667,6
271244,15.732001,26
271260,4.8256664,7
271264,12.971666,35
271264,26.564999,5
271284,9.300334,11
271292,7.5056663,7
271312,1.2349999,5
271344,11.041668,15
271348,14.427334,22
271372,8.485001,15
271380,20.276335,29
271400,2.2289996,7
271400,-1.052,14
271444,20.031334,24
271452,8.0060005,18
271472,27.938332,5
271476,34.066334,19
271476,35.726334,19
271504,26.722332,7
271512,13.552335,17
271524,1.655,5
271548,0.6229999,9
271584,6.1396666,9
271596,17.092669,18
271604,20.91767,33
271612,26.742332,7
271632,34.226334,9
271640,2.1023335,7
271696,15.684999,55
271712,9.362669,18
271712,14.1066675,20
271732,-1.0383334,5
271732,1.2863333,9
271732,22.684,32
271764,9.014336,13
271792,3.325667,7
271792,37.614998,15
271796,33.47867,16
271816,26.132,6
271836,-1.2750001,5
271852,34.691666,15
271884,0.8493333,8
271900,6.8620005,16
271904,25.957664,43
271932,29.149334,8
271936,32.251,13
271956,-0.82500005,5
271960,4.4046664,14
272024,2.0623333,17
272056,48.64033,31
272060,2.7896667,9
272064,5.395334,26
272096,0.32966685,9
272132,38.822334,17
272136,5.359999,20
272140,33.177002,11
272156,38.65666,90
272172,1.283,9
272192,7.587666,13
272212,27.958332,5
272216,5.328333,15
272236,31.598667,16
272240,20.225668,27
272256,-0.16166663,5
272288,16.743,19
272316,39.62967,19
272316,9.658333,15
272344,28.502333,7
272348,5.8283334,15
272348,3.4659998,8
272368,26.871666,5
272372,43.513,39
272404,4.9496665,9
272428,7.1480002,14
272440,15.487665,23
272440,0.87966657,9
272464,21.700005,30
272488,6.754999,15
272492,1.3289999,7
272492,32.934334,13
272524,3.2926664,8
272528,2.1230001,9
272560,22.293331,30
272568,30.036667,10
272580,8.781,23
272604,4.280333,11
272608,29.989,7
272628,20.735332,26
272640,8.572668,8
272652,11.2436695,21
272668,30.155666,7
272672,32.14367,11
272716,33.530334,11
272720,48.979668,29
272740,0.38833332,5
272772,11.991333,14
272788,43.318,34
272800,-0.14499962,15
272820,5.867333,12
272832,34.263668,11
272844,4.382,6
272872,2.435667,7
272880,7.5400004,20
272884,33.644333,13
272944,39.93933,18
272956,11.169668,19
273044,19.549994,40
273044,17.315002,25
273068,26.285334,6
273092,25.092,6
273116,26.438667,6
273136,37.725002,45
273160,6.873667,11
273164,50.344666,124
273184,0.24500012,5
273200,7.152,16
273212,14.680672,42
273212,2.999,7
273220,26.671665,5
273232,-0.8750001,5
273256,8.746333,9
273256,4.097,11
273272,37.552666,28
273276,-1.6716667,5
273300,26.615665,7
273312,2.556333,9
273340,24.415663,27
273340,4.8800006,10
273360,5.877333,12
273360,5.355,5
273396,30.129665,9
273400,7.7533336,10
273400,6.5783334,15
273428,21.974333,43
273432,29.293,9
273456,3.3623333,7
273468,14.335669,17
273480,4.9373336,12
273492,13.0910015,23
273520,7.9010005,13
273552,10.661333,24
273584,7.872001,16
273612,26.587666,33
273624,3.0833333,10
273624,14.696,18
273660,5.479667,9
273680,10.628,14
273696,5.9869995,21
273700,1.2050002,5
273760,9.095333,16
273768,35.672333,17
273804,3.6229994,9
273816,48.24966,39
273824,35.332,16
273840,-1.6436667,9
273848,64.76966,89
273860,3.315,5
273880,1.0449998,5
273896,34.439335,18
273900,10.260333,21
273900,-0.96500003,5
273920,0.18866663,6
273920,27.211666,5
273944,5.8436666,11
273956,-1.5703332,9
273976,2.6959996,8
273980,46.664337,33
273992,11.062666,18
274000,11.910336,11
274036,4.0163336,9
274060,35.049,17
274064,1.7356665,7
274084,22.895334,26
274088,3.652333,7
274116,20.441666,35
274120,30.133,9
274140,35.331,13
274148,4.062667,8
274172,18.715666,27
274176,11.591334,14
274192,35.400333,11
274196,15.658001,14
274220,2.4023333,7
274240,12.102335,17
274260,29.046665,10
274268,0.035666704,7
274300,28.476,8
274304,8.410334,11
274320,1.9083334,5
274324,51.310665,32
274340,28.531666,5
274344,51.604004,42
274360,0.044999957,5
274364,1.6783335,5
274384,10.058332,15
274400,22.598001,24
274420,36.12133,14
274456,6.0879993,14
274472,19.584,22
274496,4.03,10
274504,2.1360002,8
274504,38.117004,21
274520,55.70333,40
274524,26.465,5
274540,26.751667,5
274548,31.830334,11
274560,5.1886673,16
274560,28.679665,9
274584,31.626999,11
274604,13.420334,11
274612,26.699,7
274640,1.1656667,7
274672,8.935667,17
274680,16.871002,33
274688,17.527336,32
274692,-0.0849998,5
274708,2.7189999,7
274716,2.762,6
274724,38.743668,21
274732,0.51033306,11
274776,11.142334,17
274796,34.539337,18
274812,7.7233343,20
274824,5.638999,27
274868,3.1313334,14
274876,11.100001,20
274896,32.646667,30
274932,20.475666,27
274972,41.241333,24
274976,7.147001,11
274976,19.052332,27
274996,13.265002,25
275020,26.571999,6
275032,34.131668,15
275036,9.101666,15
275064,48.937332,22
275084,26.731667,5
275096,2.9463327,19
275096,32.045334,16
275112,3.8023334,7
275172,32.463,19
275188,28.602667,38
275192,4.975,5
275196,3.9703336,21
275220,3.4993331,8
275240,34.230667,12
275288,11.192334,17
275300,14.350334,51
275308,12.345668,17
275344,4.876333,9
275364,2.795,5
275380,54.402,46
275380,39.187668,23
275424,22.093666,31
275452,5.1723332,7
275460,30.366665,20
275476,8.774668,24
275484,3.6486664,6
275508,-1.348,6
275536,3.5956664,7
275548,11.676002,18
275572,7.676666,30
275588,8.784334,13
275592,2.205,5
275608,26.765,5
275640,8.0876665,23
275648,10.658001,14
275668,0.2783332,5
275680,29.743334,10
275708,51.79533,86
275724,5.164666,14
275740,31.175,15
275752,20.065332,36
275760,2.9550002,5
275764,0.013333321,10
275784,4.895,5
275788,2.8863328,9
275820,32.373,9
275876,12.207335,22
275896,11.444666,34
275896,42.82566,47
275904,28.022333,7
275916,25.825,5
275924,0.31166697,5
275944,4.2783327,5
275952,3.2696667,9
275968,38.109337,18
275976,27.672997,39
275996,3.7516668,5
276016,6.2539997,12
276024,41.643333,20
276032,17.236668,20
276032,4.649667,9
276052,5.5263333,9
276076,33.671,13
276080,4.919,7
276084,1.3976667,13
276092,34.025,15
276104,3.1853333,6
276124,2.0433333,10
276148,1.9553335,6
276176,6.9603333,21
276180,11.396334,19
276200,22.923668,31
276228,6.3123336,7
276236,15.294002,22
276244,33.892334,17
276244,9.665333,16
276264,3.093,9
276264,2.1716666,5
276276,3.1666667,10
276308,5.1126666,8
276356,16.572666,28
276412,34.665672,37
276416,11.041668,15
276424,13.626335,29
276440,3.0923333,7
276444,38.02166,45
276464,4.3283334,5
276476,5.1143327,13
276500,11.051667,15
276520,30.328,14
276524,5.2440004,12
276536,2.5963335,9
276540,26.685,5
276544,1.6483333,5
276564,2.7823334,7
276584,26.318333,5
276596,32.384666,14
276604,34.17167,15
276632,63.524666,54
276644,32.764,12
276684,2.2809997,13
276692,28.024,12
276708,22.057001,31
276732,9.223999,32
276732,8.907333,12
276752,-0.94499993,5
276756,1.9506664,12
276776,26.251667,5
276780,37.71733,22
276812,41.251667,15
276856,16.327002,31
276864,34.990334,21
276884,2.9016666,5
276892,35.26667,20
276904,-0.048333287,5
276944,17.687336,22
276964,8.232667,18
276976,63.173332,50
277004,35.095,15
277044,23.554998,35
277092,37.374,22
277108,15.511,33
277116,8.115998,18
277120,-0.43433332,7
277144,1.0356666,7
277176,9.305667,17
277204,7.655001,15
277220,39.51466,64
277220,32.883667,11
277232,4.0790005,7
277240,2.9083333,5
277248,27.508999,7
277248,25.133999,32
277268,-0.2783333,5
277276,1.5723333,7
277292,5.6316667,15
277292,33.874336,13
277312,1.6016667,5
277348,9.434668,14
277368,34.68467,14
277376,28.615665,7
277396,1.7583333,5
277400,43.006996,31
277412,33.797,11
277432,-1.815,5
277440,31.193333,10
277452,63.811996,46
277452,29.125,5
277480,30.522333,7
277488,2.2240005,12
277508,-0.885,5
277516,27.706333,9
277552,7.769667,9
277556,61.469994,40
277572,9.455334,16
277588,4.5263333,9
277600,-0.47099996,7
277620,2.7116668,5
277632,5.730333,11
277640,4.601667,5
277652,19.624668,24
277668,0.1630001,9
277676,48.328655,56
277684,31.690334,11
277692,10.493333,10
277696,26.945,5
277708,0.9133333,10
277732,3.1739995,12
277752,29.470333,11
277752,10.341667,15
277772,-0.8183335,5
277792,0.32166672,5
277828,18.194334,33
277844,8.417669,13
277844,45.952675,28
277888,6.223667,11
277900,37.34133,14
277920,-0.7906666,8
277920,34.04399,42
277920,41.507668,23
277928,-3.5343335,7
277968,29.030666,12
277968,3.5706668,12
278012,3.0936663,11
278028,36.81167,25
278040,27.255667,7
278088,42.673332,30
278092,33.021,13
278116,27.192,6
278116,3.5456667,7
278168,8.267667,13
278192,52.712658,68
278224,30.338001,14
278280,9.128,14
278296,62.905666,67
278300,41.20866,46
278312,6.2426662,8
278316,-1.0516665,5
278332,25.858334,5
278348,5.8626666,8
278368,41.76567,17
278404,35.794334,53
278408,37.614998,15
278428,8.721333,24
278440,2.116,18
278448,27.511665,5
278456,7.9806666,12
278460,3.161333,14
278476,-2.7916667,5
278488,-0.12666667,10
278492,5.819334,8
278508,1.1326666,8
278540,33.644333,13
278564,2.1253333,6
278572,42.827667,33
278576,11.959001,17
278596,25.351665,5
278600,26.375668,7
278616,20.687002,31
278624,7.305667,7
278624,-0.85466665,6
278652,7.6056666,7
278660,5.5863338,9
278712,4.5376663,13
278732,0.5483334,5
278768,18.079666,29
278772,28.9,10
278812,8.73,10
278840,44.01968,69
278844,26.475668,57
278864,0.4183333,5
278868,5.2656665,7
278884,1.6183336,5
278884,37.512665,18
278888,9.763334,30
278912,4.6256666,7
278932,9.1206665,12
278936,8.832333,17
278940,2.0856664,7
278972,3.1333337,10
278992,33.377666,13
279000,2.1653333,16
279020,27.578333,5
279028,11.571335,14
279048,1.0516665,5
279052,13.091669,15
279084,57.60633,49
279092,10.000333,11
279120,11.555668,17
279156,1.3196669,9
279160,6.7490005,17
279212,32.428,14
279236,4.546334,19
279264,31.795666,7
279264,7.6876664,13
279292,26.967335,52
279316,12.997667,13
279320,58.045,75
279336,26.345,5
279336,2.890333,11
279356,1.1450001,5
279356,3.895,5
279360,42.514664,24
279384,5.978999,7
279424,15.132,16
279432,39.273003,19
279436,15.099668,29
279444,27.458332,5
279452,12.715667,17
279456,2.5483332,5
279464,27.211666,5
279520,36.837997,14
279548,3.2956667,7
279552,17.231668,25
279588,6.2329993,9
279592,2.9436667,11
279604,19.992332,37
279636,0.67266667,8
279644,9.861335,14
279656,11.815334,16
279664,3.8756666,7
279680,1.9830003,9
279700,0.50633335,9
279708,1.624333,13
279708,59.04967,69
279728,0.9316666,5
279728,2.9416668,5
279760,4.096,8
279780,1.915,5
279780,11.821668,25
279804,13.883001,19
279808,0.9656668,7
279824,22.573664,31
279840,-0.02699995,9
279844,5.706333,9
279864,7.6936665,21
279864,-1.4316666,5
279868,3.9756663,7
279916,4.614001,12
279924,43.955,25
279944,38.41,20
279948,1.952,6
279956,35.827667,23
279972,6.9323335,7
280040,13.004335,23
280064,36.782333,27
280072,22.142996,39
280080,11.018999,27
280084,1.3383334,5
280132,8.975001,15
280132,11.197333,12
280152,6.4826665,18
280184,31.794334,13
280188,2.8863328,9
280200,16.815668,17
280220,1.4463335,9
280252,22.001003,53
280260,32.825,15
280272,2.4236672,21
280308,2.0596669,9
280312,13.097669,23
280324,13.306001,18
280344,25.345,5
280352,4.4303336,11
280372,3.5523334,7
280380,9.162333,17
280432,7.0049996,15
280440,33.03833,45
280456,14.326336,19
280468,30.079666,9
280468,-1.1776667,7
280488,4.8883333,5
280488,26.556,8
280500,17.189,37
280508,25.599998,10
280524,30.026333,9
280536,31.667332,12
280564,4.6833334,10
280576,7.1966662,10
280576,6.683,19
280616,21.219,27
280660,38.377,21
280680,4.508333,5
280708,44.831,23
280712,50.52133,34
280748,0.87300014,9
280764,41.86033,21
280804,5.668,14
280852,14.252005,36
280852,12.587336,22
280872,0.1916666,5
280880,26.609001,7
280892,26.518333,5
280900,25.598333,5
280928,2.2456667,7
280952,6.008666,6
280968,22.197002,41
281008,9.411332,14
281024,81.525,115
281044,3.843,9
281060,28.447329,42
281068,1.7436669,11
281104,6.1069994,11
281112,26.755333,36
281120,9.871,13
281148,38.645332,26
281148,5.626333,9
281148,7.7369995,11
281192,4.8469996,11
281216,5.715667,17
281244,9.601001,13
281244,15.223669,31
281264,27.725,5
281320,9.224667,14
281340,45.410336,31
281368,26.195667,7
281384,4.151999,16
281388,19.092,36
281392,49.576992,61
281428,-1.0016669,15
281436,6.6339993,12
281444,-2.1356668,13
281460,25.498667,6
281480,16.231335,24
281484,-0.65999985,10
281496,3.6596665,9
281504,1.0486667,6
281512,39.020332,21
281524,0.24499989,5
281564,27.233334,10
281564,29.897667,13
281600,36.115334,26
281600,2.6596668,9
281620,5.188,14
281620,17.661339,34
281624,24.718666,6
281652,0.009000301,7
281688,4.5339994,22
281696,3.3669999,11
281708,26.431667,5
281732,45.836,28
281748,23.494001,32
281764,4.322333,17
281772,4.1499996,10
281800,1.7323335,7
281820,26.064999,5
281828,44.269997,30
281840,14.907667,23
281864,3.8463333,9
281884,12.012001,16
281900,27.246334,9
281912,38.96267,18
281944,26.967,11
281948,6.5886655,16
281992,13.323335,20
282020,0.43233338,7
282040,0.06499982,5
282048,13.122,26
282072,15.510332,31
282084,13.330007,80
282096,-1.838,6
282112,12.352001,16
282140,27.485666,7
282144,32.390667,12
282164,12.783668,31
282168,27.162333,7
282184,15.101668,25
282236,8.735666,17
282236,34.234333,13
282244,30.463333,20
282256,-1.045,5
282256,20.712671,28
282288,6.273666,11
282292,30.586334,9
282312,-1.2416668,5
282340,25.828999,7
282348,45.096,28
282352,9.602001,16
282360,4.875,5
282372,25.946335,29
282380,2.5016665,5
282392,8.863334,10
282404,0.22533321,6
282424,8.459667,19
282432,9.758999,7
282436,36.232002,16
282448,3.7286663,6
282468,28.999666,9
282468,3.1983335,5
282492,2.2286668,6
282504,0.12899995,17
282516,7.0903325,31
282524,0.845,5
282528,3.1016674,15
282580,3.3986661,16
282608,5.079,7
282628,-1.2149999,5
282636,7.6126666,28
282672,1.0929999,9
282692,2.9216666,5
282692,28.790333,41
282736,6.047,11
282740,17.339336,28
282768,0.96233344,7
282776,6.0266666,10
282792,11.534999,25
282808,3.242667,8
282828,3.8730004,9
282832,47.945,85
282836,-1.0343333,7
282856,0.8550001,5
282856,28.235666,7
282860,17.314333,23
282872,0.80333304,10
282892,2.973,9
282896,-0.88800013,6
282924,15.452333,17
283000,40.989,27
283012,14.674002,22
283096,18.417,21
283104,37.218666,26
283120,31.735003,65
283124,3.2089996,7
283140,27.331667,5
283152,37.298,64
283164,32.985,15
283180,25.792334,7
283188,4.8886666,16
283208,31.960333,11
283224,30.593666,11
283224,33.083668,21
283228,0.90166664,5
283260,32.246334,9
283272,10.103668,21
283324,4.814333,13
283352,-0.09100008,7
283356,16.627668,33
283380,19.962666,38
283408,7.114333,13
283420,6.5090003,17
283440,50.35167,45
283460,31.390999,13
283488,31.160666,12
283528,46.605663,37
283544,14.533667,21
283548,27.165,5
283560,34.17267,18
283564,3.645,5
283584,7.803,9
283588,29.665667,7
283592,22.39434,43
283616,36.26767,13
283624,1.6729996,9
283652,38.325,15
283712,41.907333,32
283724,8.245665,27
283748,17.427004,31
283756,2.6526666,8
283788,40.423004,19
283824,18.28767,43
283864,32.086666,10
283872,10.403666,21
283908,11.253667,11
283912,46.977,41
283936,1.7223332,7
283952,38.052994,49
283960,30.024,12
283980,-1.3183334,5
284000,32.405334,16
284016,20.468664,36
284020,27.82,10
284024,10.826,18
284040,0.028333426,5
284060,2.2463336,9
284080,2.835,5
284080,32.24533,16
284084,11.087,11
284124,1.3603332,11
284136,48.124664,34
284136,5.161,13
284156,3.2883334,5
284164,5.2799993,10
284184,1.579,7
284192,3.229,7
284212,2.1956668,7
284220,17.388334,35
284224,0.90600014,8
284248,17.639332,28
284292,38.530003,20
284300,33.034332,13
284312,3.081667,5
284328,40.612335,27
284352,0.29666698,10
284380,28.003,39
284420,39.444336,23
284448,43.15467,24
284476,7.0623336,7
284496,11.249666,29
284548,34.651,13
284568,45.11233,67
284600,45.116997,31
284600,1.5826669,8
284612,6.1120005,16
284620,3.8683333,5
284632,26.905,5
284652,48.276,58
284660,2.54,10
284680,1.7223334,7
284692,2.552667,8
284704,2.9753332,6
284704,4.362667,18
284712,28.191666,5
284728,43.274,32
284736,7.109333,8
284748,-1.3883332,5
284768,1.6383333,5
284776,30.356667,10
284796,6.480333,21
284804,18.295002,25
284832,1.0089998,7
284872,13.924669,24
284884,34.787666,13
284884,21.372997,29
284912,0.15333319,10
284920,34.053,9
284924,16.447334,32
284952,1.5160005,8
284968,32.761333,14
284972,0.8183334,5
285000,30.389332,8
285020,24.471333,24
285036,6.426333,9
285040,4.8616667,5
285060,10.844001,22
285092,31.414333,13
285104,8.830334,11
285136,29.476,8
285136,1.5536666,11
285168,45.144333,33
285172,3.1196666,9
285192,2.8183334,5
285224,3.7693334,8
285320,68.00299,109
285340,1.4650003,5
285352,20.344,32
285384,5.0169997,11
285412,-0.26766682,7
285420,42.765667,17
285440,2.5283332,5
285452,64.286995,71
285464,82.767334,82
285464,25.298666,6
285492,29.943333,10
285512,28.844002,12
285520,8.611333,14
285532,1.0849998,5
285540,6.207334,12
285584,9.500999,13
285660,40.079666,19
285736,18.381334,54
285748,40.32067,22
285788,32.57734,62
285808,93.11302,99
285812,31.458668,16
285824,3.6096666,9
285828,12.881001,23
285852,5.579,7
285856,0.7490001,7
285864,4.581333,14
285876,3.428666,6
285916,3.4343333,13
285920,11.275665,27
285932,8.911333,14
285956,11.625,25
285960,34.18,10
285960,0.5003333,11
285968,30.782999,9
286008,4.687334,12
286028,26.971666,5
286052,10.04467,24
286064,7.968668,26
286072,33.877,11
286080,-1.8443333,7
286084,12.259667,29
286084,1.8049998,5
286100,3.7216668,5
286104,4.3216662,5
286112,-1.6843333,7
286136,5.9286666,16
286140,3.3466666,10
286156,-0.5383334,5
286160,1.005,5
286164,3.0376663,13
286188,39.647,21
286224,2.051667,15
286232,6.253666,11
286256,6.028001,24
286280,8.878,14
286280,7.6773334,12
286320,2.8733332,10
286324,8.993668,11
286324,25.354,42
286344,12.954,22
286364,26.531666,5
286436,11.5093355,28
286456,18.331003,33
286484,10.480667,12
286492,7.306332,9
286500,16.204668,34
286520,44.249996,50
286524,8.103333,10
286552,27.375668,7
286556,2.208,14
286588,3.0129998,9
286604,6.8670006,21
286612,-0.24466658,6
286640,23.09567,37
286680,39.539665,19
286688,30.23767,33
286692,0.11100018,13
286712,29.631666,5
286716,45.222,26
286744,6.8379993,14
286772,8.504667,14
286788,39.053,19
286792,36.645996,28
286808,0.036333084,9
286828,4.4216666,5
286832,4.0999994,10
286860,5.099333,8
286872,7.060333,21
286880,3.8950005,5
286916,3.3503325,11
286932,50.768333,25
286956,6.156667,10
286960,4.5856667,7
286992,29.509333,8
287012,25.271667,5
287016,20.478003,34
287024,6.4656672,17
287032,0.5716667,5
287036,3.325,5
287136,18.592667,28
287152,43.493332,30
287168,29.655998,8
287184,25.609,37
287204,-1.285,5
287216,63.239338,118
287252,5.571667,25
287292,8.349668,19
287320,15.859,17
287364,45.166325,49
287364,22.433334,40
287384,3.175333,16
287404,26.585,5
287412,31.383999,12
287428,5.805333,16
287476,26.475328,46
287492,17.130667,22
287496,2.8483334,5
287500,21.086,18
287520,26.438334,5
287520,-0.58099985,7
287532,36.06333,30
287580,6.524,12
287584,14.607334,22
287596,7.6963315,19
287612,0.9089999,7
287624,4.249,7
287660,3.5733337,20
287668,32.974667,14
287740,47.393333,20
287748,20.505669,57
287772,19.332335,37
287776,28.462334,7
287784,6.8936663,11
287788,42.48,30
287808,29.826332,9
287828,35.763668,11
287852,3.783667,11
287860,35.566,18
287888,2.493,9
287924,8.235334,16
287936,19.309004,27
287944,2.2883334,5
287948,12.315001,15
287964,55.105667,47
287988,32.914333,13
288012,6.264001,12
288016,29.249,7
288020,8.366334,19
288028,7.6399994,20
288060,4.2103333,11
288060,30.229332,8
288068,32.95067,12
288096,-1.3269999,9
288104,2.9963336,9
288124,4.795,5
288128,12.036334,29
288152,7.0256658,7
288156,0.7616663,15
288164,27.423,9
288200,9.214001,12
288200,3.9563332,9
288204,2.3040009,12
288232,-0.3310001,7
288236,1.809667,9
288256,16.712996,49
288256,31.214666,14
288264,4.319,7
288280,1.9753337,6
288296,30.579998,10
288300,-0.6383332,5
288344,9.717335,12
288348,12.266336,29
288348,41.28367,21
288364,-0.21833336,5
288368,26.491667,5
288404,0.40299988,9
288428,1.9353331,16
288436,8.597334,22
288460,12.363334,40
288460,24.865334,6
288468,8.545334,16
288472,29.080334,11
288480,27.471666,5
288500,0.032666564,8
288512,29.627666,13
288528,31.735666,7
288540,32.218334,15
288560,2.7616668,5
288620,14.379002,27
288636,35.299667,19
288648,49.11,30
288660,2.94,10
288664,3.0089996,7
288668,27.185,5
288672,49.04333,50
288688,-1.2650001,5
288704,3.3670006,11
288716,4.185667,7
288724,1.8583335,5
288748,7.978667,6
288772,11.232335,27
288788,8.723001,29
288792,0.61833334,5
288808,4.971667,5
288836,29.075666,7
288836,31.860332,11
288840,10.554333,23
288856,43.418335,35
288868,7.1256666,7
288892,7.8379993,14
288952,15.596333,29
288952,8.370334,21
288968,21.672668,28
289004,1.1429998,9
289016,33.085335,16
289032,20.088331,35
289036,28.404999,5
289060,21.505667,27
289064,2.9823334,7
289076,30.583668,11
289100,9.869667,9
289112,1.0030001,9
289128,21.253666,31
289140,-0.15433323,7
289148,37.414,22
289152,6.9809995,13
289168,6.1466665,10
289176,-1.3936669,9
289196,6.457333,12
289212,2.8730004,9
289224,2.7590003,7
289232,11.716666,20
289236,12.805669,17
289268,6.7846665,14
289272,8.956666,10
289284,3.9906664,12
289300,28.702333,7
289328,8.212334,7
289332,14.882332,27
289356,4.6023335,7
289360,2.4456666,7
289372,9.394001,22
289388,2.5290003,7
289424,7.785667,17
289432,34.158333,15
289440,22.214336,43
289444,25.418333,5
289460,24.851665,5
289496,30.157665,13
289516,1.7416666,5
289520,22.604332,33
289532,32.029335,18
289544,5.1389995,7
289576,11.862,36
289596,12.01967,19
289596,16.238667,16
289604,-2.3043334,7
289616,25.431667,5
289620,2.9886665,6
289636,4.8883333,5
289680,7.157,11
289700,10.704667,24
289716,5.033,9
289740,13.580001,30
289744,4.320333,11
289748,26.239334,8
289800,32.055,15
289808,44.408665,66
289816,14.578999,17
289820,10.829668,19
289840,27.351665,5
289848,2.3226666,8
289864,35.152,16
289884,30.340332,11
289888,3.1366668,10
289888,8.406666,20
289900,8.563,9
289904,3.2616665,5
289908,27.244999,5
289920,26.898333,5
289924,3.9316666,5
289940,0.67499995,5
289944,0.43299985,9
289948,7.9616666,15
289964,5.4633336,10
289968,25.404999,5
289984,6.9203334,11
290004,26.958332,5
290064,6.8283324,15
290084,13.316334,29
290092,25.982334,7
290108,20.342003,36
290112,1.2016666,5
290128,30.853668,11
290136,27.296001,48
290156,26.852333,7
290176,8.040001,10
290192,40.10367,21
290196,11.280333,21
290196,2.4683332,5
290212,-0.8383334,5
290232,1.2563335,9
290236,30.64,10
290252,15.954668,24
290324,42.15767,23
290324,15.260668,22
290340,9.137334,32
290356,0.8293333,8
290376,4.2910004,13
290384,19.604334,33
290396,0.81500006,5
290396,27.119999,10
290412,1.6456666,7
290428,31.662666,8
290432,-1.0349998,5
290436,7.456667,10
290456,14.259668,29
290464,1.7063332,9
290468,27.816,8
290484,1.0223333,7
290500,9.902334,17
290520,2.4850001,5
290524,34.65167,15
290556,43.129333,18
290560,4.7963333,9
290576,6.331333,14
290596,3.0629997,9
290600,29.410332,11
290612,9.256333,9
290644,33.107334,12
290660,5.3706665,12
290660,35.058334,15
290704,10.508334,15
290716,28.934666,14
290716,9.448002,14
290736,-1.165,5
290744,26.069,7
290756,3.4909997,13
290780,6.4370008,11
290812,0.68933344,8
290828,57.91997,90
290840,34.863667,21
290844,41.781666,25
290872,2.2023332,7
290896,16.549,17
290896,32.014668,14
290908,18.051334,24
290908,31.772999,9
290944,0.91733336,12
290944,1.2163335,9
290976,39.85,20
290980,-1.4003335,9
290984,9.586332,19
290992,33.884,12
291012,0.5226662,8
291012,7.249,7
291060,12.830668,12
291060,12.829,17
291068,37.531,23
291108,4.6940002,12
291128,7.8423333,17
291128,25.485,5
291156,6.325667,7
291156,3.8890004,7
291176,46.23233,27
291196,-0.17500007,5
291212,32.914665,14
291220,5.552,6
291228,33.877995,54
291232,33.743,19
291244,27.189333,8
291244,2.2020001,6
291248,2.0783334,5
291252,27.384998,5
291264,4.008333,5
291268,0.4849999,5
291296,31.307667,13
291304,11.639667,9
291340,30.489666,19
291344,29.506666,10
291356,18.068668,26
291360,25.271667,5
291364,0.625,5
291392,1.1423333,7
291412,3.6816666,5
291424,10.0823345,17
291440,-0.8666666,20
291472,15.731336,44
291476,36.178665,16
291492,-0.11499998,5
291512,26.729668,9
291520,28.715668,7
291584,6.361999,16
291584,4.792667,18
291620,28.463,9
291632,26.184,52
291636,4.5776663,13
291640,5.5816665,5
291652,0.3416667,5
291656,-0.46833324,5
291692,29.463001,9
291700,9.515001,15
291700,28.671677,65
291720,5.5950003,5
291728,26.082333,7
291744,7.9709997,23
291748,9.791332,14
291748,2.6223333,7
291780,1.2493334,8
291784,0.8896669,9
291820,4.9599996,10
291840,11.356001,28
291856,3.1263337,9
291860,24.266336,29
291896,2.9746668,14
291900,32.28367,11
291904,39.95,30
291932,35.313,9
291968,13.915334,16
291976,3.9636664,11
291988,-1.825,5
292008,-0.95500004,5
292008,11.019001,27
292008,2.6260002,8
292024,26.523666,41
292044,-0.2983334,5
292064,0.11166668,5
292084,-0.2883333,5
292116,20.305668,27
292132,16.437004,31
292136,26.005,5
292180,33.633667,11
292180,2.9973333,12
292200,-0.22833347,5
292232,34.954334,13
292252,25.198334,5
292288,37.687332,22
292344,5.191334,14
292364,81.2,70
292372,5.939,7
292392,67.18199,96
292396,-0.06800008,6
292404,29.305996,38
292424,0.946,8
292452,16.774,22
292456,1.7959999,8
292464,9.8150015,15
292484,0.36566663,7
292512,25.382332,7
292512,8.726334,29
292540,4.4430003,19
292540,39.510666,22
292592,33.321,13
292616,19.348665,26
292624,23.932669,28
292644,13.938667,26
292720,12.928001,24
292728,26.774666,34
292732,19.917332,22
292744,11.304004,32
292756,29.742332,7
292764,0.15166664,5
292800,3.5536666,11
292832,35.579334,28
292852,-1.4626663,22
292872,0.056666613,10
292892,2.6183338,5
292928,-1.6136668,9
292932,42.43667,20
292944,47.078667,36
292948,-0.80833316,5
292968,26.713001,9
292988,0.46166682,5
292996,8.430666,12
293000,23.562332,67
293008,0.255,5
293028,10.830335,21
293032,26.705334,6
293052,5.991333,14
293052,1.1283332,5
293072,1.7616668,5
293080,6.17,20
293104,1.4226663,8
293104,12.006335,19
293108,31.434668,14
293160,4.0843334,13
293204,7.960334,11
293232,21.133999,32
293232,23.577332,32
293232,5.2356668,7
293252,31.164335,43
293268,5.686333,9
293276,4.963666,11
293288,1.105,5
293292,33.448334,15
293296,7.1369996,11
293320,2.3736665,11
293356,9.208666,16
293360,11.218667,16
293368,3.9133334,20
293372,32.501,13
293376,-1.0516666,5
293388,-1.7916667,5
293424,28.416332,9
293464,8.011,23
293488,6.1420007,16
293512,30.272665,38
293520,28.422667,8
293532,5.535,5
293544,19.653334,20
293580,2.0883334,15
293584,0.37000012,10
293592,6.4616666,15
293604,32.98566,57
293612,2.489,7
293636,6.161333,14
293644,30.926666,10
293648,8.208001,14
293656,11.880335,11
293676,9.370001,10
293676,5.1823335,7
293700,5.283666,11
293704,4.3723335,7
293736,4.406,8
293748,7.2726665,18
293768,27.091667,5
293804,3.449667,9
293824,2.9283333,5
293836,25.80933,48
293864,25.527006,41
293872,30.358,34
293892,25.871666,5
293896,2.419333,8
293916,-0.37166667,5
293920,10.0703335,21
293940,45.686333,29
293944,9.0043335,13
293976,7.3946667,14
293996,36.507668,13
294016,4.989667,19
294020,2.1836662,11
294040,8.493667,11
294052,3.086,8
294060,4.917,11
294064,0.60566664,37
294100,7.0516677,15
294104,5.157667,13
294104,4.993666,11
294164,15.235001,15
294196,39.411,23
294212,23.142334,37
294232,20.77767,33
294240,33.719666,19
294240,1.2923331,7
294264,25.732,6
294280,39.97367,21
294284,31.897,11
294284,1.8776667,13
294312,7.5589995,7
294336,5.221333,14
294348,3.886334,9
294356,27.418333,5
294368,1.7249999,5
294388,3.4616666,5
294396,26.524328,33
294404,14.093336,30
294452,7.742,16
294476,27.365334,6
294496,3.395,5
294504,38.715668,27
294524,26.429,7
294544,36.295666,47
294548,20.415333,36
294572,6.142,6
294588,33.430336,11
294600,29.935665,7
294624,6.813,9
294652,16.120668,32
294652,0.16900015,7
294676,-2.0013335,6
294760,3.827,21
294772,43.931,43
294780,-0.3316667,5
294808,7.0330005,9
294840,6.848333,15
294852,29.94333,50
294888,35.156666,20
294904,10.304333,13
294928,84.72867,106
294948,0.43499994,5
294952,8.332666,28
294972,0.66499996,5
294996,42.544334,23
295032,36.807,21
295044,27.29967,39
295064,24.851665,5
295068,9.949335,18
295084,28.025,5
295084,19.446003,28
295096,1.2756667,7
295100,14.449001,17
295112,0.08899999,7
295132,-1.1116667,5
295136,1.6899996,10
295140,27.306667,10
295164,6.9789996,7
295172,29.306667,10
295212,33.066666,10
295244,29.456001,8
295260,12.56,30
295264,14.481667,25
295272,59.658997,47
295292,27.562332,7
295296,10.387668,13
295304,6.8370004,11
295336,3.0836668,11
295352,10.773333,20
295360,2.2986665,16
295372,2.4463327,9
295392,3.0466666,10
295420,7.7063346,29
295428,0.2963335,9
295440,0.5450001,5
295444,38.23033,21
295468,29.132,6
295472,14.3983345,25
295480,30.039999,10
295528,30.961666,15
295532,10.015,15
295544,9.962003,16
295556,-1.878,6
295572,30.342,36
295576,1.325,5
295612,5.420001,10
295624,10.843335,20
295652,2.9223328,7
295684,11.749333,18
295724,29.326336,49
295724,45.435665,37
295736,3.6276667,13
295752,17.405003,25
295780,-0.9929999,11
295792,6.576667,10
295804,-0.9313334,6
295812,9.070666,22
295860,39.734665,34
295904,3.460333,11
295912,42.372337,27
295924,50.371002,33
295928,-2.1246667,6
295972,4.924,12
296000,3.6890006,7
296004,15.384335,23
296008,37.559658,49
296056,14.427667,13
296064,4.884666,14
296068,26.148333,35
296088,3.4260004,8
296140,36.331,13
296140,33.412666,18
296156,47.96633,39
296176,23.826002,28
296196,0.10166669,5
296220,10.405333,16
296224,2.9956665,7
296264,0.66999996,10
296268,0.10400009,12
296268,14.884003,32
296284,7.0486665,36
296284,0.19833338,5
296324,35.971333,14
296324,2.6366668,10
296368,12.0683365,25
296424,9.501666,25
296428,2.1649995,15
296476,30.496,38
296484,7.338001,14
296500,24.551329,54
296536,7.727666,13
296544,44.57,30
296568,10.834333,23
296580,30.066334,9
296580,41.826664,20
296596,27.472332,7
296616,5.215,5
296620,15.600334,21
296640,5.958333,15
296656,4.3066664,10
296664,12.037002,21
296668,32.767334,12
296696,7.066667,10
296712,11.574,12
296740,29.283665,11
296740,36.905,25
296768,-1.1343333,7
296800,8.904002,22
296844,16.955334,26
296868,44.97,50
296880,3.133,9
296916,6.2573333,12
296920,-0.15333319,30
296936,2.4383335,5
296948,36.775,45
296948,7.599,7
296984,4.403,9
296996,6.777333,12
297004,2.8816667,5
297020,24.395,35
297040,6.6770005,11
297040,27.653,9
297056,27.626333,9
297096,6.234666,14
297116,38.983,19
297120,3.425333,6
297140,3.677,21
297164,28.842335,57
297176,6.508,14
297184,26.238333,5
297212,10.656,18
297220,27.706333,9
297232,39.06967,29
297248,2.3026667,18
297296,5.6419992,16
297300,11.444,22
297304,20.287,21
297308,34.821667,15
297320,1.442,6
297348,0.12233329,7
297364,5.135333,16
297372,37.708664,16
297392,-0.55499995,5
297412,36.362,16
297420,33.434666,14
297444,4.2409997,13
297464,35.314335,13
297484,4.7086678,16
297488,4.9469995,11
297504,2.9416664,5
297532,15.445667,17
297568,16.46,20
297572,27.43,10
297580,70.113,69
297588,27.498333,5
297600,29.682333,7
297608,28.135666,7
297612,17.398998,27
297616,29.309,7
297628,25.904999,5
297640,-1.1366665,10
297644,6.259,7
297656,31.547,11
297660,-0.1783334,5
297664,0.19833326,5
297672,3.6836667,11
297692,26.691666,5
297720,13.188002,14
297760,9.618665,26
297764,17.158669,26
297776,13.128001,14
297776,11.653667,21
297808,3.9673333,12
297816,4.5899997,10
297836,4.3789997,7
297852,11.819668,19
297856,-0.21499991,5
297868,6.1110005,13
297876,1.5416666,5
297900,4.902,6
297900,26.529333,8
297904,16.04167,35
297920,-1.065,5
297920,26.638332,5
297924,25.831667,5
297940,0.7850001,5
297944,25.578333,5
297960,8.833334,10
297968,30.282333,7
297972,6.0623336,7
297988,3.868333,5
297996,1.8420002,6
298012,29.753334,40
298040,11.331001,13
298056,3.1836667,11
298080,14.166668,30
298120,10.4800005,10
298128,10.829333,18
298156,47.876335,29
298168,32.32,10
298212,4.210334,11
298240,0.64233327,7
298264,5.5723324,27
298268,20.275667,37
298288,27.231667,5
298300,9.358334,15
298308,30.510334,11
298328,79.41767,83
298332,-2.2046666,6
298344,30.703667,11
298352,-0.62800014,6
298368,13.220002,20
298388,1.155,5
298408,6.174666,14
298408,37.066334,19
298420,3.6729999,19
298440,0.9493334,8
298448,4.1823335,7
298464,7.221333,14
298472,27.512,6
298496,31.601334,14
298496,6.618999,27
298516,2.3650002,5
298532,9.295,15
298540,30.437,11
298560,1.7490001,7
298588,10.370667,12
298600,8.923333,10
298608,-0.5616667,5
298620,28.098333,5
298640,-0.6116667,5
298656,30.987333,12
298672,17.449667,39
298676,41.244335,53
298688,27.782665,8
298720,7.624002,12
298732,30.397,11
298740,0.5783333,5
298772,47.214333,33
298780,16.142,26
298812,1.6333333,10
298824,38.64367,21
298844,31.182667,8
298860,2.2563334,9
298864,26.851665,5
298904,6.5469995,11
298948,13.710662,42
298964,14.6483345,25
298968,55.47634,59
298984,-0.3800001,20
298992,0.85866666,6
298996,7.957334,12
299000,6.0796666,9
299020,25.578999,7
299052,9.429333,8
299056,0.5416665,15
299076,1.4583333,5
299124,28.444,12
299124,22.793669,31
299140,57.903,39
299144,-2.165,5
299152,2.175666,7
299168,2.1786666,6
299180,4.4333334,10
299188,0.77966726,9
299208,4.9490004,7
299212,24.46,40
299260,11.032667,18
299260,33.49433,13
299280,27.645,5
299284,23.379665,29
299324,3.6636667,11
299348,12.100668,22
299352,3.349,7
299356,21.081999,36
299368,9.317,21
299376,28.385,5
299388,3.9529998,9
299412,8.426334,9
299420,8.539335,18
299440,25.102333,7
299500,32.658333,15
299504,18.136332,29
299536,49.10067,42
299544,5.7669997,11
299564,2.262333,7
299564,-1.0783334,5
299568,24.128998,37
299568,36.185333,16
299588,1.3249998,5
299600,30.932999,9
299644,12.133335,20
299648,36.71167,15
299656,6.738001,14
299660,12.827669,23
299720,14.729668,19
299760,5.965334,26
299764,32.290333,11
299784,21.017,31
299828,54.638336,45
299836,32.954334,13
299868,20.889002,27
299872,-0.18700016,9
299876,30.157333,12
299960,13.824331,23
299984,7.506,28
299984,33.62501,55
300004,3.2283332,5
300004,0.051666677,5
300016,11.481334,14
300036,6.0859995,8
300052,31.558002,44
300068,33.438667,16
300080,34.50367,11
300104,7.4806647,22
300112,7.873667,11
300132,-0.32099998,7
300148,5.9223332,17
300156,39.395336,26
300156,7.127,11
300176,-0.08833337,5
300216,7.978333,15
300232,8.634666,14
300236,-2.1583333,5
300240,10.791002,23
300260,25.711666,5
300276,3.9233332,10
300296,3.3083332,5
300304,8.109335,18
300332,2.636333,9
300332,2.2123332,7
300344,25.337671,53
300352,3.2216666,5
300352,-0.645,5
300380,5.1663337,9
300388,3.7896676,9
300432,8.227668,13
300436,4.753667,21
300456,17.248999,17
300480,25.238667,6
300484,7.2806664,12
300508,40.654,62
300512,34.423332,20
300544,8.558668,16
300564,1.6116667,5
300572,33.678333,15
300596,16.397331,22
300600,1.8763332,9
300632,0.8926668,8
300644,42.935997,18
300652,13.424667,14
300656,21.631004,43
300668,25.212,6
300696,13.732002,16
300720,8.382,16
300736,9.717002,21
300764,35.290333,11
300764,16.525667,17
300772,29.686333,9
300776,18.425667,27
300792,1.0249997,5
300800,28.006332,9
300804,2.996667,10
300832,1.2793331,8
300852,28.865,5
300856,8.8810005,13
300876,36.267,21
300880,28.138666,6
300912,50.011337,34
300932,32.181,13
300952,2.0283332,5
300960,14.480333,21
300972,7.271666,15
300984,7.009333,8
300992,5.9483333,5
300996,32.719666,9
300996,27.238667,36
301012,0.43899998,7
301016,25.451666,5
301024,28.168999,7
301060,-1.4163334,11
301080,-1.8483334,5
301080,3.758,14
301100,0.13500011,5
301108,18.237999,24
301140,25.715662,37
301140,14.651667,15
301168,9.2456665,7
301180,17.835997,18
301196,45.418,24
301228,30.848333,15
301240,5.8683333,15
301248,23.048998,27
301248,5.5676665,13
301276,2.9156666,7
301304,4.399,7
301332,38.833664,21
301348,2.950333,11
301400,1.9523336,17
301408,27.523998,42
301428,27.749,7
301436,6.6256666,7
301452,20.751997,56
301464,5.2863336,9
301484,48.657997,34
301516,34.165333,16
301524,6.6116667,15
301536,19.31167,25
301544,4.0516663,5
301548,3.156,8
301560,12.949669,19
301568,0.16166663,5
301596,0.5123334,7
301620,-0.4249999,15
301656,34.465,15
301672,4.207667,13
301676,26.398333,5
301680,19.188,34
301692,-0.3416667,5
301692,26.949665,39
301696,27.765,5
301700,27.538334,5
301716,0.5386667,6
301732,27.602667,8
301736,4.133666,11
301744,-0.22433305,7
301748,1.8676667,13
301764,7.045666,7
301780,4.202666,8
301796,4.804333,13
301812,5.8833327,20
301828,3.7806668,12
301848,3.0863333,9
301868,-0.50833344,5
301876,6.384,12
301892,12.604668,24
301924,9.487999,14
301948,8.506001,18
301956,44.865997,48
301968,26.031666,5
301976,1.0816666,5
301988,1.6949999,5
302004,8.846666,20
302004,2.0556664,7
302016,22.787003,31
302028,2.6886668,6
302032,-1.7543333,7
302048,28.622665,8
302056,4.5290003,17
302060,1.0490001,7
302072,2.6903331,11
302120,9.562,16
302128,13.199001,17
302140,21.999,17
302144,-0.8380002,6
302148,15.538334,25
302172,0.9859998,8
302180,2.461,13
302208,32.768333,15
302216,30.403667,11
302216,33.909332,18
302232,7.471,13
302260,28.115665,7
302300,11.297,21
302324,9.709665,29
302352,8.461,13
302360,36.478333,25
302392,4.9700003,10
302396,3.1196666,9
302408,39.486004,48
302412,24.310663,22
302468,10.844668,14
302496,20.382,26
302512,7.477,11
302532,6.8430004,9
302536,29.385,35
302552,22.565334,36
302568,31.015999,8
302576,3.9603333,11
302588,15.103002,19
302608,7.063333,10
302612,15.785003,15
302624,6.7206664,12
302648,4.003,9
302672,3.9573326,12
302672,4.342,16
302696,8.395667,27
302720,0.14733338,12
302736,39.414,22
302748,9.693,19
302752,32.974667,14
302784,14.482001,16
302788,9.141002,13
302816,33.699,17
302828,3.2703338,11
302832,15.453334,20
302844,26.462334,7
302848,14.795001,15
302864,4.0463333,9
302864,26.724998,5
302868,25.404999,5
302892,4.945667,7
302940,3.235999,18
302944,10.633332,20
302956,8.305334,16
302964,5.438667,6
302996,28.169334,8
303012,10.478001,14
303012,37.395668,17
303032,42.346664,50
303048,2.3930001,9
303068,1.8616666,5
303088,45.027664,23
303088,26.498333,5
303104,10.850998,23
303124,28.226334,9
303164,31.419666,19
303184,0.76499987,5
303184,26.715998,38
303204,25.511665,5
303220,4.503,9
303240,2.7816665,5
303240,1.1996667,9
303260,1.995,5
303264,7.625334,6
303288,52.017,41
303308,7.120666,12
303364,24.63167,25
303368,33.841667,15
303384,24.878334,5
303440,57.591324,84
303460,2.275,5
303460,8.261,43
303484,40.553,29
303492,26.849333,8
303564,34.032665,18
303576,17.679668,29
303580,61.409668,49
303616,5.6663327,9
303636,0.5316665,5
303664,10.031669,25
303680,6.073667,11
303716,7.6376667,13
303724,48.139,37
303744,3.4816663,5
303760,41.653336,20
303804,27.147,11
303824,22.685669,27
303860,47.394676,94
303872,16.827333,32
303880,-0.49166673,5
303884,5.0183334,15
303900,8.318001,24
303928,7.5136666,11
303932,3.7283332,15
303936,7.6046667,14
303988,10.075001,15
304008,10.446335,19
304028,25.691666,5
304028,21.927336,32
304040,4.887666,13
304048,-1.1883333,5
304076,-0.26766658,7
304092,4.4976664,13
304108,26.857666,43
304128,10.411663,25
304156,6.578667,16
304160,7.2410007,13
304172,27.923666,11
304192,-1.6716666,5
304204,33.770668,12
304208,12.020998,33
304228,29.772999,9
304232,0.7723336,7
304240,42.27667,20
304256,8.684002,12
304272,2.853666,11
304304,2.2493343,18
304312,14.715998,18
304328,25.885334,6
304328,30.529335,18
304356,27.895666,7
304372,-0.5129999,11
304392,27.938334,5
304440,12.277335,32
304452,11.181667,15
304468,-0.6110002,7
304472,27.298332,5
304488,-1.7349999,5
304488,27.301334,54
304532,25.571333,44
304536,4.2153335,16
304552,4.0616665,5
304588,8.097666,13
304588,12.288332,25
304588,4.446333,9
304620,15.3376665,33
304644,25.352,6
304656,35.052334,17
304692,12.72867,26
304708,10.6,30
304712,2.2083335,5
304756,-2.304,28
304772,14.731667,15
304776,5.1923337,17
304784,50.864,32
304784,1.6190001,7
304804,8.245667,7
304832,36.178333,15
304836,2.6493332,8
304868,28.682999,9
304880,10.437,11
304900,-1.8983333,5
304932,34.582,16
304936,26.492668,38
304956,32.231335,14
304960,27.802334,7
304964,-1.4176667,7
304988,25.073666,51
305008,-1.0183333,5
305040,4.723334,20
305048,2.2166667,10
305052,13.737999,24
305060,7.7546678,24
305068,28.811666,5
305072,1.735,5
305104,-0.5539999,8
305132,9.238667,16
305136,25.226334,19
305144,34.648666,26
305148,8.670335,11
305172,3.709,7
305176,0.48899996,7
305216,40.10367,21
305216,-0.30333328,10
305216,7.466667,20
305236,27.185,5
305260,5.468667,6
305264,9.867335,12
305276,19.148668,26
305288,28.512333,7
305288,7.116,18
305308,4.4403334,11
305320,29.569332,8
305328,12.244334,13
305352,40.112,16
305356,32.107334,12
305364,0.8263334,9
305372,25.244999,5
305396,40.766335,19
305400,4.965667,7
305408,0.25033355,11
305432,35.219666,19
305440,2.6769998,11
305464,5.621333,14
305500,12.655667,17
305508,3.047,11
305512,11.786001,18
305544,-0.024000049,8
305548,30.26,10
305552,28.18267,38
305572,26.291666,5
305600,40.92167,25
305604,35.305,15
305616,3.8469996,11
305660,12.562668,28
305664,5.6106668,12
305676,10.779668,19
305700,13.351335,24
305724,32.410667,12
305736,33.689667,19
305752,5.0589995,7
305756,-1.935,5
305760,38.524666,24
305804,40.811996,26
305828,38.57267,18
305832,14.906667,20
305856,12.988003,24
305876,35.802666,18
305884,5.712333,7
305912,33.143665,21
305920,3.903667,11
305924,40.74433,23
305932,7.5039997,12
305956,5.4286666,6
305960,30.26,10
305960,36.467335,12
305976,1.2783334,5
305988,2.949,7
306080,12.6119995,26
306124,4.9400005,50
306140,33.085,15
306192,4.5709996,13
306228,27.443335,60
306248,0.2983334,5
306260,8.149,17
306280,2.1826668,8
306292,56.91066,42
306312,3.075,5
306320,73.81666,90
306332,2.7616665,5
306356,11.594668,24
306360,6.74,10
306376,8.720334,11
306400,3.2066665,10
306404,7.245666,7
306424,37.969,17
306452,33.304333,13
306456,37.541,13
306480,1.0853333,6
306484,28.286997,51
306512,4.848999,7
306512,17.587334,22
306600,41.640663,22
306620,9.492334,27
306636,7.3263335,9
306640,0.55833334,5
306672,9.563,9
306700,34.10167,15
306716,30.00633,59
306720,-1.0683334,5
306740,27.244999,5
306752,30.323,9
306788,25.701336,84
306796,23.427002,31
306824,36.302666,18
306824,13.820337,21
306864,2.6599996,10
306880,3.4009998,23
306908,28.880333,11
306920,5.6666665,10
306948,4.7366667,10
306976,0.18233344,7
306988,3.3656664,17
307020,9.007,11
307024,27.496334,9
307032,38.80967,59
307092,6.898333,15
307136,29.510334,11
307148,27.516998,31
307176,8.49,10
307196,24.851665,5
307216,26.052998,49
307232,7.7636666,21
307248,5.0593333,8
307276,36.14367,11
307280,24.380335,21
307304,25.472,6
307328,13.554334,13
307340,11.927668,23
307388,35.545002,15
307388,64.893684,141
307396,9.158001,14
307452,6.281333,14
307452,8.772001,16
307480,14.051001,23
307508,6.825667,7
307512,35.768333,15
307540,6.0060005,8
307548,15.651333,24
307580,55.176346,69
307620,28.846668,10
307636,15.784005,22
307652,27.368334,35
307680,4.026999,11
307724,35.195335,26
307760,16.016668,20
307788,28.882332,7
307792,16.608334,35
307804,43.395332,66
307872,15.000335,21
307880,8.429668,19
307888,46.91033,41
307908,31.532333,7
307932,12.231667,15
307936,-1.306,12
307964,3.742667,8
307976,9.022333,17
308008,41.458004,54
308012,6.7496667,9
308036,29.309,7
308040,8.806334,19
308044,-0.41733336,8
308088,3.2703338,11
308100,37.042,16
308144,28.881332,14
308180,21.521666,35
308208,15.505336,16
308208,48.419334,68
308228,0.23166656,5
308236,2.4890003,7
308256,26.175667,7
308276,-0.22499979,5
308288,42.829002,27
308300,1.422,6
308308,38.452667,18
308312,34.40434,53
308324,26.418667,6
308324,2.3996668,9
308328,-0.42499995,5
308344,-3.4616666,5
308352,0.39900017,7
308356,32.309,7
308368,9.211332,14
308372,1.0783334,5
308388,25.645,5
308428,23.796999,21
308436,9.148667,16
308460,29.949333,8
308480,30.440334,11
308496,0.31299973,9
308500,50.775337,36
308500,0.9716666,5
308528,46.76834,35
308536,13.789667,9
308556,2.635,5
308560,31.622665,8
308568,38.375668,17
308576,27.765,5
308580,9.653666,21
308604,25.922333,7
308612,4.2303333,11
308632,9.409332,18
308632,0.87833333,5
308636,13.798002,14
308664,0.52566683,7
308688,8.241334,14
308688,35.613667,21
308716,16.470335,21
308732,12.3323345,17
308764,32.736332,19
308776,7.864,22
308796,12.660003,20
308796,24.825,5
308816,25.445,5
308824,2.592333,7
308860,27.800663,32
308860,1.4829998,9
308876,17.236002,28
308880,0.66499996,5
308900,-0.56166667,5
308900,37.400333,21
308912,29.229668,9
308920,34.49167,15
308920,-0.495,5
309016,13.95467,24
309076,26.413666,41
309092,36.289333,48
309100,28.948334,45
309104,41.174,22
309112,0.66633344,9
309128,-1.3510001,7
309144,32.446667,10
309156,30.830334,11
309164,-0.11500001,5
309180,36.400665,22
309184,6.638,14
309184,24.904999,5
309200,4.2949996,5
309264,12.610001,20
309304,43.260002,30
309308,20.702333,27
309356,9.2976675,13
309396,4.3306665,22
309400,46.791332,34
309408,29.624334,13
309448,10.7733345,10
309468,33.24267,18
309468,19.529331,78
309488,14.030666,22
309496,11.9973345,12
309520,10.414334,13
309532,2.923,9
309552,8.950333,21
309572,0.57500005,5
309576,28.617,11
309584,10.568667,16
309596,13.422335,27
309600,7.065667,7
309608,2.3753335,6
309616,29.151667,5
309636,5.5730004,9
309636,5.839,7
309652,2.7063336,9
309672,4.021666,5
309672,3.0630002,9
309688,17.432669,28
309708,0.635,5
309716,12.340002,20
309728,4.4483337,5
309732,6.7816663,15
309744,4.3826675,18
309748,0.125,5
309760,2.0856667,7
309772,-1.0109999,7
309772,3.388,14
309796,28.586334,9
309828,28.549334,8
309844,18.809336,18
309848,9.666333,19
309852,6.5886674,26
309864,31.499668,9
309876,1.9289995,7
309884,3.8016665,5
309912,34.85167,15
309920,30.803665,11
309964,29.683666,11
309968,20.863668,21
309996,29.469334,38
310028,10.178334,15
310076,8.083334,20
310080,60.040672,42
310080,5.841,13
310080,46.059666,29
310100,26.545,5
310108,27.329,7
310116,1.2430003,9
310120,0.14166653,5
310136,3.2716665,15
310160,3.0809999,13
310160,3.1399999,10
310160,5.302,6
310180,2.7883334,5
310184,13.192335,17
310220,6.745001,15
310240,4.2416663,15
310244,18.280334,21
310260,-0.375,5
310264,6.940001,20
310268,29.837334,12
310280,28.819668,9
310288,0.9256668,7
310300,2.395,5
310308,27.411667,5
310312,30.117,11
310336,-0.691,7
310348,5.0996666,9
310356,3.391333,14
310364,38.885,25
310368,1.0459998,8
310376,-2.101,7
310392,7.9696665,9
310396,-0.2843336,7
310400,27.326332,9
310428,29.828999,7
310428,1.743,9
310432,2.416333,9
310456,30.515667,7
310468,5.7896667,9
310480,6.3443327,13
310484,18.095669,27
310496,4.792333,7
310508,5.208667,6
310520,3.8853335,16
310536,9.206667,10
310536,4.4189997,7
310556,24.825,5
310560,13.636668,20
310584,8.557335,12
310588,5.865667,7
310604,14.513666,21
310628,6.6893325,18
310636,0.59599984,8
310652,39.409,17
310668,6.27,20
310700,0.67733335,12
310740,18.302002,26
310740,9.892668,18
310760,57.931007,33
310760,-2.335,5
310760,6.1583343,15
310780,1.6016667,5
310800,27.546665,10
310812,28.802666,8
310844,14.173668,21
310860,2.071667,15
310868,16.077332,32
310884,3.3419998,6
310888,4.800333,11
310896,23.470333,21
310928,5.7203326,11
310952,2.3346667,14
310956,0.9256666,7
310988,4.3966656,30
311008,20.78333,30
311016,5.408666,16
311036,26.515667,7
311052,4.243,9
311056,1.5083332,5
311088,6.092666,8
311092,50.744667,34
311104,28.427666,13
311120,28.29433,33
311124,3.7083335,5
311124,3.3463335,9
311160,30.759666,9
311196,14.539335,18
311200,3.943333,20
311216,39.46367,31
311224,1.1223333,7
311224,25.751999,6
311252,0.015666664,7
311252,30.062332,7
311260,21.031666,25
311280,1.9523339,7
311280,6.5923333,7
311288,3.7256668,7
311308,1.185,5
311312,41.451332,24
311344,34.178665,16
311348,-0.88699996,9
311356,9.663,19
311364,6.014667,14
311392,1.2196666,9
311400,13.941332,14
311436,20.164001,22
311460,14.9313345,24
311476,9.483666,21
311496,18.264671,24
311516,34.581333,14
311528,28.922667,8
311556,29.452332,7
311564,5.9306664,12
311572,25.307999,34
311604,15.950666,32
311612,3.2999997,10
311616,32.941666,15
311624,5.7983327,15
311652,26.844,12
311664,5.5643334,13
311688,35.576,18
311704,38.513336,20
311716,0.25233364,7
311716,8.521999,16
311732,9.952333,17
311744,3.9056664,7
311752,0.51499987,5
311784,9.649,17
311820,35.596336,19
311876,11.681001,23
311880,31.331665,15
311884,21.39833,45
311928,4.130333,11
311948,-1.6183335,5
311952,11.116335,19
311964,34.49433,53
311972,6.4376664,23
311972,1.345,5
311992,1.0916665,5
312016,40.18567,17
312048,12.379667,19
312056,5.2800007,10
312060,18.304667,24
312080,18.657335,22
312092,-0.016333342,11
312100,1.2633333,10
312120,1.8356668,7
312124,4.833667,11
312132,9.203001,19
312168,-0.17033339,9
312196,0.97566676,7
312200,10.453333,20
312236,2.5263333,9
312240,32.290333,11
312248,52.795662,37
312264,47.39167,35
312268,2.1456666,7
312304,39.69567,17
312312,7.573667,11
312332,26.398335,5
312352,28.231667,5
312352,2.6639998,22
312352,27.597332,12
312412,8.931666,15
312448,8.276333,9
312448,20.75,50
312468,5.495,5
312488,24.904999,5
312492,23.335001,35
312512,47.65667,40
312516,0.5990002,7
312540,3.8086667,6
312544,14.381334,24
312544,7.347667,13
312548,2.9496665,9
312588,2.800333,11
312596,34.337666,13
312640,6.4609995,13
312644,41.198006,24
312644,3.1706667,12
312680,8.153001,9
312684,12.475332,36
312724,4.6636667,11
312732,9.470667,12
312756,1.1253333,6
312760,44.126335,29
312760,28.573,9
312792,46.706,38
312796,5.083333,10
312804,33.05367,11
312820,27.955666,7
312836,10.556332,19
312852,25.799332,8
312860,32.668,14
312872,3.363,9
312900,11.160667,12
312920,2.125,15
312940,7.4766665,10
312972,34.287666,13
313032,2.174333,23
313032,22.119999,40
313044,4.8026667,18
313072,9.706667,10
313088,7.9246683,14
313120,28.642666,8
313124,34.670002,20
313156,-5.4696665,21
313176,1.4850001,5
313180,7.3650002,15
313192,60.169662,99
313220,8.303667,11
313240,43.116333,29
313240,10.944,12
313248,3.0890002,7
313284,9.473667,11
313320,37.941666,35
313328,11.096666,20
313344,25.298666,6
313360,11.933,19
313364,5.123,9
313364,26.345001,5
313388,48.01233,37
313392,29.195667,7
313424,4.823,9
313436,35.243,19
313480,7.681333,14
313484,49.091003,23
313488,4.914334,13
313500,0.2550001,5
313504,28.598333,5
313516,35.365997,38
313520,1.4316669,5
313536,3.6126666,8
313540,-0.85133326,6
313548,1.8356667,7
313560,25.431667,5
313564,30.335667,7
313600,8.394334,13
313612,7.804333,13
313632,0.57500005,5
313644,29.536999,11
313652,-0.39833307,5
313676,9.319331,28
313692,4.4506664,12
313696,34.14367,11
313704,66.61133,54
313716,0.89166677,5
313728,1.882,6
313728,29.037666,13
313772,37.303337,20
313784,34.34133,14
313800,1.7823336,7
313816,42.775,25
313824,2.482,6
313824,6.1899996,10
313844,9.793003,29
313844,-0.32500002,5
313848,0.935333,6
313868,11.551001,13
313872,28.008999,7
313896,8.864333,13
313904,2.906,8
313920,29.327667,13
313924,7.9490004,7
313948,5.8416677,25
313956,4.8596663,9
313976,2.4216666,5
313996,7.6543336,23
314056,17.729,27
314076,3.0366666,20
314084,29.322334,7
314092,62.333992,42
314112,34.066334,9
314128,31.937,11
314136,6.360332,11
314140,52.310333,41
314152,5.108667,6
314160,7.6073346,12
314184,4.7426662,8
314268,19.367334,32
314272,28.572668,28
314308,29.739666,9
314308,50.63366,31
314336,1.659,7
314348,13.926666,20
314356,1.815,5
314356,62.925003,55
314360,0.32766676,13
314376,-1.7950001,5
314380,2.0053334,6
314388,26.982334,7
314396,-0.8349999,5
314400,-1.005,5
314408,27.538334,5
314432,3.5296667,9
314436,-1.5576668,7
314460,22.852661,28
314464,0.70599985,8
314536,8.482667,18
314536,15.654666,34
314564,29.029,7
314564,29.125668,7
314592,30.682333,7
314592,21.562998,39
314616,26.286335,39
314616,4.0019994,6
314620,10.821335,14
314716,11.471668,25
314744,22.72267,38
314764,26.625,5
314768,2.6809998,13
314788,13.887668,43
314796,2.8423333,7
314832,5.4089994,17
314852,2.7083333,5
314904,43.357002,71
314904,43.969666,29
314912,32.798332,15
314932,0.59833324,5
314972,38.962334,17
314992,15.184,22
315024,45.54233,57
315044,2.3683333,5
315068,12.609667,19
315080,31.072998,9
315100,4.3616667,5
315104,0.119666696,9
315124,61.906,48
315132,45.523335,40
315160,9.395001,15
315180,26.918333,5
315236,13.241,33
315244,5.7386665,16
315256,25.391666,5
315260,24.041334,34
315280,26.151667,5
315320,34.44533,16
315344,44.11766,53
315372,20.351,23
315412,13.994335,23
315428,3.5046663,14
315452,36.413998,52
315472,34.315002,15
315484,7.604667,14
315492,45.102333,37
315500,4.4890003,7
315508,2.3280003,14
315512,4.225666,7
315540,5.4733334,10
315560,39.115665,17
315592,40.403336,20
315600,17.437664,23
315616,32.774666,14
315620,26.011665,5
315652,27.333,9
315660,29.469995,30
315688,0.15300006,9
315688,1.5756669,7
315712,19.166664,30
315768,8.516666,20
315784,14.683668,41
315808,27.023333,10
315828,0.59833336,5
315856,29.454,42
315872,10.093667,11
315876,26.438332,5
315908,28.286333,9
315920,14.557998,34
315940,61.415665,57
315956,18.063335,20
315964,36.278,14
315968,29.202333,7
315988,12.439,17
315996,-2.154333,7
316008,-0.06500006,5
316028,-0.5583333,5
316040,9.357001,21
316044,9.330668,12
316064,-0.056999683,9
316092,4.134,12
316132,29.140667,42
316136,11.942669,18
316160,2.5856667,7
316176,34.000336,21
316180,20.388332,35
316180,0.70500016,5
316200,1.4350002,5
316232,10.621001,13
316240,20.472,26
316272,15.399335,18
316276,4.2003336,11
316304,4.845667,7
316316,10.033667,11
316324,1.0250003,5
316340,11.975,25
316356,3.1660001,8
316380,1.8866667,10
316412,6.174666,14
316424,7.297001,11
316436,6.82,30
316444,1.2616668,5
316460,80.11366,71
316480,26.505001,5
316480,4.7023325,17
316520,14.090334,21
316524,13.500001,20
316528,3.4273336,12
316552,28.789333,8
316568,7.040667,22
316580,2.107667,13
316584,9.831667,15
316600,0.7316668,5
316624,27.573334,10
316652,1.4410002,13
316672,22.976665,30
316680,20.136002,28
316684,3.7093332,8
316684,13.135002,15
316700,1.8923334,7
316732,7.794334,13
316748,6.928666,16
316752,12.401003,13
316752,6.989,17
316792,9.953334,10
316820,3.255666,7
316824,32.506,18
316844,27.532,6
316844,42.339336,28
316868,3.5069995,11
316888,7.2569995,11
316892,26.781996,36
316928,3.8033333,10
316936,12.897001,11
316960,5.946,8
316980,4.4416666,5
317052,13.966333,29
317052,32.548664,46
317072,1.3450001,5
317112,35.745003,15
317132,32.17267,38
317168,4.4696665,9
317212,2.137,11
317224,69.24168,95
317236,14.363668,31
317260,6.470666,12
317268,6.2126665,8
317268,3.007,11
317320,5.6943326,13
317336,11.993,19
317372,8.044333,13
317408,20.78167,35
317416,4.6403327,11
317424,17.697332,22
317484,13.585001,15
317532,11.603003,29
317576,38.941,23
317580,105.24899,127
317624,42.297997,54
317644,27.198334,5
317648,20.822998,29
317656,14.980001,20
317668,41.267334,22
317696,35.010666,12
317704,4.553,9
317716,37.35267,18
317728,8.312666,18
317732,29.186333,9
317736,3.049333,8
317764,3.1096668,9
317772,5.6896667,9
317776,3.0549996,15
317796,27.498333,5
317824,6.5843334,13
317840,11.269667,19
317852,16.983337,30
317860,1.5930002,9
317880,4.2590003,7
317888,8.000668,12
317908,4.541667,5
317940,34.48,20
317944,21.902332,37
317968,10.167334,22
317984,35.857002,11
317988,1.4716665,5
317992,13.717335,12
318004,2.6749997,5
318016,46.258995,27
318024,32.319668,9
318036,26.058334,5
318040,2.5629992,9
318056,2.935,5
318068,6.8536677,11
318076,27.971666,5
318092,20.938334,25
318104,0.763,9
318116,27.393333,10
318124,42.650337,21
318168,2.8669996,11
318176,9.671666,15
318188,25.404999,5
318224,23.323334,30
318232,17.275005,35
318268,7.819668,9
318276,9.841667,25
318332,8.332,16
318348,11.846003,18
318360,20.591007,43
318372,5.133333,10
318376,9.452334,7
318396,28.825,5
318416,0.33133316,14
318460,2.860334,11
318472,18.299667,19
318488,26.182333,7
318508,25.458332,5
318524,72.305,75
318532,23.52667,40
318540,2.556,8
318552,-0.16499996,5
318560,4.3096666,9
318580,1.125,5
318592,27.66667,30
318600,2.7083333,5
318608,35.938,14
318612,1.7783333,5
318620,26.765,5
318636,24.905333,6
318648,1.4356667,7
318656,2.9450002,5
318692,9.457001,21
318708,7.104333,13
318720,1.7289999,7
318740,17.481,23
318768,59.258995,57
318788,14.303335,20
318800,3.679333,8
318804,1.5970001,21
318824,2.9883332,5
318840,35.901,13
318872,4.062667,8
318872,20.764336,33
318876,29.933,19
318904,29.915667,7
318948,17.640335,31
318952,7.8666663,20
318956,35.567,21
318964,11.545002,15
318984,1.945,5
318992,3.9863336,9
319004,0.1516667,5
319008,3.0313334,14
319020,27.062332,7
319028,3.175,5
319040,5.848333,5
319052,0.9986665,6
319056,2.471,13
319084,19.224669,34
319088,4.504,12
319088,-0.34399986,8
319116,34.552002,16
319140,31.964333,13
319148,10.185333,16
319168,-0.16499996,5
319196,4.361333,14
319204,5.4396667,9
319224,41.57467,34
319248,0.15199995,6
319252,4.7646666,14
319296,37.43834,45
319312,9.941668,15
319324,2.2356668,7
319360,12.549335,28
319372,4.361666,15
319392,28.249332,8
319400,13.276333,19
319412,0.31833327,5
319448,4.067334,12
319464,35.05167,65
319468,0.2883333,5
319484,1.685,5
319508,8.886667,10
319536,29.642332,7
319540,6.9580007,14
319548,53.50466,44
319556,26.958332,5
319556,19.822,36
319576,1.6283332,5
319576,0.09833336,5
319584,28.359667,9
319584,6.677,11
319604,26.365,5
319616,2.8860002,8
319632,0.19233346,7
319644,29.222332,7
319652,6.3663316,19
319660,-0.44099975,7
319668,11.684334,23
319712,5.4170003,11
319728,1.4296666,19
319760,32.170666,12
319764,19.742002,26
319804,16.103334,40
319808,2.5136662,11
319824,9.968668,16
319836,2.4923334,7
319852,-1.576,12
319856,26.411667,5
319864,4.8813343,34
319884,1.7356668,7
319896,4.3636665,11
319908,3.7836666,11
319912,27.235666,7
319920,19.524668,24
319920,1.1686666,6
319932,0.23166668,5
319936,4.529,7
319976,28.834667,14
319980,2.5773332,12
319984,31.102,16
320004,1.7816668,5
320008,14.286001,18
320008,3.7993333,8
320052,0.9569998,11
320084,13.848668,26
320088,12.473667,21
320096,7.2240005,22
320104,30.507668,13
320116,2.4156666,7
320144,7.9773326,12
320148,32.957,11
320164,7.01,20
320200,12.694334,13
320224,24.998667,6
320244,27.011665,5
320264,0.66499996,5
320268,21.805334,26
320288,21.507664,43
320380,11.077667,23
320416,63.862663,68
320420,23.379667,39
320428,49.26,40
320472,41.231003,23
320496,21.846333,19
320508,47.887672,23
320552,5.1346655,14
320560,6.0006666,22
320572,-1.3983333,5
320588,5.8600006,20
320608,8.087334,12
320608,0.49966645,9
320616,27.018997,47
320628,2.1750002,5
320636,29.038334,5
320664,14.783002,19
320704,12.966333,19
320708,0.98033345,11
320712,36.10533,26
320716,14.57667,20
320740,4.896333,9
320744,26.569332,8
320756,29.226665,10
320772,1.7193333,8
320780,4.746333,9
320792,14.920336,21
320800,28.369,7
320800,28.573666,11
320824,3.9353333,6
320824,9.193666,11
320836,4.2236667,11
320840,6.7766666,10
320844,24.971666,5
320848,4.9086666,6
320864,5.1089997,7
320864,2.3720002,6
320892,31.943666,11
320916,10.044334,13
320944,16.778334,25
320952,16.884,22
320980,1.4356666,7
320992,16.421667,25
321000,8.288,14
321020,26.529,7
321036,1.793,9
321040,0.22166657,5
321044,37.272003,16
321076,0.7596667,9
321096,30.870998,13
321112,2.6763334,9
321116,4.681667,5
321136,-1.8316667,5
321152,4.5533338,10
321164,65.81733,62
321172,-0.14499998,5
321184,1.1383333,5
321212,3.5523329,7
321228,38.965996,48
321240,25.239,7
321288,22.272667,38
321296,4.8189993,17
321324,5.386999,21
321328,6.13,10
321340,30.603666,11
321400,29.042332,57
321412,12.2870035,21
321436,3.926333,9
321448,22.679,27
321448,5.749667,9
321468,1.5216665,5
321476,4.8256664,7
321500,9.885336,16
321580,13.1866665,20
321588,38.202667,28
321588,48.738667,66
321608,1.2356665,7
321624,3.0263333,9
321624,27.256332,9
321628,-1.7516667,5
321644,3.065,5
321668,1.3436668,11
321668,3.526667,10
321688,26.625,5
321700,5.168,14
321732,34.645336,66
321736,0.8363335,9
321756,-0.12466669,6
321760,12.797668,23
321780,25.611668,5
321796,9.212334,27
321808,8.569334,18
321860,13.832,26
321868,11.674004,22
321880,0.5983331,5
321904,5.2230005,9
321924,2.5283334,5
321940,7.5553327,36
321952,12.186001,18
321972,5.030667,12
321980,37.10767,43
321984,2.4726663,8
322004,-0.41166663,5
322016,3.4736662,11
322028,10.284,22
322036,4.3879995,14
322072,1.0956666,17
322100,35.798668,16
322112,2.3833337,10
322132,3.5516667,5
322160,26.061003,33
322168,10.265667,17
322168,6.549667,9
322176,46.78,40
322220,4.251667,15
322236,15.598332,15
322260,0.09866667,6
322268,42.49166,25
322288,26.348999,7
322304,7.0536666,21
322316,2.1823335,7
322344,3.9656665,7
322364,28.171665,5
322376,34.047337,52
322380,37.932667,28
322400,-1.7016667,5
322464,14.875334,16
322476,22.141005,43
322488,2.1220002,6
322492,36.219666,29
322496,25.471666,5
322512,2.1616669,5
322516,3.1123333,7
322540,-1.1009998,7
322540,3.0169997,11
322560,22.21967,49
322584,27.145332,6
322604,36.184,22
322620,7.763333,20
322624,27.805,5
322648,35.222,16
322652,4.545666,7
322712,2.765,15
322712,52.630997,43
322736,20.506338,29
322740,3.0823333,7
322804,13.672335,17
322836,43.284668,24
322876,15.313334,10
322884,22.457664,43
322896,49.197327,62
322912,-0.38699996,9
322920,2.7363338,9
322928,1.0026665,8
322948,56.84533,36
322956,1.5156667,7
322976,26.851665,5
322996,24.825,5
323040,37.704334,23
323056,11.8013315,34
323092,4.5509996,13
323124,14.289001,17
323152,31.043331,60
323196,34.03,50
323204,38.067665,13
323224,30.189,7
323256,23.713665,41
323260,14.241334,14
323264,16.611668,35
323272,7.4006667,12
323296,2.233,9
323304,30.329334,8
323320,1.6380005,14
323324,2.565667,7
323340,0.71833324,5
323372,14.189669,29
323380,5.449667,19
323420,4.416666,10
323492,47.396667,30
323496,14.353003,19
323556,44.49268,58
323572,42.003334,20
323576,36.97,20
323628,30.250673,72
323660,8.962001,26
323672,30.510334,11
323676,40.555,25
323680,25.805,5
323688,16.543001,29
323708,2.539,7
323748,5.2949996,15
323756,7.9400015,20
323796,30.74,10
323800,34.661,23
323800,4.211,13
323836,0.9196665,9
323856,7.918333,15
323864,11.55867,16
323868,25.143002,49
323876,3.7116666,5
323904,28.759666,9
323920,7.2436657,11
323928,27.232,6
323956,3.0323331,7
323988,17.33267,38
324056,10.884665,34
324080,62.537994,54
324096,41.87233,27
324108,3.5556667,7
324124,1.469,7
324132,53.111336,44
324156,3.5420003,6
324184,1.606334,19
324192,2.2363331,9
324208,13.9936695,21
324220,22.843666,41
324228,-1.6916667,5
324288,12.779001,17
324288,15.745332,26
324324,13.018001,24
324336,14.447334,12
324348,-0.87133336,6
324396,46.96233,27
324400,10.234333,13
324412,38.76967,19
324424,0.59899986,7
324428,27.769,7
324456,0.33566666,7
324472,0.34399998,12
324476,44.41366,71
324532,11.869667,19
324548,4.246,18
324560,19.995667,37
324588,3.5423331,7
324600,4.915666,17
324612,27.651667,35
324620,5.699333,8
324640,1.2583334,5
324672,27.499334,8
324708,49.416664,40
324732,49.721,33
324736,13.273671,31
324756,13.223668,21
324760,28.309,7
324764,7.268001,14
324788,31.296001,8
324824,5.970668,22
324828,37.972336,17
324836,31.114,12
324856,4.8526664,8
324860,1.7426665,8
324904,13.448334,35
324912,9.123001,19
324924,0.34166667,5
324948,13.957668,23
324948,31.593,9
324952,2.3623333,7
324968,-2.0149999,5
324976,6.872333,7
325008,5.686,8
325016,19.759668,39
325016,6.2306666,12
325032,13.006667,20
325036,4.192333,7
325052,2.0696666,9
325060,1.0590003,7
325060,3.7886667,6
325092,9.033334,10
325128,19.122662,28
325128,37.875668,17
325132,37.822666,18
325132,2.1133332,10
325168,4.9666667,10
325172,7.046667,10
325204,11.682669,18
325220,10.161001,23
325236,10.075666,17
325244,14.796002,18
325248,4.9123335,7
325272,0.9853332,6
325300,0.929,7
325308,10.565334,16
325336,27.275665,7
325348,20.922,36
325356,0.765,5
325372,29.364672,34
325384,-0.34633315,21
325392,7.883001,9
325428,39.26667,20
325432,4.734,12
325452,8.325002,15
325456,0.072333276,7
325480,16.105665,27
325484,8.686001,8
325484,31.437666,13
325512,4.166,8
325520,30.826332,9
325524,2.9566665,10
325536,41.68,20
325552,-0.26333332,10
325592,29.276667,10
325612,9.007666,23
325644,19.79,30
325660,14.595668,17
325664,4.3749995,5
325668,33.968002,14
325728,9.385,15
325748,35.197334,22
325756,52.15499,55
325780,5.9660006,8
325788,7.3760004,8
325792,15.745336,16
325824,17.306665,40
325848,32.934666,14
325864,13.650334,21
325896,0.39400017,12
325896,3.4459996,8
325916,25.931667,5
325928,19.698334,35
325956,0.34833336,15
326036,36.100994,53
326092,32.05133,44
326100,51.112,36
326112,10.416335,19
326120,2.5183337,5
326140,0.7049999,5
326152,1.2483333,15
326156,2.880333,11
326160,27.505,5
326176,0.3616668,5
326216,55.897316,72
326244,11.529,17
326268,-0.8646667,6
326280,17.373333,30
326300,13.946999,21
326308,31.429665,39
326332,5.2376666,13
326336,31.366333,9
326344,36.866333,19
326356,25.858334,5
326356,4.4153333,6
326376,4.701667,5
326404,9.278334,15
326416,8.795002,15
326428,26.665333,6
326432,15.351335,14
326452,25.391666,5
326472,1.7280002,14
326476,-0.32799983,6
326496,3.2149997,5
326548,49.660004,30
326580,59.869347,68
326616,32.75567,17
326628,27.322998,39
326652,2.3996673,9
326656,28.129,7
326656,13.326334,19
326688,29.272999,9
326712,34.158,54
326732,11.376333,19
326732,10.940334,11
326744,2.2726667,8
326752,16.598001,24
326772,-0.97833323,5
326780,30.272999,9
326788,2.8580003,14
326792,17.981668,15
326804,6.172666,8
326844,8.511999,16
326860,7.2480006,14
326884,19.117664,23
326888,33.730335,11
326900,21.212667,28
326908,-0.3783333,5
326936,32.273,9
326992,17.23233,27
327012,23.642666,38
327032,5.321335,24
327040,1.1523335,7
327060,24.036001,38
327064,2.5419998,6
327120,9.530669,32
327132,42.122665,18
327140,11.8463335,19
327176,2.2370002,11
327184,5.850334,11
327200,26.017334,42
327208,11.854,22
327216,5.1326656,8
327228,1.6256665,7
327256,11.019999,20
327272,5.9386654,16
327272,29.758,14
327284,3.5223331,7
327308,33.113,9
327312,0.24566722,7
327356,9.674,32
327364,7.2780004,14
327368,14.058002,24
327388,30.896,8
327404,19.497667,23
327416,10.134335,13
327420,3.7926664,8
327428,34.911667,15
327440,2.1116667,5
327456,7.31,10
327468,29.002333,7
327468,10.448668,16
327476,25.965,5
327488,1.6716666,5
327496,-1.0649999,5
327508,25.185,5
327520,0.8843336,13
327528,-1.2683333,5
327548,33.781,13
327556,10.657332,32
327576,2.1583333,5
327592,3.0203328,11
327600,37.975998,18
327604,4.709,7
327612,2.4983337,5
327620,21.881662,25
327628,-0.12766671,7
327640,5.275,5
327660,36.308,14
327664,35.961,13
327664,28.313,9
327668,0.709,7
327700,0.83966684,9
327728,39.739,17
327740,12.3393345,18
327744,33.260334,11
327772,27.995667,7
327776,13.049333,28
327780,10.341001,13
327788,3.6173332,12
327808,29.666332,9
327832,32.137,11
327884,3.8110008,13
327892,7.3169994,21
327904,28.585,5
327912,20.701,33
327924,25.285,5
327960,29.039665,9
327972,6.428334,15
327972,30.993332,20
327980,26.518333,5
328000,-0.018333435,5
328000,-0.12766671,7
328028,4.492333,7
328064,7.124334,23
328068,6.6733327,10
328096,7.425667,7
328104,16.182003,26
328124,26.198334,5
328132,30.013,9
328140,14.719667,19
328152,4.895,5
328164,68.69569,97
328204,31.492,16
328248,7.193667,11
328308,25.486336,39
328320,27.286335,39
328336,24.314339,53
328344,0.9796666,9
328376,7.5780015,14
328384,6.1473327,12
328388,8.616999,11
328412,2.3829994,9
328424,30.473,9
328440,29.396,48
328460,3.521666,5
328468,7.6170025,21
328476,30.434334,13
328496,10.969667,9
328504,27.668999,7
328508,29.16,10
328528,25.805,5
328544,11.370668,12
328548,0.52166665,5
328564,-2.6583333,5
328588,12.630335,21
328596,25.962666,8
328620,3.845333,6
328620,30.09067,52
328636,11.560667,22
328652,9.469333,8
328668,30.624,12
328688,6.2610006,13
328728,12.835001,15
328756,8.105668,17
328768,2.9863338,29
328788,25.778334,5
328876,44.699997,30
328908,39.039993,80
328928,31.711,13
328948,0.85166675,5
329000,41.724335,23
329024,1.4053333,6
329060,68.71098,83
329068,49.753334,30
329080,12.884666,14
329088,0.17233348,7
329104,28.546333,9
329140,7.691,13
329144,47.729668,89
329168,44.134003,22
329196,19.307669,23
329224,34.843666,21
329236,35.70233,17
329252,2.6690001,7
329264,8.882335,17
329288,11.097667,13
329312,37.371666,15
329328,34.092003,16
329328,15.735331,46
329356,30.183666,11
329360,6.512667,18
329400,4.060333,11
329404,29.857,11
329424,12.018002,24
329488,30.13,40
329492,8.594334,23
329492,34.482334,17
329516,6.1656666,7
329516,16.552668,28
329536,9.340333,11
329548,7.489333,8
329556,0.9916668,5
329568,8.574332,13
329604,16.159336,28
329620,4.108667,16
329624,5.999667,19
329632,2.0756667,7
329648,28.122334,7
329692,19.050339,31
329692,6.788335,15
329700,8.777666,13
329712,37.724,22
329732,7.236667,10
329748,5.3830004,9
329752,0.70166683,5
329772,-0.9483334,5
329776,4.7196665,19
329780,4.014,22
329792,26.265,5
329800,30.161,13
329812,5.566,8
329836,35.278336,15
329848,2.1330001,9
329868,41.819,17
329872,6.8586664,6
329876,42.157,21
329892,3.2149997,5
329904,4.192333,17
329912,-1.055,5
329916,10.980668,12
329940,4.316333,9
329980,15.345333,16
329996,9.284667,14
330004,3.942,6
330036,29.14,10
330040,2.2796664,9
330060,1.4449999,5
330060,9.982334,37
330080,14.263668,11
330100,1.875,5
330104,6.940333,11
330124,1.4449999,5
330140,14.190001,20
330168,9.882336,17
330216,9.009668,19
330228,56.142677,88
330240,-0.49466658,6
330260,12.194334,23
330272,30.302666,8
330296,32.01967,9
330300,31.516,18
330328,1.0256667,7
330336,12.382,16
330364,42.536663,60
330416,12.870002,30
330436,-0.5350001,5
330436,17.722336,27
330444,36.152336,27
330464,29.668999,7
330464,27.555666,7
330480,6.2630005,9
330500,29.013,9
330520,62.663002,39
330524,27.665333,6
330548,43.057,21
330588,7.8789997,17
330604,14.296997,31
330608,-0.008333445,5
330628,1.6616666,5
330656,28.535667,7
330668,11.228668,16
330700,8.261333,44
330704,30.824,12
330704,47.906334,39
330728,12.178335,15
330752,7.007334,12
330788,38.527336,22
330796,26.157,11
330800,46.574665,24
330820,3.5816667,5
330828,14.058333,25
330844,4.684,12
330876,10.424002,22
330888,9.865,15
330896,2.8649998,5
330928,5.683333,10
330940,17.38,30
330952,0.86800003,14
330980,27.109,7
330980,27.304667,34
331004,7.5296664,19
331016,29.186333,9
331040,18.758333,25
331044,28.179,7
331048,33.399,17
331052,10.067332,12
331072,3.3626661,8
331072,28.542334,7
331096,4.3306665,12
331112,3.996667,10
331116,-0.035000086,5
331120,-0.025999904,12
331128,13.126336,19
331136,25.871666,5
331140,1.7316668,5
331140,-1.7110001,7
331156,5.3456664,7
331176,4.2466674,10
331192,1.5209999,13
331192,3.553,9
331200,3.0753336,6
331212,38.975998,18
331220,0.16233325,7
331252,5.607667,13
331252,5.451667,15
331280,27.832333,7
331304,17.303667,21
331332,28.709,7
331336,7.4136667,21
331356,-0.9046668,6
331372,5.083,9
331400,4.9003334,11
331432,8.621666,15
331436,22.616333,39
331456,28.345001,5
331488,33.221336,14
331492,38.27666,70
331500,7.567001,11
331528,29.515667,7
331544,10.507998,14
331544,7.201,13
331576,2.416,8
331580,4.676333,9
331592,7.1653337,16
331620,37.791656,55
331632,7.734334,13
331644,17.925665,17
331652,2.1816669,5
331664,7.2636666,11
331664,6.568333,5
331684,0.7149999,5
331704,37.234333,13
331712,28.975666,7
331716,34.761,13
331724,51.06433,33
331744,0.40499997,5
331752,9.196334,9
331760,8.037333,12
331788,7.197001,11
331808,27.131666,5
331828,38.569,17
331840,13.130667,22
331864,9.444666,14
331868,2.1823332,7
331900,29.65967,49
331900,8.076001,18
331924,11.238334,15
331936,4.186333,9
331964,11.291332,24
331972,3.149667,9
332032,9.522331,17
332040,33.412334,17
332052,53.569336,38
332068,0.51233315,7
332160,20.362335,27
332176,25.33867,36
332180,-1.5016667,5
332208,70.77699,71
332224,33.677002,11
332228,29.606663,40
332244,1.9689999,17
332244,2.365,5
332272,5.6003327,11
332272,28.629,7
332296,1.7820001,6
332320,3.2139993,12
332320,26.372,6
332324,40.62,20
332348,41.988335,35
332360,9.996334,9
332364,8.1136675,11
332408,1.8616667,15
332428,35.102333,27
332440,29.342667,8
332448,28.478333,5
332476,11.086331,29
332484,8.417,11
332504,26.025,35
332504,28.629,7
332524,-0.018333316,5
332540,33.631332,14
332544,-0.125,5
332564,0.8483331,5
332588,61.661667,35
332588,8.990666,12
332596,8.424334,23
332608,8.373667,11
332636,4.936667,10
332644,7.611333,14
332656,31.418999,17
332664,33.32467,14
332668,4.082667,8
332692,1.4990002,7
332708,0.60766673,13
332728,29.018333,15
332764,32.424667,14
332776,3.2873333,12
332788,11.535333,36
332796,20.085333,26
332808,24.378334,5
332816,6.6976666,13
332832,2.766334,9
332844,3.4929998,9
332852,35.369667,19
332864,30.310667,12
332868,0.752,6
332888,-0.2116667,5
332888,3.6479998,14
332888,27.919666,9
332972,12.987,21
332992,0.96166664,5
332996,17.391005,33
333020,12.814334,33
333048,22.093332,40
333076,10.530334,21
333108,11.010667,22
333148,12.005,25
333148,42.972668,38
333164,42.084,22
333164,4.851333,14
333184,2.0516667,5
333188,5.439999,10
333192,29.730333,11
333204,4.3100004,10
333300,14.732672,28
333312,36.455666,27
333336,7.5296664,9
333348,16.799665,39
333356,28.780334,11
333368,30.695332,46
333368,2.6283336,5
333376,26.805,5
333396,16.10167,15
333416,2.116667,10
333460,14.424335,23
333480,17.153667,21
333492,38.386337,19
333504,0.837,11
333504,3.0086665,6
333516,42.51233,37
333524,-1.7816665,5
333532,4.776666,10
333548,0.6853334,6
333548,27.222666,8
333568,28.138332,5
333588,-0.23166656,5
333588,28.223333,10
333600,37.151333,24
333608,26.244999,5
333612,17.133333,20
333632,9.233667,11
333644,3.5796666,9
333644,33.323666,11
333648,6.422999,9
333664,-1.6283333,5
333668,26.085,5
333676,-0.5606667,8
333692,5.3423333,7
333732,11.818668,16
333736,6.197001,11
333756,25.878666,6
333776,18.655336,36
333788,33.371002,13
333804,1.3823333,7
333832,23.733004,39
333832,1.9156668,7
333872,-0.029999971,10
333884,3.0743332,13
333884,14.821334,24
333904,0.26166677,5
333940,49.258667,46
333980,5.003001,19
333992,16.97334,30
334036,21.95133,24
334040,7.7049994,15
334060,26.778334,5
334060,6.5123334,17
334060,14.86467,44
334064,4.5290003,7
334088,26.149,7
334108,2.8273337,12
334116,3.5223336,7
334124,6.235333,16
334152,4.3236666,11
334164,6.914,12
334184,1.5383332,5
334220,22.064663,24
334252,5.349,17
334256,2.1363335,9
334300,10.300666,12
334324,4.4123335,17
334340,2.7366664,10
334344,59.633335,70
334372,36.874996,55
334392,36.81433,13
334424,12.7333355,20
334432,14.739,27
334436,30.823666,11
334468,33.637,11
334488,26.564999,5
334516,48.405334,36
334520,41.157337,22
334532,13.834665,24
334540,1.7219998,6
334552,5.055,5
334556,28.626333,9
334576,2.8883333,5
334588,18.165,25
334608,2.4383335,5
334640,8.018667,16
334648,13.688001,24
334660,3.2483335,5
334664,7.544667,14
334676,16.591331,34
334684,28.993,9
334692,29.722668,8
334704,2.975,5
334716,3.8266664,10
334724,1.0383334,5
334740,32.746334,19
334752,1.4823334,7
334768,4.149,7
334792,40.352997,19
334804,5.9763336,9
334840,28.066334,9
334848,9.981335,14
334864,15.749332,28
334868,0.26833335,5
334868,24.10133,44
334908,30.826668,10
334916,0.89766693,13
334928,0.061666727,5
334948,7.1483335,5
334952,18.322666,28
334972,43.895332,26
334984,5.506334,9
334996,30.337,11
335000,3.3556669,7
335012,19.941334,24
335020,1.293,9
335028,7.205667,7
335040,-0.28166664,5
335060,2.615,5
335064,3.7910001,13
335072,4.537,11
335156,43.32133,24
335160,3.5113332,24
335168,18.478,24
335200,8.803667,11
335208,2.5333333,10
335208,30.104332,53
335248,36.39733,22
335272,7.626001,18
335292,0.28833342,5
335300,44.444336,23
335328,25.843338,30
335340,16.874336,23
335360,1.0816667,5
335360,27.662666,8
335380,28.025,5
335400,18.302336,27
335420,17.133337,30
335440,4.2633333,10
335472,12.844334,13
335480,45.265,25
335500,24.811666,5
335520,31.197334,12
335524,11.177,21
335536,2.7029996,9
335548,25.958666,6
335552,54.98934,48
335584,3.462667,8
335624,38.326332,19
335652,0.5956665,7
335668,31.820992,33
335676,2.588667,6
335696,-0.62166667,5
335704,40.64533,46
335732,6.032333,7
335760,9.717667,23
335780,14.837,21
335780,58.116325,49
335796,6.789666,9
335804,31.499332,18
335824,32.470333,11
335828,27.709333,8
335864,30.966333,9
335884,20.595331,26
335924,9.778335,15
335936,23.057669,33
335940,44.996334,29
335944,2.0416667,5
335952,37.838997,17
335956,26.111666,5
335972,2.5056667,7
335980,4.562333,7
336004,6.817334,12
336012,2.149333,8
336020,10.616668,20
336036,14.905336,16
336036,31.362667,8
336048,5.1056666,7
336064,28.289,7
336088,14.14967,19
336092,4.7756667,7
336124,13.244001,22
336128,9.02,20
336160,7.482666,18
336160,2.4630003,9
336172,7.463333,20
336180,2.955,5
336188,4.6190004,7
336224,8.489666,9
336224,35.030334,11
336228,6.9779997,14
336240,14.349334,28
336244,0.048333406,5
336256,27.882668,8
336268,3.6299999,10
336324,1.2556661,17
336328,40.23033,21
336340,35.416,18
336368,-0.7843332,7
336368,6.7703333,11
336388,11.785,15
336388,16.562334,37
336412,33.397,11
336420,1.0976667,13
336424,31.636333,9
336424,3.7330005,9
336444,-1.425,5
336456,32.46633,9
336464,10.184334,13
336468,3.3236663,11
336472,1.4923334,7
336496,10.08,10
336504,3.5396667,9
336548,8.407001,21
336548,29.407,11
336588,22.576334,29
336592,2.9136665,11
336612,35.342003,16
336620,4.1223326,7
336636,8.224001,12
336668,23.911,43
336708,38.881332,24
336720,17.528334,25
336756,11.007334,22
336772,8.671,13
336812,0.7766669,10
336816,37.95233,27
336844,27.889,7
336848,42.834328,53
336884,35.506,18
336888,1.9833335,10
336908,29.412664,38
336932,31.473667,11
336932,0.13866663,6
336936,13.917667,23
336980,34.947334,12
336992,12.548335,15
337024,12.051666,35
337060,19.057,31
337076,3.3309999,13
337076,14.501335,24
337096,27.078333,5
337096,4.989667,9
337116,1.9916664,5
337148,7.924335,13
337176,38.64167,25
337176,48.078667,46
337192,12.09967,19
337228,32.216667,20
337260,34.142334,17
337288,2.8556664,7
337288,34.388336,15
337288,13.765998,28
337296,19.583336,30
337336,8.887334,12
337340,2.530333,11
337356,35.049,17
337356,3.095,5
337360,0.6116667,5
337376,26.251667,5
337380,44.787666,23
337388,29.556,8
337436,41.119667,19
337448,8.849,17
337472,12.804668,24
337492,0.55033326,11
337536,6.2990007,37
337548,5.568,14
337592,5.8599997,30
337600,32.235332,16
337612,25.498333,5
337632,38.407,21
337644,29.53067,52
337648,9.919668,9
337664,35.385334,16
337668,3.3753333,6
337684,28.050999,13
337692,29.815666,7
337700,5.007666,13
337720,3.8356667,7
337732,12.582003,16
337768,38.119003,17
337768,4.9396663,9
337800,15.929667,29
337812,36.224335,23
337844,1.743,19
337852,6.991,13
337864,25.431667,5
337880,6.7356663,17
337888,9.456333,9
337888,10.526669,30
337908,26.938334,5
337912,35.250668,12
337916,26.746334,9
337932,1.4886665,6
337936,26.278334,5
337956,14.405668,17
337964,29.355667,7
337976,31.290333,11
337988,7.343,19
338016,34.721,13
338028,6.837666,13
338108,17.987669,23
338116,22.47067,32
338136,30.589,7
338140,3.4886665,6
338176,35.335,55
338192,5.864667,14
338200,2.6916666,15
338212,2.1516666,5
338216,18.302328,47
338240,1.5286667,6
338252,32.420002,10
338260,39.911667,15
338292,6.614333,13
338328,27.723,9
338364,29.839666,9
338372,39.613335,30
338436,18.651337,44
338452,70.35966,69
338484,22.21267,28
338520,0.5796666,9
338528,8.354332,23
338556,27.802334,7
338576,27.051666,5
338584,33.638325,55
338612,3.4696667,9
338628,1.4336666,11
338640,6.019,7
338640,25.898998,47
338644,25.983665,31
338648,0.1049999,5
338668,1.2283334,5
338676,4.2526665,8
338680,28.24,10
338680,5.9433327,10
338696,3.899,7
338724,3.0289998,7
338732,3.394668,14
338748,2.5519996,6
338780,18.815002,25
338836,52.279663,39
338840,16.265669,27
338848,11.621668,25
338856,3.275,5
338876,0.97233343,7
338892,21.382668,28
338896,-2.1383333,5
338908,10.052334,17
338912,33.781334,14
338932,3.6963332,9
338948,9.274668,14
338952,2.4249997,5
339012,4.1786666,16
339024,25.046333,29
339044,1.1916664,5
339048,1.1963334,9
339068,1.0250001,5
339092,3.292,6
339108,55.882996,49
339120,31.77733,42
339128,3.5483334,5
339160,29.04,10
339188,6.295667,7
339204,4.169667,19
339204,28.716663,40
339232,-1.101,7
339236,49.955338,36
339240,33.077667,13
339248,6.516999,11
339256,28.445,5
339348,12.941,23
339368,16.58,30
339436,8.895667,17
339440,27.874,52
339460,14.672666,28
339476,-0.7933334,10
339500,54.988327,65
339504,27.929,7
339544,4.67,10
339568,24.660666,32
339580,15.783337,20
339580,19.963337,30
339608,26.482334,7
339612,30.350334,11
339644,0.37300014,9
339648,5.102333,17
339652,32.58667,10
339664,0.52166677,5
339668,15.757002,31
339676,-0.1413331,6
339684,-1.7383333,5
339688,25.818333,5
339724,8.454,12
339752,6.885667,7
339756,42.899002,27
339772,4.457333,22
339800,51.989334,28
339840,7.950333,21
339848,4.1540003,12
339860,27.525,5
339868,12.559668,29
339880,29.129333,8
339892,26.838667,6
339896,27.182999,9
339904,-0.2980001,6
339932,31.053,9
339956,6.4176664,13
339960,13.035668,17
339996,26.252,56
340008,10.147334,12
340052,30.317,11
340072,13.598331,35
340076,48.61,30
340088,1.5396671,9
340104,43.59233,27
340144,33.682335,17
340160,11.276001,18
340164,28.091667,5
340176,19.245333,26
340204,32.940334,11
340204,0.24899995,7
340216,33.151,13
340232,4.8756666,7
340256,33.564335,13
340268,4.501,13
340288,7.7313337,14
340288,5.095,5
340316,2.1689997,7
340324,21.758999,17
340384,2.961666,15
340408,7.717667,23
340408,44.661987,76
340440,53.64933,38
340460,7.611,13
340472,12.848667,16
340504,17.130001,30
340508,1.4196663,9
340508,6.295666,17
340536,27.582333,7
340540,8.783,9
340548,5.3166666,10
340552,8.167667,23
340556,25.445,5
340572,25.898333,5
340576,2.9849997,5
340592,8.077666,13
340612,0.75633323,9
340632,-1.125,5
340660,10.552334,17
340672,43.838333,25
340700,57.239334,38
340708,3.1040006,12
340720,28.165,5
340736,42.078667,26
340764,26.582333,7
340780,16.085669,27
340800,2.1029997,9
340820,5.6533337,10
340824,15.049667,29
340840,10.79,10
340848,5.1656666,7
340848,26.005333,6
340872,18.122665,38
340876,2.1490002,7
340884,-1.2263331,11
340920,30.797,11
340944,9.645998,18
340952,6.2689996,17
340972,31.994335,13
340996,8.057667,13
341012,53.280334,41
341024,13.864335,13
341036,6.9769998,21
341048,5.4496665,9
341060,4.8530006,9
341064,16.209,17
341112,32.710667,12
341112,3.5986662,16
341112,5.384333,13
341132,-1.7683334,5
341136,5.378667,6
341152,1.9383333,5
341172,6.336334,9
341180,25.80867,36
341208,10.364668,14
341212,37.705,25
341228,27.778334,5
341232,-1.6950002,5
341240,38.258335,15
341252,2.8216667,5
341260,28.682667,8
341264,0.68200016,6
341280,10.795668,27
341316,1.9796667,9
341320,2.6123323,17
341340,1.4916666,5
341352,0.99300003,9
341372,-1.635,5
341380,36.46,10
341400,25.428001,34
341400,21.101667,35
341404,1.7526665,8
341424,27.743666,11
341432,27.089,7
341448,6.997333,12
341452,1.6283333,5
341452,35.937668,13
341464,4.2066665,10
341512,32.192,16
341516,6.9153337,16
341532,13.385666,17
341548,13.541335,24
341584,8.2456665,17
341612,7.1886663,16
341632,9.857333,12
341644,4.676,8
341672,5.3323336,7
341684,15.282671,38
341688,3.744667,14
341712,13.596666,50
341716,32.836998,11
341720,31.186333,9
341724,9.343,9
341748,5.232667,8
341752,11.206667,10
341752,4.2390003,7
341772,2.6819997,6
341780,-0.46766663,7
341808,33.933,9
341812,10.145,15
341824,29.630333,11
341852,10.113667,11
341856,5.5893335,8
341864,12.658666,36
341884,2.2516665,5
341928,1.7603335,11
341952,1.9220002,6
341968,21.136003,28
341976,0.7186668,6
341976,45.483665,31
342020,7.2969995,11
342064,1.9436662,11
342076,45.24199,66
342092,49.070335,31
342104,21.96733,32
342112,-1.0883334,5
342112,12.270666,12
342132,0.5450001,5
342164,17.010666,22
342172,39.30567,17
342184,27.171665,5
342204,6.4483333,5
342216,4.847,11
342244,17.927668,33
342256,15.727001,31
342276,8.855,15
342280,5.2796664,9
342292,16.33067,22
342340,-0.5363333,21
342368,0.61233354,7
342368,11.027334,22
342384,36.275665,27
342384,36.154335,23
342404,3.5416665,5
342468,10.790335,21
342484,9.2,20
342500,3.4093337,8
342536,4.7730007,9
342544,32.49167,15
342556,24.458332,5
342568,67.83,50
342584,9.503333,10
342616,5.330666,12
342616,47.800667,62
342628,13.7560005,18
342636,-0.11833334,5
342640,11.071334,14
342652,30.813,9
342680,27.848999,7
342680,1.1143334,13
342696,9.155001,15
342748,10.829,17
342772,45.111004,23
342776,33.85,20
342776,26.224667,34
342792,27.678333,5
342836,35.837334,22
342864,10.306002,18
342908,10.013667,11
342916,37.72,20
342920,25.682003,36
342936,26.064999,5
342936,23.960001,40
342952,-0.08066666,8
342964,2.6956668,7
342980,37.832664,18
343000,26.151667,5
343036,11.797002,21
343084,21.822336,37
343084,29.950666,12
343104,12.718334,35
343160,16.261335,14
343184,43.128334,25
343188,13.342003,26
343200,32.283333,50
343216,1.0656667,7
343240,10.90667,20
343248,33.930668,12
343272,4.596,8
343276,1.0823333,7
343292,28.191666,5
343304,11.917334,22
343312,7.986334,9
343320,29.642334,7
343340,0.10833335,5
343360,17.668003,44
343380,3.5356665,17
343384,32.877,11
343388,-1.4443333,7
343412,3.908667,6
343416,2.8463335,9
343440,4.2790003,7
343468,36.49433,13
343492,1.1586666,6
343512,10.252666,18
343532,48.895668,37
343540,55.592995,59
343556,7.585333,16
343564,5.157666,13
343572,5.2466664,10
343584,-0.14499998,5
343592,0.031666756,5
343596,3.3633337,10
343608,8.309,17
343616,27.818666,6
343624,3.7089996,7
343636,25.591667,5
343644,2.7816665,15
343668,28.023666,11
343684,8.486334,19
343712,36.032333,17
343728,6.0416675,15
343736,6.202,6
343736,10.484333,13
343740,46.085335,26
343756,28.002333,7
343756,1.8316665,5
343772,4.6329994,9
343792,8.024334,13
343792,25.911667,5
343816,31.638332,15
343832,1.2966669,10
343832,4.4633336,10
343856,19.585003,25
343856,0.7353333,6
343860,7.572333,7
343884,-0.43433332,7
343884,25.165667,7
343920,28.509666,9
343932,32.836,18
343936,8.764334,13
343948,27.575666,7
343956,30.108335,35
343976,10.380335,11
343992,30.479668,9
343992,5.130334,11
343992,6.597999,14
344000,1.0986667,6
344040,4.140667,12
344056,9.548667,16
344084,6.379,7
344084,4.630334,11
344104,42.486,28
344120,-3.4803333,9
344132,15.991001,33
344176,5.5769997,11
344188,10.375665,17
344192,45.552334,27
344204,4.599,7
344208,26.345001,5
344212,39.225666,27
344220,-0.5076666,7
344232,4.199,7
344264,5.1176662,13
344280,30.777332,12
344292,5.290333,21
344316,0.73633325,9
344344,13.13667,20
344372,2.2623334,7
344392,10.676336,19
344400,22.114998,45
344408,-0.41366625,9
344428,38.05467,34
344448,31.934666,14
344452,3.5053334,6
344520,34.432667,18
344552,51.44534,36
344560,13.449,27
344564,50.856995,41
344572,-0.46833336,5
344584,1.425,5
344588,6.9556665,7
344592,8.949334,18
344620,2.1139996,12
344628,35.746666,10
344668,9.5529995,19
344672,22.643997,22
344688,38.481667,15
344692,36.982666,18
344708,4.9283333,5
344712,5.223666,11
344724,4.224333,13
344768,5.227,11
344776,8.606998,21
344796,0.18166664,5
344812,34.560333,11
344848,6.4996667,9
344872,-0.31799984,6
344876,30.470001,20
344904,33.975994,48
344912,30.893667,51
344924,4.688333,5
344944,4.109334,8
344948,2.7296667,19
344952,4.642333,7
344964,11.784,22
344980,4.4229994,9
344988,3.4730003,9
344992,1.8223335,7
345040,30.510666,12
345136,51.548996,47
345148,19.993338,40
345148,24.857332,42
345168,5.8483334,5
345192,8.463666,11
345212,25.431667,5
345212,38.352997,19
345248,28.759666,9
345268,26.798332,5
345288,11.386669,30
345292,42.166664,20
345292,38.561,63
345296,1.4189999,7
345332,27.453333,10
345364,7.852332,17
345376,11.894001,22
345424,9.190668,12
345428,46.087997,34
345448,41.226997,21
345448,23.569666,29
345488,0.7766669,10
345488,37.345,15
345492,9.973668,11
345512,27.171665,5
345548,5.8083334,15
345552,6.4986663,16
345568,34.587997,14
345572,1.2983332,5
345600,34.827667,13
345604,4.699333,8
345632,35.015335,16
345644,8.553667,11
345656,30.517666,13
345672,28.086666,10
345676,5.512666,8
345684,29.555666,7
345692,30.025,5
345712,38.150677,72
345720,9.763001,9
345772,12.951668,15
345824,20.152334,37
345832,5.6283326,35
345844,9.172667,18
345852,5.292333,7
345896,31.101002,13
345896,20.81133,44
345912,17.396667,20
345916,-0.96500003,5
345932,1.1516665,5
345936,10.840333,21
345940,0.24866664,6
345964,1.6959999,8
345968,14.356001,18
345976,2.6230001,9
346012,10.019666,9
346052,33.22,10
346052,11.479668,29
346068,22.755001,25
346072,27.904999,5
346084,4.6626663,8
346112,9.367001,11
346128,5.223667,11
346148,29.404999,5
346160,37.859665,49
346192,8.750333,11
346192,4.9826665,8
346212,27.098333,5
346216,13.838666,26
346236,30.230333,11
346240,26.20733,42
346240,28.675667,7
346264,10.087333,12
346284,2.6636667,11
346296,13.891668,15
346300,10.481668,15
346308,3.5486667,6
346328,-1.485,5
346332,5.7096667,9
346336,26.516333,9
346352,27.338333,5
346364,2.089,7
346376,-0.83799994,6
346380,31.354334,13
346392,29.609,7
346396,50.814335,33
346412,3.8763328,9
346440,30.187,11
346464,12.219334,18
346468,6.091334,14
346496,27.162333,7
346512,41.004333,33
346512,5.907334,12
346548,19.029,27
346564,2.8176665,13
346568,1.6916666,5
346572,13.389668,19
346628,6.3213334,14
346632,8.975666,17
346640,32.649334,18
346656,6.492,6
346676,8.194,12
346676,29.79033,41
346696,-0.19500005,5
346700,7.9049997,15
346708,12.704333,13
346716,-0.35500002,5
346720,27.685,5
346736,4.801667,5
346764,2.1656666,7
346764,4.3003335,11
346820,39.382668,28
346832,7.3756666,17
346852,26.225,5
346864,5.0670004,11
346896,4.059333,8
346928,34.493,19
346932,-0.6170001,9
346948,0.7950001,5
346964,-1.1906667,8
346976,62.880997,53
347000,10.024334,13
347020,4.5650005,5
347056,37.933334,20
347060,7.8066673,10
347068,15.338667,26
347104,7.283668,11
347116,10.700666,12
347124,0.56166685,5
347152,29.772999,9
347164,32.406666,10
347176,50.403328,30
347196,11.783668,11
347200,27.186333,9
347208,106.057655,133
347236,7.5950007,15
347312,17.969334,28
347316,47.362335,27
347348,23.226,28
347352,30.033333,10
347372,-0.73133355,6
347396,31.443666,11
347400,6.0156665,7
347424,45.605675,57
347440,4.513667,11
347444,14.157331,32
347468,12.9436655,11
347472,6.6523333,7
347484,13.380333,21
347488,1.9150001,5
347500,11.305003,15
347500,6.4689994,7
347520,2.8683333,5
347564,38.465332,16
347576,53.234,22
347592,50.768997,27
347628,3.279667,9
347636,16.648333,15
347664,34.432,36
347668,-2.2199998,10
347672,18.345669,27
347716,8.457666,13
347724,7.3339977,22
347736,-1.8249999,5
347768,12.768334,25
347772,15.211668,25
347792,-0.47499996,5
347812,0.0716666,5
347840,42.922997,29
347848,-0.66700006,9
347860,27.578333,5
347876,22.375002,35
347884,0.045333266,6
347904,1.1889999,7
347916,1.5426666,8
347924,34.173,19
347952,26.592999,9
347960,11.678001,14
347976,2.1443336,13
347996,11.726999,11
348016,53.837326,62
348020,5.2269998,11
348040,1.027,11
348056,26.729668,9
348080,52.593338,30
348096,4.9366665,10
348096,4.588,14
348104,2.3420002,6
348112,11.471335,24
348140,3.3463333,9
348172,1.2016671,15
348184,28.513668,11
348188,40.371002,23
348208,1.6049998,5
348236,30.324333,13
348236,3.6653333,16
348252,31.263664,11
348256,18.016668,40
348256,-0.675,5
348284,0.31733322,12
348292,7.269667,9
348316,7.978333,15
348332,0.5666667,10
348344,9.7476635,23
348368,1.7996669,9
348372,21.350668,22
348380,28.999666,9
348404,27.682667,8
348412,29.503666,11
348432,25.458332,5
348448,6.8003325,11
348468,-0.32366654,9
348476,11.921334,24
348480,28.99367,41
348496,2.2549996,5
348516,1.0090001,17
348524,27.370333,11
348528,12.781668,15
348528,6.7193336,8
348572,29.840666,12
348584,14.109001,17
348588,7.728333,15
348592,-0.77166677,5
348616,0.5693332,8
348616,28.709,7
348628,15.725,25
348640,27.251999,6
348648,26.278334,5
348660,7.303666,11
348700,14.378334,15
348728,18.533333,20
348740,47.692337,37
348756,11.401334,24
348764,5.965334,16
348776,7.344,12
348792,-0.33766663,7
348800,0.92866653,6
348812,-1.8916667,5
348820,15.848667,16
348868,12.614666,14
348896,53.03633,39
348896,0.849,7
348900,14.9816675,25
348916,25.945,5
348928,0.21233344,7
348948,-0.0016666651,5
348956,13.3080015,34
348976,30.369,7
348980,12.502001,16
348996,3.6499996,10
349000,2.902,26
349024,3.130333,11
349032,2.1993334,8
349076,7.6516657,25
349080,2.7239997,12
349092,1.3213338,24
349120,0.90666676,10
349156,36.33867,16
349164,23.174995,35
349176,11.264667,14
349184,38.239,27
349236,6.5143332,13
349248,8.752666,18
349264,17.328333,25
349268,2.0549998,5
349288,1.6950002,5
349328,33.72433,43
349352,2.1606665,22
349360,53.547005,31
349360,36.609337,18
349364,3.8329997,9
349384,2.762,6
349388,4.9996667,9
349416,26.902332,7
349428,30.893665,11
349460,38.225,25
349464,0.25966644,9
349484,12.3323345,17
349504,13.265001,35
349508,8.324,12
349520,31.579666,9
349524,27.618332,5
349560,10.497668,13
349580,9.8046665,14
349588,8.799002,17
349596,0.72300005,9
349600,-1.2616667,5
349604,23.471664,35
349624,-0.5310002,7
349624,1.6549999,5
349644,3.0783331,5
349708,17.903334,30
349716,44.373,29
349728,16.373667,21
349756,4.9899993,10
349764,8.413001,9
349796,33.190998,43
349812,22.942,26
349824,-0.25099993,7
349832,9.679,17
349872,3.5106668,12
349956,24.825333,36
349980,66.708664,56
349992,28.139668,9
350008,30.235664,7
350020,64.749,47
350040,11.950666,42
350056,6.226333,9
350056,4.3206663,12
350080,24.972,6
350088,3.629333,8
350128,8.350668,12
350132,18.135,35
350136,14.278002,24
350160,28.909,7
350160,8.702667,18
350168,4.9066668,10
350188,-0.3076666,7
350196,0.6656666,7
350196,8.916334,9
350216,25.445667,7
350216,24.325,5
350224,40.037334,22
350244,3.7216668,5
350248,31.371,13
350252,4.376334,9
350272,2.7756667,7
350276,28.909,7
350280,2.4356666,7
350328,35.741333,14
350328,21.899336,28
350344,7.765666,17
350348,26.831667,5
350384,32.419666,9
350388,42.539,27
350404,-0.14166689,5
350424,4.668333,5
350432,10.277001,11
350448,20.052002,26
350452,3.9083333,5
350484,31.888332,15
350492,6.933667,11
350520,6.628999,17
350552,7.899333,8
350572,37.95067,22
350612,21.989996,30
350676,51.14567,87
350692,41.53,20
350696,25.025,5
350712,-1.305,5
350716,27.030338,41
350732,60.4,40
350748,4.1210003,13
350764,28.536,8
350764,33.740665,12
350784,4.3929996,9
350808,0.27866662,6
350816,6.7076664,13
350860,44.925667,37
350868,23.535334,26
350888,30.335667,7
350892,36.409668,19
350896,28.535667,7
350924,0.24233317,7
350964,2.62,10
350984,0.7249999,5
351012,4.975667,7
351024,24.584671,54
351056,4.9870005,11
351060,7.0530005,9
351068,21.078331,45
351084,7.092333,7
351112,1.9876666,13
351120,22.502335,57
351140,26.451668,5
351228,16.883999,22
351232,23.733662,41
351240,10.547334,32
351256,3.8123333,7
351260,4.262333,7
351304,28.907,11
351316,2.3930006,19
351324,29.578333,5
351332,45.854004,62
351352,28.722332,7
351352,0.6696663,9
351360,5.992333,7
351392,2.2860003,8
351400,6.077334,12
351408,32.01934,38
351428,17.393,19
351460,7.831,13
351464,36.67267,18
351484,0.7883333,5
351528,5.645667,17
351556,53.999664,39
351556,26.782333,7
351556,24.267338,32
351576,2.165,5
351584,10.105001,25
351600,29.690334,11
351608,3.7176664,13
351608,-1.0446665,6
351616,3.73,10
351628,-0.12766671,7
351648,2.8349998,5
351664,6.7779994,14
351668,-0.07499993,5
351688,2.7216663,5
351728,50.199333,28
351740,3.7276669,13
351776,7.003,9
351784,31.401333,14
351788,23.483667,31
351800,2.3153334,6
351820,1.4916668,5
351844,49.98633,59
351880,0.3596666,9
351892,42.982002,26
351920,27.182333,7
351924,22.298334,35
351948,5.632333,7
351972,19.779337,38
351992,0.44500005,5
352000,29.464333,13
352028,52.482338,37
352036,31.913666,11
352064,11.715336,16
352064,1.9296668,9
352068,4.5726666,8
352100,2.6463332,9
352100,29.059666,9
352112,34.065666,47
352124,3.4586668,6
352132,13.665334,16
352152,6.0690002,7
352160,5.022333,7
352164,30.927668,13
352176,16.386337,19
352192,27.055666,7
352220,32.759003,17
352240,25.858334,5
352244,31.019001,17
352244,34.58767,13
352244,10.243665,21
352264,1.9749999,5
352272,1.8923335,7
352292,3.9023333,7
352296,31.154333,13
352300,34.125,15
352320,2.6589997,7
352340,1.9516666,5
352348,2.4773333,12
352364,47.431,23
352376,8.3966675,20
352384,1.8583335,5
352396,5.451334,14
352492,44.291336,24
352500,22.156336,29
352504,54.98967,39
352520,-1.0983334,5
352528,-3.967,9
352532,18.682995,39
352532,25.899,7
352552,26.756,8
352552,24.851665,5
352564,3.016,8
352584,28.476,8
352604,26.224998,5
352620,14.121,23
352624,28.045,5
352628,33.098667,16
352648,-1.8083333,5
352668,2.728333,5
352688,1.4449999,5
352696,39.056,18
352708,15.617334,22
352732,4.173667,11
352740,27.859005,47
352744,7.1963325,9
352752,1.2349999,5
352752,7.7879987,14
352780,7.606667,10
352792,9.9,10
352792,7.1233325,10
352804,35.67167,15
352824,2.3616667,5
352828,1.2263337,9
352860,5.0689993,17
352876,10.394001,12
352924,51.32534,36
352936,10.446335,19
352940,7.148666,16
352956,16.027668,33
352976,3.6363332,9
352992,8.765666,17
353004,12.999001,17
353012,11.111334,14
353024,-1.2649999,5
353032,7.358,14
353064,4.679333,8
353064,5.1543336,13
353072,9.754002,12
353108,28.386333,9
353116,9.194333,13
353136,30.369,7
353144,1.349,7
353160,5.4020004,6
353160,19.090666,42
353172,-1.8243333,7
353196,1.5463333,9
353216,20.419336,38
353228,7.6779985,14
353248,36.244003,22
353264,0.48633325,9
353276,1.0456666,7
353308,4.236,8
353324,6.305,15
353368,9.020333,11
353388,0.49833322,5
353392,62.80133,44
353396,16.557335,22
353400,40.906994,51
353460,36.092003,16
353476,41.680336,21
353500,0.29866648,6
353500,2.2733333,10
353548,26.799,37
353548,17.220001,40
353556,3.9113336,14
353576,7.4389997,7
353576,29.189,7
353576,24.904999,5
353584,12.867001,21
353604,28.369,7
353612,-3.137,9
353624,33.157333,12
353632,30.524,12
353668,1.9463332,9
353696,21.700998,23
353724,1.549,7
353724,8.1380005,14
353728,46.639668,29
353752,44.847336,32
353752,3.4123335,7
353756,1.5426667,8
353760,1.2926669,8
353772,3.5949998,5
353780,24.865334,6
353780,29.549,7
353792,0.31500006,5
353804,-0.74633336,11
353812,26.998333,5
353872,34.419,17
353892,1.2916666,5
353896,16.662998,29
353956,14.485335,16
353980,9.750333,21
353988,17.004662,44
354028,5.4793334,18
354064,36.650333,21
354096,14.662335,27
354096,39.582333,17
354100,-0.07033339,9
354116,27.951668,5
354148,31.924334,13
354156,8.491333,14
354176,90.39965,99
354180,0.7653333,6
354188,9.372668,18
354196,3.3816667,5
354204,30.371334,14
354244,35.75467,14
354264,0.36166674,5
354272,7.159001,17
354300,9.316334,9
354308,18.164003,32
354312,27.173332,10
354324,2.9153333,6
354336,54.975,35
354340,-1.6943332,7
354356,29.689333,8
354376,1.5050001,5
354400,21.467667,23
354424,4.303667,21
354452,6.6643333,13
354468,5.4436665,11
354468,10.054335,23
354484,28.905668,37
354492,28.305332,6
354496,-2.1143334,7
354536,5.333667,11
354556,-1.7883333,5
354568,41.636337,29
354568,20.760336,21
354572,41.92633,19
354596,32.31333,10
354604,4.6759996,8
354624,1.8616666,5
354640,12.103665,11
354640,6.4326673,18
354644,10.836334,19
354652,4.0356665,7
354680,2.626667,10
354692,5.913333,10
354696,33.514336,13
354712,40.056,18
354728,5.643,9
354736,-2.3446667,6
354748,0.67166674,5
354756,13.813002,19
354780,6.0469995,11
354828,12.082667,18
354832,36.18367,21
354860,1.8093331,8
354864,4.8893337,8
354872,40.59433,23
354876,24.918335,45
354904,4.183334,10
354916,6.7903333,11
354936,0.45266676,8
354964,10.595335,26
354976,9.078335,15
354996,25.891666,5
355012,52.91133,34
355016,8.507668,13
355032,4.843,9
355036,10.938334,25
355056,29.766666,10
355064,33.967667,13
355076,28.765,5
355084,3.6273332,12
355124,14.804335,23
355164,17.991667,25
355176,15.677667,23
355204,5.0956664,7
355208,4.963667,11
355224,12.421669,25
355228,-2.108,6
355252,3.8423333,7
355252,-3.7396667,11
355280,0.9390001,7
355284,31.501333,14
355284,5.9660006,8
355296,39.77166,55
355312,-0.60766673,7
355316,3.1083333,5
355320,5.4729996,9
355352,0.84333324,10
355364,4.7106667,12
355376,10.671334,24
355388,28.786333,9
355392,-0.8343334,7
355392,14.476002,18
355396,-1.2483333,5
355424,0.71266675,8
355452,4.1023335,7
355456,40.731667,15
355464,4.1759996,18
355472,26.585,5
355496,1.596,8
355512,17.087,31
355536,6.126667,20
355552,15.981335,14
355560,9.674001,12
355576,17.138668,26
355580,2.3516665,5
355588,6.2896667,9
355596,0.865,5
355608,25.831665,5
355612,34.103004,19
355624,-0.4743333,7
355644,1.2316666,5
355644,32.392998,9
355700,12.261334,14
355716,7.7860003,18
355728,-0.9976665,7
355744,28.555668,7
355764,0.2850001,5
355808,40.132328,57
355820,10.511,23
355860,29.5,10
355868,3.8583343,15
355872,36.48567,27
355888,2.9016666,5
355940,35.162334,17
355956,36.814667,24
356012,79.25334,100
356016,49.560665,32
356032,3.681667,5
356036,0.26166666,5
356056,11.041667,25
356056,4.601667,5
356092,7.155,15
356092,12.272665,38
356100,4.190333,11
356124,40.082336,17
356144,4.907667,13
356164,19.099335,18
356208,6.8536673,11
356220,17.228003,24
356244,12.335001,25
356244,21.718668,36
356256,2.8973331,12
356296,5.1610003,13
356308,9.005335,16
356328,44.789,27
356384,3.6396666,19
356404,19.489,27
356404,13.723001,19
356412,21.783,39
356424,-0.14166641,5
356440,29.269,7
356448,31.653666,11
356472,6.162667,8
356484,14.955002,15
356524,30.833334,10
356548,4.3316665,25
356552,14.650002,20
356568,1.7716666,5
356588,3.4416668,5
356612,47.362335,57
356620,19.477999,24
356640,1.389,7
356644,2.991333,14
356652,28.342667,8
356652,50.545006,25
356672,0.09833336,5
356684,3.296,8
356704,1.1416667,5
356708,13.195335,16
356744,0.44966662,9
356744,4.396667,10
356788,19.545664,37
356848,17.671999,26
356856,5.055666,17
356860,31.815668,47
356868,15.707005,31
356868,2.6616664,5
356896,-1.2310001,7
356900,31.250332,11
356908,2.6733325,10
356908,30.667334,12
356928,-0.6783334,5
356940,0.33000004,10
356948,1.0276666,13
356980,15.432667,18
356980,2.8043327,13
357000,2.7309997,13
357012,2.9226665,18
357020,26.891666,5
357020,9.133334,10
357072,23.481003,23
357076,31.358,14
357108,0.099666715,9
357164,4.984666,14
357184,51.820328,41
357188,39.302666,28
357196,51.872,46
357216,0.15166664,5
357256,5.0876665,23
357256,3.2693338,18
357268,4.776665,20
357276,6.0150003,15
357284,4.7156663,7
357328,3.7069995,11
357336,8.046666,20
357348,10.413335,20
357356,10.356667,20
357404,11.343001,19
357412,11.021333,14
357424,3.3783336,5
357428,1.0776665,23
357444,21.751335,24
357456,4.4226665,8
357468,34.208,14
357480,7.253,9
357496,5.3956666,17
357500,2.5626664,8
357504,11.334,12
357516,1.315,5
357532,-0.34433317,7
357568,5.819666,9
357580,12.871666,25
357592,1.3153331,6
357624,46.473663,31
357660,4.6329994,9
357748,30.400667,42
357756,24.893665,41
357768,27.378334,5
357776,-0.8216665,5
357792,10.351,33
357796,0.5683336,5
357796,-0.6209998,7
357812,26.045,5
357844,36.667343,82
357896,5.147666,13
357912,23.509668,29
357928,29.982998,29
357932,14.834667,34
357952,2.5953336,6
358028,10.489669,29
358048,2.5149999,5
358064,20.185999,28
358084,32.212666,38
358100,7.976333,9
358116,29.629333,8
358120,10.356,18
358136,6.306333,9
358156,2.3996663,9
358180,3.330333,11
358184,9.268999,17
358188,38.997665,73
358208,0.32099998,13
358224,6.146333,9
358228,3.2083333,5
358240,9.381668,15
358268,34.180332,11
358288,16.671667,15
358308,18.160336,31
358316,6.889666,19
358324,2.9029999,9
358336,11.389,17
358348,0.556,8
358356,0.5316669,5
358368,-0.1116668,5
358388,26.138332,5
358400,20.507668,23
358432,3.8296666,19
358436,3.7363324,9
358456,-0.16833332,5
358476,-0.18499994,5
358500,24.041334,44
358536,7.131666,15
358556,44.79733,42
358600,44.448334,25
358608,10.087667,13
358636,4.783,9
358664,3.8023336,7
358668,39.429665,59
358680,49.572,36
358700,0.53600013,8
358716,3.249667,9
358736,28.347336,32
358756,8.311334,14
358760,22.168001,24
358776,3.5400004,10
358800,5.2599993,10
358824,27.685333,6
358912,63.793007,49
358916,20.889997,40
358924,40.148335,25
358952,5.7530003,9
358956,6.1436667,11
358988,22.78767,53
359000,28.537333,12
359008,8.737667,13
359040,28.482666,8
359052,17.234,32
359080,2.8790002,7
359092,8.261997,26
359092,15.771,23
359120,35.7,20
359128,-0.23699999,9
359144,2.0586662,6
359160,39.09333,20
359192,27.889332,8
359216,14.744003,22
359236,19.567669,23
359280,1.4703335,11
359284,26.176004,48
359304,25.751999,6
359304,10.147333,22
359312,1.4723334,7
359328,22.644667,34
359340,6.4896665,9
359348,3.3016667,5
359360,11.040667,12
359372,4.7526665,8
359404,7.345,25
359424,-0.41466665,16
359436,37.108665,16
359480,6.9146676,14
359488,7.8169994,21
359508,2.4883332,5
359520,9.840001,10
359544,30.733,9
359572,65.48532,56
359584,34.925335,16
359588,17.189333,38
359604,2.665,15
359604,26.045,5
359624,27.663,9
359648,7.823001,19
359676,15.116002,18
359692,35.482334,17
359720,11.792668,18
359724,9.536668,30
359756,39.263332,20
359764,9.802668,18
359776,1.5180004,14
359796,7.4526663,18
359808,31.734333,13
359828,3.6426668,8
359848,27.045,5
359868,27.671667,5
359912,15.535668,37
359920,13.5460005,28
359948,5.4190006,7
359964,31.298998,47
359968,5.1516666,5
359976,10.965666,27
359980,6.5923333,17
359992,5.145667,7
360032,29.72,10
360040,2.8149996,15
360060,38.173668,21
360060,49.20767,23
360080,0.89166677,5
360100,6.5089993,17
360100,25.351665,5
360132,4.902667,8
360148,16.305668,27
360152,21.200998,23
360152,5.3776665,13
360180,32.494,12
360196,26.967,11
360224,6.3696656,19
360224,10.617002,11
360244,26.671667,5
360268,13.766,18
360296,4.505667,7
360304,21.753334,20
360320,10.959669,19
360332,-3.0809999,7
360360,12.325334,16
360376,33.744667,14
360384,6.797666,13
360404,-1.0983334,5
360416,44.605347,66
360424,1.9286662,16
360432,29.552334,7
360444,11.722333,17
360472,3.8456664,7
360476,2.4436667,11
360508,-1.4806666,8
360516,31.183666,11
360548,17.340334,31
360572,6.5113335,14
360576,29.755667,7
360588,19.671,43
360632,29.790333,11
360640,0.439,17
360648,10.136002,18
360656,3.1986666,6
360660,-0.755,5
360680,27.938334,5
360680,26.712,6
360716,27.173,9
360720,13.652668,18
360732,10.181,13
360740,4.155,5
360796,36.770664,72
360808,10.305666,17
360820,14.244,22
360828,26.831665,5
360848,7.2743335,13
360856,5.7163334,9
360864,41.865665,37
360912,16.910334,21
360912,8.6953335,16
360916,13.875001,15
360940,30.095667,7
360956,31.390331,11
360972,20.012333,27
361000,6.767001,21
361012,33.941334,14
361012,14.532668,18
361020,25.404999,5
361040,-1.5083334,5
361040,4.965667,7
361080,23.452333,27
361084,31.303667,11
361100,37.678333,15
361132,38.363335,30
361160,35.651665,15
361192,26.572668,28
361208,11.933,19
361212,4.008333,5
361252,62.340668,42
361312,17.108667,26
361312,53.146004,38
361332,26.691666,5
361348,42.977997,24
361368,-1.8386667,14
361404,29.819668,9
361408,31.716333,49
361420,15.046,18
361428,1.592,6
361440,3.3426669,8
361460,8.050001,10
361460,26.445,5
361464,5.7696667,9
361480,26.371666,5
361480,2.735,5
361496,31.789333,8
361500,13.744,42
361508,3.6423335,7
361528,33.717335,12
361552,4.827,11
361556,13.344667,14
361576,3.3883328,5
361604,1.839,7
361620,11.574333,23
361644,25.858997,37
361668,9.1553335,16
361672,3.9656668,7
361684,8.500999,33
361696,1.1829997,19
361712,27.769001,7
361728,32.82467,14
361744,1.1826667,8
361744,3.9806662,12
361748,12.039999,20
361764,6.321667,5
361768,2.0650003,5
361780,31.434334,13
361800,3.3616667,5
361800,5.674667,14
361808,6.1566663,10
361828,9.258666,16
361828,28.835667,7
361828,4.625667,7
361872,8.286999,11
361880,33.664333,13
361888,36.160004,20
361916,4.4403334,11
361924,35.850334,11
361936,26.278332,5
361968,41.300003,20
362020,9.244667,24
362044,49.138,54
362052,12.353001,29
362056,-0.06700003,9
362072,-1.5383333,5
362080,26.438667,6
362096,35.827667,13
362108,2.0063336,9
362148,59.93833,45
362160,37.69667,20
362164,3.9146664,14
362168,27.205,5
362192,16.491333,24
362212,2.5569997,11
362240,2.619,7
362260,0.9016669,5
362264,9.501668,25
362276,44.169666,29
362280,27.585,5
362300,3.1549997,5
362304,4.2956667,7
362372,24.891666,45
362384,39.46367,21
362400,1.529,7
362404,25.915003,35
362412,25.172333,27
362420,1.6416668,5
362424,1.9916666,5
362432,30.437332,12
362440,5.959,7
362452,25.938334,5
362464,5.1586666,6
362472,8.460667,12
362472,26.838333,5
362484,2.5716662,5
362548,42.020668,32
362552,13.896669,20
362568,9.097002,21
362580,6.7056665,7
362588,6.63,10
362624,5.6503334,11
362652,-0.90099996,7
362660,35.144333,23
362688,40.268333,25
362696,43.25199,56
362716,-0.1916666,5
362720,10.568335,15
362732,16.760002,20
362768,0.14099991,13
362772,10.504335,13
362792,2.865333,6
362808,14.286334,19
362852,19.940334,41
362852,3.150333,11
362852,2.8149998,15
362868,11.158,24
362880,4.7223334,7
362888,2.2796664,9
362888,25.904999,5
362916,2.3423333,7
362932,5.631,13
362960,48.405666,27
362976,4.197,11
363020,8.165333,26
363028,49.205,35
363028,8.558999,17
363056,42.73667,20
363056,2.829,7
363072,28.567,11
363084,3.129,7
363092,1.3383334,5
363148,35.092,16
363152,13.121335,24
363172,3.4116666,5
363204,16.21267,28
363220,4.4073334,12
363240,1.4030001,9
363244,61.52867,56
363260,-0.80500007,5
363268,7.6040006,12
363296,3.9329996,9
363312,23.583664,41
363336,1.4400002,10
363352,32.283333,10
363388,10.771001,13
363396,4.3836665,11
363412,3.2686667,6
363440,36.174328,43
363452,11.273333,10
363464,32.085667,17
363464,39.925,55
363504,7.9219995,16
363512,4.811666,15
363516,7.814333,13
363544,7.4933324,20
363552,28.559666,9
363568,4.6646667,14
363596,9.034333,13
363596,27.429,7
363600,7.327333,12
363628,52.280334,31
363648,30.600666,12
363660,40.798668,16
363684,32.919666,9
363688,14.12767,23
363704,6.8263326,19
363716,3.6159995,8
363724,1.655,5
363744,25.925,5
363784,19.341335,24
363792,35.594,12
363796,11.53,20
363800,13.261665,35
363828,-1.4303333,9
363848,9.801001,13
363888,12.335,15
363892,32.540337,11
363912,3.2086668,6
363916,15.597667,33
363932,23.224333,33
363936,29.300333,11
363952,26.571667,5
363976,27.733334,10
363980,30.215668,7
363988,8.903,19
364000,1.9649999,5
364020,15.845333,26
364032,1.0369998,11
364044,33.013664,11
364048,12.359335,18
364060,2.6156669,7
364072,11.314335,13
364072,5.6689997,7
364100,25.195667,7
364108,6.0996666,9
364112,9.881,13
364140,3.7259994,8
364148,17.608334,25
364184,30.606335,9
364204,36.932,16
364252,32.477333,12
364272,26.665,5
364320,29.164999,55
364320,5.690666,12
364348,8.479,7
364356,53.67434,43
364412,45.715,75
364432,3.2949998,5
364452,6.894666,24
364476,20.853,39
364496,30.190334,11
364500,20.149336,38
364520,5.7753334,6
364532,37.171665,25
364552,20.826336,19
364552,26.445,5
364568,9.798999,17
364608,43.10733,22
364628,8.543001,19
364632,37.642,16
364648,0.38000035,10
364656,-1.8146665,6
364680,5.5326667,8
364692,50.40833,35
364728,7.3139997,12
364764,15.028998,27
364776,32.172333,37
364788,10.708,24
364804,3.7366662,10
364808,10.793334,20
364828,27.052,6
364828,-0.89166665,5
364876,33.444,12
364888,40.498337,25
364892,25.81633,29
364912,2.1483333,5
364944,0.3723333,17
364964,-0.36166665,5
364992,27.395666,7
365024,17.832666,28
365040,36.377663,53
365060,3.3763332,9
365096,44.07066,52
365104,40.419334,28
365116,26.425,5
365140,34.873333,20
365144,27.095665,7
365164,16.730331,31
365188,2.0536666,11
365192,3.0723336,7
365216,3.4523332,7
365240,7.2720003,6
365256,11.145334,16
365312,37.699333,18
365316,31.021,53
365324,13.479,17
365352,29.049667,9
365352,31.12,10
365380,-1.9643334,7
365400,68.59499,65
365408,15.303665,21
365428,12.723,19
365444,30.789667,9
365468,0.099999964,10
365488,0.018333316,5
365508,4.9153333,16
365524,1.8896666,9
365528,43.955666,37
365540,17.285002,35
365548,-0.13499999,5
365576,28.455666,7
365596,35.866,18
365620,-1.7646668,6
365624,23.469667,29
365628,11.160666,22
365644,2.0416667,5
365672,26.848999,7
365696,45.083336,30
365716,22.474669,24
365716,-1.825,5
365724,5.6476665,13
365732,13.0720005,26
365748,0.73866665,6
365756,5.9633336,10
365756,8.78,10
365756,2.1886668,6
365768,3.261667,5
365788,25.991665,5
365840,8.374335,13
365848,17.294334,23
365868,24.125998,28
365884,-1.0936668,9
365888,8.430667,12
365912,0.5719998,6
365912,5.2889996,7
365912,7.6869993,11
365952,29.513332,10
365952,28.26966,49
365960,-3.1593332,12
365972,25.511665,5
365980,-1.975,5
365984,12.012668,18
366028,33.348,14
366028,5.5803328,11
366084,47.86767,33
366092,9.659332,28
366096,33.979,17
366112,0.37166667,5
366136,4.962,6
366148,33.904335,13
366160,11.516336,19
366176,2.2956662,7
366188,4.164334,13
366196,24.891666,5
366224,29.929667,9
366232,1.5830003,9
366248,7.4873333,22
366264,26.716,8
366272,4.710667,12
366284,4.6613345,64
366284,27.185,5
366300,6.0223336,7
366304,26.391666,5
366356,2.2543335,13
366384,-0.77433336,7
366404,25.152998,39
366432,20.817665,33
366432,27.869,7
366436,8.284333,13
366444,48.57,40
366456,-0.8216667,5
366460,3.569,7
366468,1.2729999,9
366488,25.818333,5
366496,5.5309997,13
366504,4.417,11
366504,10.397334,12
366516,5.875,5
366520,8.0426655,8
366548,26.449001,7
366580,36.516335,19
366588,3.37,10
366596,5.7243333,23
366632,8.633,29
366656,10.025669,17
366656,3.6219997,6
366664,8.849,17
366684,0.36499995,5
366684,0.99566674,7
366700,2.0436668,11
366704,0.09499997,5
366732,28.415667,7
366756,1.6486666,6
366760,10.923,19
366772,59.43933,48
366772,32.872665,18
366808,28.599667,9
366824,1.661,13
366828,2.0716665,5
366840,38.96,20
366848,18.88767,23
366864,1.5430002,9
366884,3.4163332,9
366892,1.8043332,13
366912,44.307335,22
366928,4.8903337,11
366944,5.8393335,8
366948,26.345,5
366976,2.8189998,7
366976,15.293667,21
367032,8.711333,14
367036,45.37767,23
367068,28.302666,8
367104,57.77333,60
367124,-0.12833333,5
367128,6.091667,15
367152,49.619995,30
367152,27.282333,7
367160,29.715334,46
367172,1.9116665,5
367176,32.04067,12
367180,-0.4016667,5
367192,2.8316665,5
367192,1.0000002,10
367196,1.0016665,5
367216,4.3186665,6
367240,12.820668,12
367264,3.5573335,12
367268,1.5823333,7
367292,29.612333,7
367300,25.669333,8
367304,10.183665,31
367304,14.552334,27
367320,2.635,5
367336,2.2959998,8
367368,32.530666,12
367372,26.289665,9
367380,8.096333,19
367432,41.795,35
367436,7.738667,16
367452,10.487002,21
367456,-0.9416667,5
367484,2.9923332,7
367508,8.598,14
367536,31.776333,39
367548,9.645335,16
367560,3.6776667,13
367588,8.934334,13
367604,9.504665,14
367616,35.111332,14
367636,27.53033,51
367644,29.429,7
367652,30.647333,12
367664,28.488998,7
367664,3.155,5
367676,-3.6046667,6
367680,12.664336,23
367692,1.6923335,7
367708,3.5656664,7
367708,4.052666,8
367720,15.311333,14
367736,3.1156664,7
367740,26.591667,5
367740,3.7306669,12
367756,-0.745,5
367760,4.2616673,5
367768,33.948334,15
367776,4.113,9
367812,33.377666,13
367820,0.09699994,11
367824,7.1479993,14
367832,28.358334,5
367872,13.649662,29
367900,3.7596664,19
367904,9.782667,18
367928,28.235666,7
367952,37.379997,20
367956,31.668999,7
367972,22.369331,38
367976,1.6450001,5
367988,-0.78366673,9
368008,25.291666,5
368012,10.439668,9
368036,30.478668,16
368040,27.174667,34
368044,29.206333,9
368048,-0.1936667,9
368080,5.1796665,9
368080,2.6660001,8
368096,6.7646666,14
368100,0.39500004,5
368120,26.005001,5
368128,11.794334,23
368144,33.352,16
368148,25.458332,5
368148,1.1156666,7
368164,24.351665,5
368192,0.7756665,7
368192,6.8336673,11
368200,7.8310003,13
368228,2.0129998,9
368256,4.549,7
368268,24.037668,43
368276,27.445,5
368292,17.434334,23
368296,-2.5943334,7
368308,7.7863326,29
368312,3.568333,5
368332,3.8796663,9
368348,7.863001,9
368380,27.922667,8
368392,9.863002,29
368420,9.9800005,10
368424,15.764336,23
368468,9.107334,12
368472,28.410334,41
368496,1.9690001,7
368500,4.2656665,7
368500,2.3063333,19
368504,41.50933,28
368528,3.3060002,8
368536,29.702667,8
368556,25.691666,5
368576,17.399666,19
368592,29.929667,9
368604,37.933,19
368608,21.879002,27
368652,8.849665,19
368680,6.0073333,22
368688,37.806667,20
368708,25.851665,5
368712,21.719002,27
368732,5.342,6
368740,37.378334,15
368756,6.290333,11
368784,29.327667,13
368816,29.729332,8
368836,3.8449996,5
368844,37.572,26
368844,10.000668,22
368856,26.527,51
368864,2.2123334,7
368864,2.191667,5
368872,-0.5309999,7
368876,2.1616664,5
368884,3.685,5
368928,10.901334,14
368940,17.843002,19
368968,4.509,7
368980,51.552002,26
369000,17.633003,29
369016,33.094,12
369024,5.2469997,11
369032,10.585334,26
369056,3.5513334,14
369076,7.9376674,13
369112,8.221334,24
369116,11.587,21
369120,9.097,11
369144,5.319,7
369148,8.869667,9
369156,5.764999,25
369172,5.6910005,13
369180,-1.7303333,9
369184,3.1696663,9
369192,3.7083335,5
369200,4.128333,5
369212,4.0213337,14
369220,6.7856665,7
369244,34.611668,15
369248,27.815666,7
369276,2.729,7
369276,15.759668,19
369284,8.54,10
369308,6.246,8
369312,3.6729999,9
369320,1.369667,9
369328,-0.06500006,5
369332,0.99833345,5
369348,27.862333,7
369360,19.238998,37
369368,3.6330004,9
369388,0.3316667,5
369396,6.1863337,9
369424,17.141333,24
369432,2.8063335,9
369440,11.551002,23
369468,31.440334,11
369488,27.398333,5
369512,19.793665,31
369516,4.2056665,7
369528,16.574,22
369544,0.33933342,8
369560,5.1936674,11
369564,53.577667,33
369580,2.4216666,5
369604,7.9796667,19
369612,11.282333,17
369632,0.5283332,5
369632,30.475666,17
369652,43.132668,18
369660,-0.181,7
369668,31.099667,9
369680,28.815666,7
369712,42.429,27
369736,36.24633,19
369764,4.967666,13
369768,25.829332,8
369780,11.498333,25
369808,2.5056667,7
369812,30.163666,11
369816,32.261,13
369840,28.682333,7
369852,0.31966662,9
369860,2.9649997,5
369860,32.606,48
369872,26.085,5
369880,26.858334,5
369896,29.522999,9
369924,4.187667,13
369924,27.949,7
369936,20.754,32
369952,7.8659997,18
369984,4.5783334,15
370012,4.0683336,15
370016,43.754333,23
370032,43.04133,24
370052,3.601667,5
370060,33.712997,19
370072,11.088334,15
370072,0.24500003,5
370108,0.96966696,9
370120,9.307335,12
370120,9.308334,15
370180,58.97033,41
370184,7.4863324,19
370208,1.7389996,7
370224,38.342003,26
370232,20.079334,28
370240,9.251334,14
370256,12.294001,12
370328,8.849333,18
370332,41.331,23
370340,16.782331,27
370364,17.201664,35
370396,35.585335,16
370412,3.9139996,12
370416,14.656333,19
370432,37.711998,26
370436,29.04,10
370464,29.087666,13
370468,5.1559997,8
370528,37.699333,28
370536,11.239002,17
370560,12.274668,24
370564,26.112333,7
370592,15.999999,40
370608,7.2070003,11
370624,31.795334,16
370652,1.2223339,7
370672,4.295,5
370688,13.424669,24
370692,3.475,5
370700,8.174334,23
370772,14.049998,20
370772,36.696,18
370804,3.4193335,8
370816,25.110666,32
370816,60.143997,72
370832,7.611667,15
370832,10.019001,7
370836,3.1083333,5
370852,27.485,5
370852,30.079666,9
370880,28.952333,7
370888,7.7443333,13
370916,7.6230006,9
370920,4.6190004,17
370924,2.383,9
370940,22.935665,27
370960,4.740333,11
370992,2.7410004,13
371000,9.556665,20
371016,24.812,6
371028,6.8056655,17
371040,5.6866665,10
371048,3.855,5
371060,-1.2716665,5
371064,24.448338,35
371104,-1.5796666,11
371104,6.7913346,14
371124,2.075,5
371124,12.255669,27
371136,0.096000195,8
371140,13.089668,19
371156,1.9316666,5
371160,3.589667,9
371172,4.082667,8
371204,32.920334,11
371212,15.791332,14
371216,21.847668,23
371216,3.3569996,11
371232,24.931667,5
371232,26.065666,7
371236,0.5549998,5
371260,3.4056668,7
371268,5.0496664,9
371280,3.428333,5
371288,26.244999,5
371304,39.024002,22
371312,8.8429985,19
371324,6.3996654,9
371356,3.7643332,13
371372,37.217335,12
371376,9.661334,24
371400,28.132,6
371412,5.66,10
371420,16.462334,27
371436,2.2753332,6
371448,17.617668,23
371456,1.585,5
371480,6.255,15
371480,1.3786666,6
371504,-1.5513333,6
371512,17.326,28
371532,26.809,7
371540,42.74433,23
371552,24.551666,5
371592,13.95,20
371596,6.2836666,11
371616,38.716335,19
371640,5.0753336,6
371676,6.2196665,9
371680,7.150335,21
371684,19.156998,51
371704,27.538334,5
371724,2.2616668,5
371776,14.668335,25
371780,61.275658,47
371796,16.333,29
371816,15.924332,23
371824,8.183668,11
371876,29.901665,15
371900,35.958668,26
371900,20.017,31
371908,32.663666,21
371932,12.881335,14
371936,2.3363335,9
371952,35.991,13
371992,4.346667,10
372012,1.3949999,5
372040,12.345669,27
372040,0.6856668,7
372076,28.198332,35
372084,32.457,11
372084,6.7203336,11
372124,4.8073335,12
372152,44.063663,61
372172,1.4916663,5
372200,28.262333,7
372216,38.621002,23
372220,32.541336,34
372220,2.5383334,5
372240,0.42166662,5
372256,0.97,10
372276,2.418333,5
372276,4.3063335,9
372304,0.059000015,7
372340,42.108006,64
372360,6.388,14
372368,49.178997,37
372376,1.7630001,9
372388,26.702333,7
372396,1.2090001,7
372396,1.2616667,5
372416,27.471666,5
372448,28.197666,43
372452,-0.477,9
372468,10.316,18
372492,-0.57299995,11
372512,26.191666,5
372544,14.857669,23
372548,30.866333,9
372564,3.7649999,5
372568,27.605,5
372576,11.875666,27
372644,8.436667,20
372644,32.751335,64
372692,3.6306663,12
372720,10.459668,19
372724,25.333002,39
372728,1.3663334,9
372740,2.8683333,5
372768,40.672665,48
372784,29.478333,15
372796,27.869,7
372812,0.86899996,7
372836,32.336666,10
372840,42.836,28
372864,26.345667,7
372864,20.680334,31
372892,9.821001,13
372916,29.121,13
372924,39.89833,15
372948,28.617996,34
372956,-0.06333339,10
372960,2.2996664,9
372976,25.351665,5
372988,7.9533343,10
372988,11.938001,24
373000,-0.64133334,6
373008,30.917334,12
373016,33.609,7
373024,4.069667,9
373052,33.55967,9
373052,28.887667,13
373060,30.494333,13
373080,6.338001,14
373084,3.126,8
373088,0.839,7
373124,12.442667,18
373132,1.2610002,13
373132,29.123665,11
373148,2.6486669,6
373152,4.328333,5
373184,1.8159997,8
373184,8.717667,13
373212,29.828999,7
373228,8.2403345,11
373248,15.95167,25
373264,12.064997,45
373288,40.39633,19
373292,10.395335,16
373292,28.057,11
373328,32.056335,9
373332,5.2400002,10
373332,3.039,17
373352,1.1349999,5
373372,-1.0383334,5
373400,-2.8209999,7
373428,19.895,25
373428,10.761667,35
373464,6.873,9
373484,3.0636663,21
373504,29.174334,43
373512,2.4256666,7
373540,5.743,9
373548,11.910002,30
373560,3.084,12
373564,4.2019997,6
373584,-0.53499985,5
373616,8.284667,14
373620,14.129669,39
373644,10.728001,24
373664,1.6016667,5
373688,10.179001,17
373704,14.40667,30
373772,23.932333,27
373776,38.192665,18
373796,1.3050002,5
373820,48.913662,51
373832,12.738669,36
373840,2.0983334,5
373860,10.523999,22
373872,27.502666,8
373880,4.7506666,12
373892,3.6283333,5
373908,21.709332,28
373912,5.5309997,13
373916,-1.118,6
373928,-2.455,5
373932,26.858334,5
373936,25.431667,5
373960,4.472333,7
373964,35.623665,21
373992,28.529333,8
374016,5.7406654,22
374024,35.108334,15
374040,3.8420002,6
374056,9.045332,16
374080,2.3633332,10
374100,6.720334,11
374116,4.2263336,9
374152,26.053,9
374176,8.966333,19
374176,26.145332,6
374180,46.263653,61
374196,1.1316667,5
374212,6.3829994,9
374224,2.7703335,11
374232,26.451666,5
374256,5.501667,15
374276,9.044334,13
374292,6.7983327,15
374300,25.432,6
374328,-1.7703334,9
374328,36.659332,18
374348,-1.5183334,5
374360,25.756,8
374360,9.591667,15
374384,9.903001,9
374388,90.53034,91
374392,26.515999,8
374416,2.4223332,7
374456,38.718002,24
374464,9.992669,18
374484,28.852333,7
374484,1.8716664,5
374488,10.319334,18
374500,16.473,29
374504,25.498333,5
374516,2.4256666,7
374596,8.297665,23
374608,16.895668,27
374648,32.200336,41
374660,8.858665,36
374684,1.8239999,22
374760,45.848335,25
374772,13.904002,22
374804,6.043667,11
374816,23.903996,42
374836,2.1083333,5
374856,2.6483335,5
374872,57.08866,66
374876,25.028664,26
374896,4.0833335,10
374924,31.271,13
374940,14.938667,16
374944,0.07166648,5
374964,2.7986665,6
374964,23.113333,40
374988,4.7269998,11
375012,31.957333,12
375012,31.550667,12
375024,26.869667,9
375040,4.9856668,7
375072,34.761333,44
375092,36.339,17
375108,14.997999,24
375116,9.706333,19
375132,-0.16000009,10
375136,27.718666,16
375168,29.173,9
375176,0.9683336,15
375204,10.101331,24
375204,0.6029999,9
375204,1.3856666,7
375232,2.249,7
375240,4.4930005,9
375260,42.640335,31
375280,11.193003,19
375292,39.345,15
375296,28.614666,14
375308,2.8323333,7
375328,9.095667,17
375328,5.892667,8
375364,13.426,18
375368,6.5866666,10
375372,8.851999,16
375392,4.501667,5
375412,40.740334,21
375416,4.8573337,12
375436,-3.343,11
375440,2.2320004,6
375448,2.2796664,9
375464,8.581667,25
375500,9.152,16
375500,9.465,15
375508,4.505,15
375516,33.441,13
375520,0.7083335,5
375532,0.87200034,6
375540,25.351665,5
375592,8.648334,15
375600,17.015,25
375624,1.1753335,6
375628,31.093,9
375628,25.345999,28
375652,29.022333,7
375676,1.8686666,6
375704,6.3190002,7
375736,50.88233,27
375744,5.2633333,10
375748,21.64,30
375756,26.744999,5
375780,32.720013,60
375796,6.920667,12
375796,9.034334,13
375800,35.003666,11
375820,5.6366673,10
375824,7.3120003,6
375840,26.538334,5
375852,3.558,14
375856,8.201667,15
375908,41.501,13
375912,20.34067,22
375928,40.55967,19
375932,25.831665,5
375936,14.161333,24
375956,-0.2843331,7
375976,3.3416667,5
375996,3.1216667,5
376028,2.859333,8
376080,47.249,37
376112,15.250337,21
376116,2.8896666,9
376124,37.56567,47
376136,32.13233,57
376140,4.419,7
376152,4.125666,7
376160,6.225333,6
376164,24.605333,6
376180,29.961998,16
376200,1.493,9
376208,0.81066656,12
376224,2.405333,6
376236,33.741333,14
376244,6.013,9
376256,29.495998,8
376256,21.828667,26
376268,2.4193335,8
376272,27.089,7
376288,1.0016665,5
376304,-0.9860004,12
376304,2.3059998,8
376324,4.3216662,5
376332,9.855667,7
376344,7.431333,14
376356,3.632667,8
376368,12.289333,28
376372,31.575666,7
376400,29.169333,8
376408,11.476334,19
376408,9.203,9
376428,27.515667,7
376428,27.158333,5
376440,38.377,21
376464,1.5896666,9
376508,38.838333,25
376520,41.990005,20
376528,10.985334,16
376540,0.74933314,8
376544,21.099667,29
376564,0.048333347,5
376572,4.087,11
376576,4.3396673,9
376584,-0.895,5
376604,14.257002,21
376612,0.27333355,10
376628,9.434334,13
376656,37.51767,13
376664,26.999666,9
376684,2.1123333,7
376700,7.566334,9
376708,33.718002,24
376736,12.441,13
376764,19.085001,45
376768,11.969002,17
376780,6.1503334,11
376812,16.892,26
376816,8.763,9
376824,8.645001,15
376844,14.779667,19
376868,30.348,14
376892,10.823001,19
376908,18.480333,21
376920,27.789,7
376932,41.65067,22
376936,13.435669,17
376960,29.689,7
376968,5.575001,15
376992,4.5360003,8
376992,37.826,18
376996,-0.027666569,7
377012,25.564999,5
377012,1.0716667,5
377024,19.354,22
377032,7.736334,9
377076,12.075334,16
377080,9.4956665,17
377100,7.6053333,6
377112,7.827333,22
377112,3.3633332,20
377116,6.299667,9
377132,-1.8283334,5
377152,4.1029997,9
377172,36.089333,18
377192,5.7999997,10
377204,3.8993332,18
377208,19.208002,24
377216,26.992,6
377248,13.316999,11
377288,0.85000014,10
377308,44.92167,25
377312,14.291333,24
377312,40.754997,35
377324,31.739666,9
377344,2.9129996,9
377344,25.778334,5
377360,8.037333,12
377372,36.945,15
377384,3.9933329,10
377404,26.418333,5
377412,5.0443325,13
377412,41.312332,17
377424,25.958332,5
377440,3.3356662,7
377440,8.622334,17
377448,28.986332,9
377468,-2.8276668,7
377480,35.961334,14
377504,32.248665,16
377520,31.346668,10
377520,11.749334,18
377532,4.105667,7
377540,34.579338,18
377572,12.306667,10
377576,32.858,14
377592,26.098333,5
377612,1.9196668,9
377612,-0.22499996,5
377632,6.1643333,23
377632,-0.66166663,5
377644,27.387003,31
377652,24.351665,5
377664,0.34166646,5
377672,1.1450002,5
377700,1.5223333,7
377716,5.5043335,13
377720,0.43166667,5
377724,44.082664,28
377744,0.58833337,5
377744,38.002666,28
377772,4.195667,7
377804,10.760666,22
377804,13.846999,21
377824,2.6883335,5
377856,9.897001,21
377860,18.939663,29
377884,3.9623337,7
377912,18.102335,27
377936,10.856332,19
377956,-0.11500007,5
377960,15.246337,19
377984,2.7659998,18
378012,12.187666,13
378044,3.202667,8
378068,28.370335,61
378080,2.5629997,9
378120,47.524666,34
378124,14.82067,42
378140,5.5916667,15
378148,5.2920003,6
378188,27.706665,10
378192,12.579333,18
378224,2.403,9
378228,17.54667,40
378228,3.4963331,9
378268,0.7036667,11
378296,27.969,7
378320,36.511,23
378324,15.968002,24
378324,1.4889998,7
378332,63.682663,48
378356,1.2820001,6
378360,31.673,9
378360,9.496667,10
378376,-1.185,5
378380,-0.54499996,5
378384,33.631668,15
378388,1.4290004,7
378396,1.965,5
378432,10.604,12
378440,4.447666,13
378472,8.873001,19
378488,38.285667,27
378492,27.485,5
378496,9.455336,16
378504,34.628666,16
378556,9.344335,13
378592,22.248,24
378604,29.730667,12
378620,12.044,32
378624,49.801334,34
378644,4.322,6
378660,6.0663342,9
378664,0.014999956,5
378708,4.3303328,11
378720,48.789665,29
378728,26.591667,5
378752,28.236662,40
378760,8.491666,25
378796,11.103001,9
378824,17.788002,24
378828,3.562667,8
378840,43.78733,22
378860,0.35500002,5
378876,31.110668,12
378880,17.860003,40
378892,3.1690001,17
378896,8.876334,9
378940,6.813666,11
378944,31.341,13
378984,48.178665,26
379024,14.553668,21
379056,10.332666,28
379080,53.187004,51
379088,12.375335,16
379108,-0.5810001,7
379108,46.68033,31
379124,5.669667,9
379128,-0.67166674,5
379136,2.3756666,7
379140,39.287003,21
379160,6.6096663,9
379172,32.443665,11
379180,2.6916666,5
379204,3.1626663,8
379224,3.4969993,11
379224,-0.7116666,5
379244,11.929002,27
379256,14.466336,29
379280,14.541334,14
379284,7.5216665,15
379308,6.3623333,7
379332,17.763,19
379376,21.864334,33
379400,35.551003,23
379420,2.4416666,5
379428,21.735332,36
379436,4.9249997,15
379468,23.534666,34
379476,4.830667,12
379484,29.400665,12
379504,3.1856666,7
379512,7.050334,11
379544,28.329334,8
379572,4.6793337,38
379612,49.064007,32
379628,10.433666,31
379632,15.4140005,22
379640,0.55566657,7
379672,8.567,11
379676,11.300334,11
379700,2.6956663,7
379704,9.705334,16
379744,2.2936668,11
379752,6.7530007,19
379772,-1.3976667,7
379808,41.91867,26
379816,6.4003325,11
379836,0.35500002,5
379840,2.8293333,8
379864,2.0756664,7
379868,7.2390003,7
379868,40.436333,29
379892,70.25001,80
379920,4.187667,13
379932,15.335669,17
379952,49.270332,21
379952,28.425,5
379964,3.9303331,11
379972,27.198334,5
379996,35.083664,11
380000,1.2090002,7
380012,19.58667,30
380016,2.7916665,5
380056,16.294334,23
380076,27.578333,5
380084,39.117004,21
380088,6.9026666,18
380128,6.9666667,10
380148,2.9983335,5
380148,10.186001,18
380176,27.002333,7
380212,42.050667,32
380220,7.416,18
380232,28.588339,55
380244,5.5026674,8
380260,-0.5243335,7
380284,36.448666,16
380308,23.107664,33
380324,-0.6199999,10
380344,3.016333,9
380372,4.760667,12
380400,10.731334,14
380428,1.3056669,7
380428,16.743998,42
380476,7.987334,12
380484,10.564669,14
380524,30.620667,12
380564,50.21333,80
380608,34.817,11
380616,11.217668,23
380652,63.11667,70
380656,9.787334,12
380688,28.349333,8
380700,27.698002,54
380732,31.347,11
380732,0.8593334,8
380760,31.282333,7
380792,1.6993332,8
380812,27.671665,5
380812,23.343328,40
380848,32.30934,58
380848,20.566334,29
380860,38.104,12
380868,2.9616666,5
380868,27.511665,5
380888,28.589,7
380888,27.098333,5
380920,19.435669,27
380952,8.287,21
380956,29.193,9
380984,2.8923337,7
381036,26.095669,37
381052,10.508335,25
381056,15.424003,42
381080,31.070332,11
381124,7.6636662,11
381124,22.298334,35
381128,5.476,18
381144,25.025,5
381148,1.4653333,6
381192,7.100667,12
381212,53.61667,40
381248,25.075,25
381276,2.3456664,7
381292,8.518333,25
381292,39.153336,20
381296,0.33833337,5
381312,27.458332,5
381324,1.5990005,7
381328,60.653328,50
381336,7.298667,6
381344,27.018333,5
381360,2.9960003,8
381368,8.696333,19
381400,36.134666,14
381412,14.882999,19
381440,3.26,10
381456,8.4470005,11
381460,27.491667,5
381464,39.15867,26
381464,42.748,24
381484,0.37233305,7
381492,6.4523325,7
381496,1.8096669,9
381512,2.055667,7
381528,13.815334,16
381532,1.2450001,5
381540,30.410667,12
381540,10.427,11
381552,-2.705,5
381564,25.463,9
381572,0.20499992,5
381584,0.83833337,5
381588,30.777332,12
381616,6.327,11
381620,2.6263337,9
381624,3.2230003,9
381632,10.651001,23
381640,0.004999995,5
381684,34.321667,15
381688,10.717335,12
381720,18.438665,26
381732,6.3536663,11
381756,12.459333,18
381764,32.583668,11
381780,23.53567,37
381784,2.9156666,7
381784,25.518333,5
381800,33.332333,17
381812,27.555666,7
381824,4.9599996,10
381840,3.9689999,7
381848,6.6306667,12
381872,1.7193332,8
381892,17.616003,28
381900,30.569,7
381920,37.582664,18
381940,1.4883333,5
381952,3.5743332,13
381964,6.799333,18
381968,0.7823336,7
381972,22.492329,37
381992,0.7119999,6
382004,7.7709994,13
382012,-0.3116665,5
382012,32.39,10
382012,6.1773334,12
382036,25.945333,6
382056,25.938334,5
382064,31.428333,15
382080,11.569001,17
382100,4.329667,9
382104,7.1206656,12
382108,28.282333,7
382112,14.605002,25
382132,1.9760003,8
382168,12.865002,15
382172,17.079,17
382176,35.585335,16
382204,14.312668,18
382212,1.3996668,9
382216,4.217334,12
382248,17.393002,19
382248,3.6526668,8
382284,4.963001,9
382288,0.6866667,10
382288,13.253001,19
382308,2.1949997,5
382332,8.260332,11
382340,4.3659997,8
382376,31.277,11
382384,31.748333,45
382404,12.566668,30
382424,4.383333,10
382428,36.807667,13
382440,11.931667,25
382444,0.07166672,5
382448,30.360332,11
382448,25.338333,5
382476,25.542332,7
382508,6.1686664,16
382548,11.955999,18
382572,15.590336,31
382576,11.645666,17
382604,5.462333,7
382604,2.899334,8
382632,35.577003,21
382640,38.52667,50
382664,11.898333,15
382676,13.842669,18
382692,7.327666,13
382712,-0.26699996,9
382732,3.2683337,5
382740,39.266335,19
382760,26.005,5
382776,1.9169999,11
382780,0.9983332,5
382804,37.519333,28
382812,1.9896669,9
382824,28.696,48
382856,4.094333,13
382860,4.799667,9
382876,10.254665,24
382892,4.9196663,9
382900,1.8186667,6
382916,32.044666,14
382932,33.486668,10
382944,0.47899985,7
382948,6.680666,12
382984,3.4696665,9
383032,21.54067,22
383048,44.78633,29
383068,27.904999,5
383092,37.818336,15
383116,2.6253328,6
383124,37.53933,78
383136,7.372333,17
383144,6.149,7
383156,10.800999,43
383168,2.9926667,8
383172,5.649,7
383184,27.022333,7
383188,2.408666,16
383192,4.5283337,5
383204,27.311666,5
383224,1.7396667,9
383244,40.799667,19
383256,13.44867,16
383272,2.1023335,7
383272,3.4573338,12
383288,5.106,8
383340,43.681335,34
383360,16.112667,18
383384,5.8786664,6
383396,3.4346666,14
383424,33.016003,38
383436,2.0110002,13
383452,6.134666,14
383456,5.2193336,8
383472,28.396662,50
383504,11.691001,13
383520,11.595333,16
383536,13.452002,16
383540,0.78499997,5
383560,-0.348,6
383564,37.698334,15
383588,5.8056664,7
383604,23.084,42
383616,7.231,13
383616,-0.26099992,7
383640,22.951668,25
383672,30.921333,14
383688,48.73033,21
383700,5.302334,7
383728,18.912666,28
383728,10.2506695,22
383752,4.3309994,13
383764,41.293,19
383780,3.5123334,7
383784,35.361336,14
383784,25.858334,5
383804,26.951668,5
383816,27.506332,9
383836,4.151667,5
383860,46.767666,33
383864,7.403333,20
383880,26.498333,5
383900,29.619667,9
383904,-2.2113333,6
383920,2.7883334,5
383924,2.635,5
383940,29.205,5
383964,3.16,10
384008,8.922333,17
384020,27.725334,46
384020,8.384666,14
384028,-2.7916665,5
384064,49.805,65
384108,11.530669,22
384112,13.917001,21
384112,3.4076676,23
384156,34.030334,11
384160,22.451332,24
384204,30.657333,12
384212,35.814335,13
384244,-0.6973332,8
384252,13.785334,36
384280,25.913998,42
384312,48.369,27
384312,14.879001,17
384316,7.412,16
384380,45.311665,25
384404,13.654333,23
384416,3.7329998,9
384420,44.765335,26
384448,26.933666,11
384460,3.3236666,11
384468,0.63833344,5
384488,23.241327,44
384560,47.405,35
384600,28.175,35
384600,16.079334,28
384604,3.906999,11
384620,2.335,5
384640,4.0729995,9
384648,4.114,12
384660,25.552664,48
384688,31.426666,10
384708,2.234,12
384732,5.623667,11
384748,10.403999,32
384768,2.4463332,9
384788,24.808994,37
384788,-0.8016666,5
384800,4.3710003,13
384808,27.278334,5
384820,47.739334,28
384840,1.6516666,5
384852,31.610332,11
384896,29.541332,14
384936,55.369003,37
384944,9.190668,12
384972,29.269001,7
384976,15.917002,31
384984,5.767333,12
384996,4.4683337,5
385024,2.8599997,10
385028,21.002333,57
385048,33.366333,19
385052,9.454668,14
385056,27.269333,8
385060,27.669334,8
385072,26.491667,5
385092,31.437,11
385108,31.887333,12
385116,6.8183327,15
385172,8.786665,20
385172,10.004667,14
385180,10.019001,27
385184,30.153,19
385224,5.3076673,13
385228,8.464665,14
385244,28.238333,5
385252,1.3286664,6
385264,13.560335,21
385264,0.16166663,5
385280,13.687998,24
385284,4.7883334,5
385328,36.316338,19
385332,9.309,17
385332,9.240666,12
385356,28.549,7
385372,8.33,10
385380,9.960668,12
385400,4.2183332,5
385408,16.380665,32
385448,8.003335,10
385460,41.74533,26
385496,6.110666,12
385516,1.1983333,5
385524,43.850334,31
385528,15.999001,17
385544,49.364334,43
385552,25.192,6
385552,31.799667,9
385580,0.24566674,7
385592,31.977333,12
385600,31.543,19
385600,1.585,5
385620,1.8983333,5
385632,17.150003,20
385632,5.0726666,8
385652,1.2616665,5
385664,37.046,18
385664,5.2503333,11
385672,-1.685,5
385688,-0.2013334,6
385708,-0.30833328,5
385720,4.440666,12
385736,15.851999,26
385760,25.745333,6
385780,12.346003,18
385788,19.780333,31
385816,6.788,14
385824,9.428668,26
385836,26.758333,5
385844,13.548001,14
385852,-1.0476663,7
385864,2.3250005,5
385880,26.162333,7
385908,-0.9010001,7
385916,13.246666,20
385916,10.451,13
385936,28.045,5
385948,6.779332,8
385984,68.67365,51
385988,17.670002,20
385988,7.0299997,10
386004,34.389,17
386016,28.696,8
386020,6.0960007,8
386024,2.3863335,9
386068,8.354335,13
386084,35.072,16
386152,35.462334,17
386152,15.456999,21
386180,2.0489998,7
386196,34.960995,43
386204,2.2276664,13
386248,32.00567,17
386260,4.9913335,14
386264,27.611671,65
386284,-2.2716668,5
386304,0.63166666,5
386308,27.924,12
386324,0.44499993,5
386328,39.464333,33
386352,27.802334,7
386352,52.258667,26
386372,0.245,5
386372,1.4316669,5
386400,4.3556666,7
386444,12.886,18
386476,11.986334,19
386488,30.123667,11
386496,27.531666,5
386516,0.80500007,5
386540,30.700996,53
386544,0.549,7
386620,15.709668,19
386620,16.273333,20
386644,26.945333,6
386664,30.014668,44
386700,2.771333,14
386708,32.223667,11
386728,73.04498,105
386748,2.8483334,5
386752,32.681,33
386760,7.0343328,13
386812,5.428666,16
386868,23.107334,42
386884,39.273666,31
386904,1.5016667,5
386908,41.021336,24
386948,4.8670006,11
386976,14.799003,27
386984,4.4396663,9
386992,5.0969996,21
387012,1.4396665,9
387020,-0.4643333,7
387028,30.420334,11
387032,27.391666,5
387048,0.44233346,7
387084,3.0563335,9
387092,11.565334,16
387104,90.24267,88
387112,3.8856666,7
387128,20.754667,24
387148,0.5816667,5
387156,30.007668,13
387176,1.4516667,5
387204,0.9823333,7
387232,38.930336,21
387240,27.019667,9
387248,15.274664,34
387256,13.4503355,41
387264,2.3226666,8
387268,1.8816667,5
387284,-0.45499992,5
387284,5.983667,11
387284,29.429,7
387292,3.1286666,6
387304,0.255,5
387368,32.849667,19
387412,18.724003,32
387428,23.417002,31
387432,3.7549996,5
387448,27.671665,5
387460,53.581337,44
387476,30.280334,11
387476,5.952334,7
387532,4.5913334,14
387552,1.3283331,5
387568,13.687666,23
387572,36.755997,28
387580,65.86099,53
387588,1.6016667,5
387592,3.6083336,5
387608,1.5983331,5
387636,40.28367,21
387664,2.285667,7
387668,43.657333,22
387672,5.7599993,20
387684,3.0683334,5
387696,17.194,22
387700,-0.561,7
387716,32.890667,12
387744,11.127334,12
387752,3.4129999,9
387752,6.027666,13
387792,7.233333,10
387796,31.647667,13
387796,7.397,11
387840,1.9440001,12
387844,24.67667,40
387884,32.517334,22
387932,21.327997,34
387940,15.854666,24
387952,1.7649996,5
387968,1.5623335,7
387996,21.379335,28
388016,30.797997,44
388020,8.407666,13
388048,4.284333,13
388068,-0.5550002,5
388072,9.924334,13
388092,49.884995,35
388100,0.11566675,7
388120,0.57833314,5
388128,6.524999,15
388128,35.579666,9
388140,2.0683334,5
388148,2.7583332,5
388152,17.248001,34
388172,4.935,5
388192,3.7276666,13
388196,5.712334,17
388212,30.788666,16
388212,26.491667,5
388244,7.9426665,8
388244,6.106001,8
388280,4.0863333,9
388368,12.29367,31
388392,-0.34466672,6
388396,41.108658,56
388416,26.278667,6
388432,28.026333,9
388464,15.318665,46
388472,33.443333,10
388476,35.331665,15
388492,0.5150001,5
388496,3.045,5
388516,29.784332,13
388528,4.0296664,9
388548,87.87933,88
388564,7.0963335,9
388568,11.949335,18
388584,26.911667,5
388616,43.958336,25
388628,31.428333,15
388628,7.063667,11
388648,0.6516667,5
388660,15.062668,28
388680,4.0283327,5
388736,12.304668,14
388752,17.172,26
388776,14.409,37
388828,-0.55566657,13
388828,27.514326,53
388852,1.4986669,6
388868,44.577667,33
388872,10.960334,11
388880,30.220663,32
388912,7.1016665,15
388924,2.7146668,14
388928,34.068,14
388944,38.165337,16
388968,0.35700035,11
388968,28.193333,10
388980,5.4463334,9
388996,4.2323337,7
389024,2.269,7
389044,6.8719997,16
389056,16.994,22
389068,10.110334,11
389092,6.489667,9
389104,30.615002,15
389124,1.5316669,5
389172,9.0999975,20
389184,11.343002,29
389184,8.125,15
389208,91.52133,74
389212,0.005666733,7
389216,8.743669,11
389236,-1.2883334,5
389240,3.515667,7
389260,4.675,5
389276,15.225667,17
389280,15.781334,24
389308,5.7626667,8
389320,13.641666,15
389360,6.034333,13
389384,6.702,16
389420,30.595335,46
389436,21.999662,39
389440,7.616666,20
389440,-0.29166698,5
389460,5.4616666,5
389464,-0.661,7
389484,26.545,5
389540,33.426666,20
389560,1.1350001,5
389584,39.345,25
389608,24.700668,42
389636,4.952333,7
389648,8.815333,16
389656,25.698334,5
389664,45.862,26
389676,4.5523334,7
389684,2.5983334,5
389688,-0.85733336,8
389704,1.2623334,7
389704,52.61001,80
389704,26.771667,5
389724,0.82166666,5
389724,-0.28499985,5
389732,2.4203334,11
389744,-0.7650001,5
389744,0.63166666,5
389752,27.158333,5
389764,-1.4649999,5
389772,6.872334,7
389772,24.851665,5
389788,43.797,21
389816,6.4009995,13
389836,32.918667,16
389844,9.044668,14
389848,4.526,8
389860,35.500668,22
389864,30.949001,7
389888,31.773335,10
389908,9.987333,12
389924,3.0096667,9
389936,48.034332,23
389960,4.882,6
389980,5.331333,14
389988,18.54033,31
389992,5.319333,8
389996,10.144001,22
390048,30.124334,13
390072,10.201002,23
390096,5.8673334,12
390152,48.15,40
390164,35.378,44
390180,13.543668,21
390180,3.7056665,7
390192,5.472334,7
390224,7.750333,11
390264,26.119333,48
390280,3.1446667,14
390284,26.851665,5
390288,10.4990015,27
390308,5.035667,7
390320,-0.97033334,9
390332,7.800333,11
390336,3.6523335,7
390340,5.3183336,5
390368,26.429,7
390376,1.8036667,11
390388,26.865,5
390436,11.485001,25
390476,1.7166666,10
390484,4.298999,27
390500,25.012,6
390512,20.893667,31
390532,-1.4316666,5
390544,10.553667,11
390564,5.8183336,5
390568,16.870335,21
390588,3.5346665,14
390608,26.858334,5
390628,3.1883333,5
390656,14.944,22
390712,10.827001,21
390748,3.9529998,9
390752,28.025667,47
390752,45.197998,24
390780,-0.19099998,7
390792,166.63663,150
390808,1.1356666,7
390824,0.7959999,8
390832,19.126665,20
390884,4.8809996,13
390932,18.495668,27
390944,40.18467,34
390952,27.285,5
390968,39.060333,21
390972,4.622333,7
390980,66.34933,58
390996,8.433668,11
391032,13.941999,16
391036,6.6353335,16
391064,37.063667,21
391096,7.1453333,16
391104,4.8166666,10
391112,44.399666,29
391124,41.307335,22
391140,4.1769996,11
391148,1.7330002,9
391168,0.4716667,5
391188,26.218334,5
391204,10.108667,16
391208,22.208666,26
391236,29.062332,7
391244,17.383335,30
391256,3.8316667,5
391276,2.5916667,5
391276,9.639335,18
391280,2.6363335,9
391300,4.8686666,6
391332,34.89467,14
391344,2.2903335,11
391356,17.129667,19
391384,1.7133335,10
391400,28.193666,11
391404,0.8816669,5
391408,11.189669,19
391456,35.26233,67
391484,7.552334,7
391492,35.787334,22
391496,39.758003,24
391524,44.576332,29
391540,31.528,14
391548,31.287998,14
391552,2.4789999,7
391568,4.709,7
391600,29.710667,12
391604,21.135668,27
391632,3.7190003,7
391704,37.885334,26
391708,17.616669,40
391728,7.084667,24
391732,5.1669993,41
391756,2.0240002,12
391776,8.899334,18
391792,8.193001,9
391800,6.5656676,17
391840,37.812,16
391884,49.18633,39
391884,41.976997,21
391888,21.791332,24
391932,8.160667,12
391944,4.1613336,14
391944,34.225002,15
391964,3.6449995,5
391964,0.028333187,5
391972,-0.52,10
391988,28.152,6
391992,5.262334,7
392008,3.489667,9
392012,1.342,6
392028,-0.23166668,5
392032,25.904999,5
392048,3.1416664,5
392052,33.328335,15
392072,-1.7583332,5
392092,-1.3316666,5
392092,33.403667,11
392096,11.838669,16
392116,46.58634,69
392128,4.8463326,9
392144,1.1489999,7
392160,5.405333,16
392164,11.07267,18
392172,10.2836685,11
392192,-1.265,5
392228,10.485667,17
392244,10.953334,20
392248,11.724667,14
392260,32.866337,29
392272,-1.0576665,7
392280,-1.6450001,5
392292,7.7220006,16
392328,35.98133,14
392384,-1.8686666,14
392392,18.871668,25
392404,54.436996,31
392428,3.976333,9
392432,28.808664,46
392436,11.647667,13
392456,11.597668,13
392456,5.6723337,7
392476,0.83833337,5
392476,0.83833337,5
392496,0.9483334,5
392512,5.349667,9
392516,-0.051666737,5
392528,47.427998,24
392540,4.939,7
392544,3.3723333,7
392564,0.595,5
392568,3.1889997,7
392584,26.585,5
392624,7.398,14
392624,16.441332,24
392648,36.222,16
392660,41.44867,56
392732,0.6360003,18
392756,19.497665,33
392760,4.762333,7
392772,32.979,37
392776,25.364002,32
392788,3.0390003,7
392800,9.730335,11
392808,-1.5683333,5
392832,8.641334,14
392864,29.355999,8
392888,22.376331,29
392912,11.842001,26
392916,6.6609993,13
392936,55.208,34
392988,11.479668,19
393000,34.345333,16
393016,5.6123333,7
393024,43.469,27
393040,3.5500002,10
393056,23.160666,42
393072,32.003998,12
393076,0.2650001,5
393080,29.206665,10
393104,-0.60099995,7
393140,5.7163334,9
393144,42.03067,32
393164,1.485,5
393180,13.072331,27
393184,1.9616667,5
393200,14.560001,30
393204,0.27166653,5
393224,2.2850003,5
393224,42.460335,21
393264,11.235336,16
393268,2.9303336,11
393284,35.705,15
393304,2.1433334,10
393320,1.963,9
393380,25.372667,28
393400,6.4513326,24
393408,43.58567,57
393408,27.562332,7
393468,36.728333,15
393496,11.657996,44
393504,-0.1836667,9
393528,11.683999,32
393548,1.0250002,5
393572,26.227001,41
393576,3.8656666,7
393580,43.997,21
393612,22.359003,27
393620,5.3566666,10
393640,11.702333,17
393648,15.859336,18
393656,4.413667,11
393732,12.743001,19
393736,40.009666,29
393760,28.252333,7
393780,43.027664,33
393780,17.294998,35
393800,3.775,5
393820,34.577003,21
393840,31.693333,10
393860,18.785,25
393892,5.526,18
393920,5.923332,20
393956,-1.137,9
393956,30.484669,44
393960,8.781666,25
393992,2.916,8
393996,5.8033333,10
394000,31.356998,11
394012,26.031666,5
394100,9.944,22
394100,16.372004,26
394112,25.73267,28
394132,6.0793324,8
394140,32.1,10
394156,49.22866,66
394180,5.1840005,12
394200,24.271667,5
394216,10.755333,26
394228,29.089,7
394248,0.54166675,5
394256,24.162996,29
394280,35.758667,16
394320,26.277,41
394332,9.536333,19
394332,3.8236668,21
394340,0.61833334,5
394352,26.231667,5
394360,3.9623334,7
394376,-0.148,6
394384,6.2869997,11
394396,3.993,9
394404,3.412333,7
394420,10.216334,9
394424,0.6483332,5
394440,29.96,40
394460,-2.6336665,9
394476,5.4300003,20
394476,31.986332,9
394528,36.121002,13
394540,55.58667,30
394548,0.6716666,5
394596,11.393333,30
394600,33.07833,15
394624,28.915667,7
394640,4.6099997,10
394696,47.76567,37
394708,10.235668,17
394708,13.777002,21
394744,29.870333,71
394744,3.8630004,9
394744,2.379667,9
394748,32.697666,13
394768,3.155333,6
394804,12.535002,15
394804,34.551334,14
394816,8.574,12
394844,7.316667,10
394848,40.858665,26
394860,26.323666,11
394908,15.172004,26
394912,9.817667,13
394940,-0.6276667,7
394960,29.971,13
395004,52.823334,40
395008,3.9006667,12
395032,27.882334,7
395036,36.908997,47
395036,26.415667,7
395056,0.97833335,5
395060,45.016666,30
395080,4.253667,11
395112,38.607666,13
395116,29.153,9
395128,10.071332,24
395156,6.7556663,7
395168,-0.8356669,13
395192,16.103333,20
395216,-0.05833316,15
395228,29.686333,9
395252,28.772999,9
395272,10.685335,26
395288,30.151665,15
395316,1.0123334,7
395320,10.189001,17
395332,35.798332,15
395348,2.1023335,7
395360,3.0156665,7
395368,3.198333,5
395380,2.5716667,5
395380,82.15365,81
395380,31.832,16
395416,-1.9436667,9
395416,1.8963329,9
395432,8.432,16
395436,0.8950001,5
395444,0.39233336,7
395480,14.975,25
395480,6.9903336,11
395504,13.729336,18
395520,29.203335,10
395524,11.1,20
395528,2.1653333,6
395572,6.531,13
395664,27.071665,35
395672,48.186005,48
395684,25.898333,5
395700,55.69767,43
395712,26.04,10
395732,3.2006664,12
395756,26.128664,46
395796,15.470336,21
395796,12.592001,16
395800,11.958334,25
395820,1.4953333,6
395836,5.129667,9
395840,11.513666,21
395856,-0.8383335,5
395880,4.968333,15
395880,4.993333,10
395908,2.182333,7
395916,5.9150004,15
395916,39.779995,30
395944,29.842333,7
395956,30.664001,12
395964,12.706999,21
395984,3.902333,7
396012,13.254668,24
396024,10.086666,20
396032,11.637333,12
396044,-0.68166673,5
396076,27.136,8
396076,19.709333,28
396096,28.525,5
396124,15.986001,28
396144,38.609,17
396160,23.604002,32
396172,7.6629996,19
396184,0.362,6
396192,11.902334,17
396212,-0.5783334,5
396212,27.269001,7
396232,25.404999,5
396232,7.531666,15
396240,42.22133,24
396244,7.086001,8
396260,3.5723336,7
396264,26.318333,5
396284,27.498667,6
396300,3.7496667,9
396328,17.37067,22
396352,19.886667,30
396352,4.8256664,17
396380,8.874334,13
396388,27.799667,9
396432,5.5809994,13
396440,25.485006,35
396444,9.564667,14
396452,17.09167,25
396460,1.9216666,5
396472,26.906666,10
396480,27.064999,5
396496,29.957,11
396512,4.0559998,8
396556,8.997003,21
396576,36.033333,20
396584,9.999334,18
396596,28.085,5
396620,41.561333,44
396640,4.5670004,11
396644,15.575001,15
396656,7.103,9
396668,14.266002,28
396676,2.2083333,5
396688,32.054,12
396716,32.534,12
396720,33.712997,19
396740,-1.7183334,5
396752,28.876333,9
396760,11.859333,18
396800,15.928335,15
396804,10.227668,13
396832,31.60633,39
396840,5.656333,9
396860,0.8983333,5
396860,14.558335,25
396868,31.466331,9
396900,11.179999,10
396912,34.961,13
396912,23.679333,28
396940,29.355667,7
396944,8.727,11
396952,6.5670004,21
396956,4.103667,11
396960,-2.135,5
396972,27.785,5
396988,29.513668,11
397020,2.068333,15
397044,5.3379993,14
397048,28.189,7
397072,5.312,6
397080,45.997,31
397100,0.6783335,5
397116,29.423666,11
397128,10.460335,21
397136,5.1349998,5
397156,-0.78166676,5
397176,18.063663,51
397200,2.840333,11
397232,19.241001,33
397272,35.402668,18
397276,6.4670005,11
397292,7.383002,29
397296,1.0716667,5
397304,5.9626665,8
397332,0.102999926,9
397344,3.2243333,13
397352,0.73499984,5
397352,18.608665,56
397372,0.64900005,7
397380,27.449,7
397404,26.112,6
397412,16.582333,27
397424,6.211,13
397432,25.898333,5
397460,12.629003,27
397480,5.126333,19
397492,37.89833,15
397500,6.1663346,19
397508,32.910667,12
397524,6.3236656,11
397528,29.053,9
397544,26.696333,9
397568,33.55033,11
397576,3.212667,8
397592,10.101999,16
397596,7.079,7
397628,11.079666,9
397656,40.256668,20
397664,29.912998,9
397668,12.656002,18
397684,2.2423332,7
397688,0.125,5
397704,0.62833333,5
397712,0.29866672,6
397740,1.5689999,7
397748,6.427,21
397756,6.764333,13
397760,6.0083337,5
397812,3.0076666,13
397836,27.418667,6
397868,102.477325,92
397884,23.804672,34
397884,28.090668,12
397904,0.75833344,5
397908,33.472664,38
397912,5.737,11
397928,28.078333,5
397968,3.0666666,10
397992,15.20667,20
398032,49.184002,32
398056,3.6519997,6
398096,19.964,32
398124,25.671003,33
398148,7.424333,13
398152,62.015663,67
398156,16.368336,25
398200,7.9343333,13
398208,10.334667,14
398212,4.2713327,14
398260,15.971333,34
398280,25.298332,5
398292,4.8036666,21
398336,32.037,11
398340,29.131664,35
398360,25.078333,5
398368,39.147335,22
398400,8.195333,16
398416,36.443665,51
398416,6.077333,12
398436,-2.3083332,5
398440,11.680002,20
398440,3.6299999,10
398480,32.95333,10
398512,4.689333,8
398528,15.967335,22
398532,0.3016665,5
398560,8.212667,8
398568,29.709667,9
398612,4.534333,13
398616,27.734999,45
398636,3.132,6
398656,32.469997,60
398660,2.422,6
398688,2.3693333,8
398696,30.907335,32
398700,15.213667,21
398732,7.445999,18
398764,7.329,17
398792,20.647667,23
398796,15.025668,27
398800,1.5030003,9
398816,31.460335,21
398840,0.44000006,10
398872,43.48967,19
398876,4.6063337,9
398896,27.511667,5
398912,24.14,30
398916,32.890335,11
398936,1.5486667,6
398956,25.878334,5
398968,5.801,13
398976,9.336668,20
398988,3.3650005,5
398996,26.465,45
398996,7.9233336,10
399016,7.963334,10
399032,8.8063345,9
399040,2.6870003,11
399044,30.595667,7
399044,1.6580001,14
399056,3.6753335,6
399076,26.005001,5
399096,29.607666,13
399116,7.056667,10
399140,32.543667,11
399148,16.691998,26
399152,28.699665,9
399160,27.011665,5
399180,4.205667,7
399188,2.6366668,10
399208,1.7116666,5
399216,32.288002,14
399244,1.5589998,7
399252,33.950996,53
399264,6.881333,14
399276,7.6480002,24
399312,37.251667,15
399332,11.564667,14
399332,42.997334,22
399340,11.963001,19
399356,36.73033,11
399376,7.0903335,11
399388,37.028,14
399404,11.687335,12
399428,6.5476665,13
399432,3.7056668,7
399432,-0.41299987,11
399468,24.830667,32
399476,7.6136675,11
399492,3.3653333,6
399496,26.978333,5
399500,5.928999,17
399516,3.3783333,5
399532,0.45266658,8
399544,6.240999,13
399548,2.9926662,8
399560,23.291004,33
399588,8.534668,14
399596,8.461,13
399604,8.433667,11
399644,30.490665,12
399672,1.6423334,7
399684,7.1266675,20
399712,-1.4643333,7
399712,26.950336,31
399728,57.108337,45
399736,26.132,6
399736,25.578667,6
399756,7.775667,7
399788,46.869663,29
399800,30.333668,11
399824,1.8753333,6
399832,11.074666,24
399868,40.054337,33
399876,17.477331,22
399884,5.348333,15
399928,11.657666,13
399928,12.068335,15
399928,4.2803335,11
399972,30.137001,11
399976,33.664,12
399976,16.075333,36
399976,8.187334,12
399996,4.2483335,5
400004,6.6756663,7
400008,30.779667,9
400016,32.513332,10
400024,0.58833337,5
400024,27.529,7
400036,29.065,5
400044,24.825,5
400076,1.7226663,8
400092,18.059002,17
400100,3.028667,6
400120,30.062332,7
400124,37.43067,22
400144,25.804668,34
400168,8.327001,11
400172,0.81900024,7
400172,0.1626668,18
400192,-0.10833335,5
400220,4.471,13
400240,33.414,12
400268,1.0956666,7
400272,7.710999,13
400296,-1.1943333,7
400304,4.499333,8
400332,9.056334,9
400332,1.1123333,7
400384,7.181,13
400448,35.24633,69
400468,11.803667,21
400472,16.598335,35
400512,14.7820015,16
400556,30.623667,11
400568,42.21467,24
400592,21.253668,31
400604,4.499666,9
400612,24.285,5
400624,0.24833345,5
400632,0.19166672,5
400632,13.693003,19
400652,5.325667,7
400660,3.162333,7
400712,36.923336,20
400740,38.464005,22
400776,-0.32366657,9
400776,5.2086678,16
400796,23.351332,34
400804,115.31032,171
400876,5.322667,18
400892,19.519667,29
400892,18.261337,24
400904,7.412333,7
400908,45.604332,33
400924,4.229333,8
400932,-0.15766644,7
400936,29.542334,7
400956,10.181997,16
400972,30.186666,10
401004,7.079334,8
401024,2.995,5
401060,14.147002,31
401092,2.7926664,8
401104,28.319004,37
401120,12.111336,24
401128,2.373,9
401132,59.620667,52
401160,28.342333,7
401180,7.6683335,15
401252,37.693665,31
401280,2.4023333,7
401280,24.956667,30
401284,15.311999,26
401312,28.549,7
401316,7.5629997,9
401344,0.81200004,16
401368,7.391334,14
401368,30.522,66
401372,28.909,7
401420,9.691,13
401420,19.422003,26
401424,10.050999,13
401444,34.703003,19
401444,29.272,6
401468,4.327,11
401476,27.229332,8
401476,30.082666,8
401512,5.0129995,9
401528,33.760998,13
401556,3.4236667,11
401576,-2.455,5
401600,16.735003,45
401620,0.10833332,5
401628,18.066668,40
401632,7.1753335,26
401632,36.854668,14
401652,1.3716667,5
401672,2.9336665,11
401672,0.195,5
401684,37.90867,16
401692,4.0750003,5
401708,16.022999,19
401720,32.426334,9
401728,0.495,5
401756,7.2453327,16
401780,14.025669,27
401824,2.8236663,11
401832,39.702667,28
401844,9.987333,22
401860,6.603,9
401884,10.647668,13
401900,5.0513334,14
401904,4.007,11
401912,5.8589997,7
401916,25.552334,47
401972,6.1956663,17
401980,15.120002,20
401992,34.18667,20
402012,9.696,8
402020,29.209,7
402044,14.817333,32
402060,14.620669,22
402076,5.4926662,8
402096,36.926334,19
402116,3.7216666,5
402132,7.7413335,14
402172,33.430004,40
402172,4.5013323,14
402184,21.093668,31
402204,37.719334,18
402228,4.007,11
402248,1.2050002,5
402284,4.276333,9
402288,7.953667,21
402308,6.555,5
402312,50.42167,35
402320,28.026333,9
402344,30.186333,9
402348,29.546333,9
402368,26.451668,5
402376,69.74699,51
402380,2.8196666,9
402384,13.861999,16
402412,33.44367,11
402440,1.2323334,7
402440,13.828335,15
402440,14.018001,14
402452,5.762999,19
402460,0.9183334,5
402476,3.6396668,9
402480,28.079,7
402484,28.663666,11
402508,4.1489997,7
402532,26.965334,6
402540,5.9419994,16
402592,8.981667,15
402600,9.894999,35
402648,3.7856665,27
402692,19.671667,25
402696,10.504667,24
402720,1.2623335,7
402736,14.757336,22
402740,31.264662,64
402756,28.678333,5
402760,3.695,5
402776,6.0416665,5
402804,3.105666,7
402820,49.017,31
402828,51.782333,27
402872,11.755667,17
402888,51.503998,32
402900,5.2326674,18
402940,7.717666,13
402960,-0.10500026,5
402972,38.518333,25
402996,41.884666,24
403008,2.4539995,12
403052,7.0236673,11
403056,10.078333,15
403088,3.8426661,8
403104,4.6843333,13
403116,68.101326,74
403124,20.442667,38
403124,4.9083333,5
403132,5.797,11
403136,24.865,5
403160,0.83966684,9
403160,25.231998,6
403172,9.047334,12
403192,26.425,5
403204,1.2103333,11
403248,54.032997,29
403252,16.257666,23
403268,42.203003,19
403300,3.916,8
403312,8.742002,16
403320,4.588333,5
403324,11.019333,18
403352,42.499,37
403388,0.5730001,9
403388,35.555668,17
403420,5.359333,8
403440,1.0116665,5
403476,31.133,9
403480,24.214,42
403504,30.782333,7
403516,44.645996,48
403516,6.2096667,9
403524,23.251333,34
403536,4.661667,5
403548,5.832667,8
403572,12.762335,17
403576,1.724333,13
403596,30.490665,12
403616,6.7200003,10
403644,28.495667,7
403660,3.2519996,16
403672,20.545002,25
403696,19.840002,40
403700,0.112333536,7
403704,5.1970005,11
403720,3.575333,6
403724,-0.28166676,5
403736,3.2496667,9
403744,4.8416667,5
403764,4.7923336,7
403764,32.703667,11
403792,2.8523333,7
403812,1.4449999,5
403812,34.74733,42
403832,0.13499999,5
403852,-1.0783331,5
403868,36.548668,26
403936,48.293667,31
403960,10.681002,23
404020,5.911667,15
404036,21.855331,46
404040,26.095333,26
404060,54.98299,79
404060,4.4353337,6
404084,27.805332,6
404088,3.377334,12
404092,39.469334,18
404120,2.1296666,9
404124,6.079666,9
404144,26.404999,5
404188,43.561333,24
404196,46.871334,34
404200,6.313333,20
404228,13.763669,21
404252,34.437668,13
404256,4.645666,17
404272,16.366333,19
404272,5.5936666,11
404300,4.0156665,7
404312,34.998,14
404324,16.772669,18
404348,2.553,9
404352,1.729,7
404404,31.667667,13
404412,12.869337,28
404420,14.336,18
404424,0.78166664,5
404436,32.190327,41
404456,0.1116668,5
404468,8.560669,12
404476,27.058334,5
404480,2.7656662,17
404480,11.151333,14
404528,12.260667,12
404536,12.692335,17
404580,28.450333,11
404592,12.119333,28
404596,46.65,30
404632,25.927666,13
404636,3.0170002,11
404652,3.6083333,5
404668,33.975998,18
404680,7.9636674,11
404692,35.45367,41
404716,4.5686665,16
404720,7.5976667,13
404736,0.18499994,5
404736,6.007,11
404756,-0.38833332,5
404764,28.063667,11
404764,37.840332,21
404780,8.363667,11
404788,25.185333,6
404800,4.2696667,9
404808,1.0623333,7
404840,9.027667,13
404868,35.858334,15
404876,28.443,9
404904,29.836334,9
404940,3.603,9
404972,42.011333,24
404980,42.92533,56
404988,34.185673,47
405000,27.429,7
405000,2.358333,5
405016,27.515667,7
405020,26.665,5
405028,29.335667,7
405040,25.078333,5
405060,7.4293327,8
405080,2.151667,5
405108,10.499001,17
405136,9.963331,30
405144,14.735334,16
405148,23.570665,52
405180,2.296334,9
405188,4.026667,10
405232,34.557667,13
405276,51.667328,42
405292,4.235,15
405312,22.767,31
405320,29.325329,46
405348,3.4129996,9
405348,2.0423334,7
405376,3.1090004,7
405388,5.17,10
405400,19.295664,27
405420,5.647001,11
405428,0.53233325,7
405440,9.191,13
405464,5.9096675,9
405472,35.47767,13
405484,5.340333,11
405504,2.3626666,8
405512,11.210668,12
405520,30.579666,9
405532,26.665,5
405548,6.397,11
405580,6.164999,15
405580,-0.9973333,8
405608,2.589,7
405620,44.637337,22
405632,61.172993,89
405644,7.799667,9
405652,15.042669,18
405660,5.025666,7
405664,32.617,11
405672,29.715668,7
405688,0.27233326,7
405708,4.283667,11
405720,9.377334,12
405796,34.81533,36
405812,44.490334,31
405824,21.743,29
405840,0.55233324,7
405844,48.237,31
405860,1.1316667,5
405888,6.875334,16
405896,28.659666,9
405916,-0.871,7
405928,21.367666,33
405936,-0.8516667,5
405952,30.951332,14
405956,0.7390001,7
405992,49.922333,37
406008,12.509335,18
406016,11.6016655,15
406044,28.449,7
406060,15.535671,27
406068,26.385334,6
406096,27.749,7
406128,6.7523336,17
406148,26.411667,5
406152,16.545336,36
406164,45.60433,43
406192,3.662333,7
406232,51.818,34
406240,42.341003,23
406252,-0.4649999,5
406256,2.3253338,16
406272,1.3149999,5
406292,4.2163334,9
406300,15.3689995,37
406324,15.933666,21
406332,0.112666845,8
406356,14.303668,21
406360,8.395666,17
406396,14.892667,18
406396,10.185334,16
406404,11.210335,11
406420,26.585333,6
406424,26.885,5
406424,28.635666,7
406428,14.819334,18
406444,1.712,6
406444,0.07166672,5
406448,1.6719999,6
406456,28.465668,7
406476,26.638332,5
406480,-0.6773335,8
406496,-1.3756669,13
406516,3.4666667,10
406544,46.891663,25
406572,32.181335,14
406588,44.402332,27
406596,7.981668,25
406604,12.958335,15
406616,2.982333,7
406616,25.338333,5
406636,3.291667,5
406640,6.506333,9
406664,21.731,23
406672,32.008,14
406696,3.9626665,8
406704,29.888666,16
406724,3.052333,7
406740,5.062333,17
406744,3.8616664,5
406772,3.5090005,17
406816,10.532667,18
406816,4.036999,11
406836,1.365,5
406856,2.315,5
406884,2.762333,7
406884,11.612335,17
406892,29.145998,38
406904,2.3649998,5
406940,31.077335,12
406948,84.236,78
406952,12.355666,17
406980,6.703333,10
407012,43.239,27
407028,35.336666,20
407032,4.111666,5
407064,44.156,28
407064,6.713,9
407100,12.759001,17
407144,10.566667,20
407156,33.708,14
407176,76.08966,49
407244,8.197334,22
407252,9.092998,19
407272,28.632332,7
407292,2.4450002,5
407324,66.40501,65
407340,13.497334,22
407380,32.44967,59
407392,11.005667,17
407392,39.138332,25
407404,2.5553339,6
407416,12.679668,19
407420,4.182333,7
407472,6.0276666,13
407484,17.35,20
407484,43.001,23
407492,-2.2683334,5
407504,2.065,5
407512,28.042332,7
407520,27.642334,7
407532,4.0823336,7
407548,52.550995,33
407560,3.2533336,10
407592,9.896999,11
407596,8.558666,16
407624,3.419334,8
407636,52.62033,31
407648,3.3043334,13
407648,37.910667,22
407652,28.942333,7
407656,0.09833336,5
407676,4.9189997,7
407676,-1.355,5
407704,25.935665,7
407716,7.24,10
407808,10.832001,26
407840,21.375994,48
407848,26.274334,33
407856,5.074,12
407876,2.6316667,5
407884,5.9003334,11
407892,16.576666,60
407952,33.859,17
407972,20.493668,31
407972,28.625,5
407988,7.0913324,24
407988,16.012667,28
408008,4.0550003,5
408028,10.818001,14
408036,1.609,7
408056,1.0616666,5
408064,7.736334,9
408084,26.018333,5
408096,27.213333,10
408104,9.9176655,33
408124,-0.73099995,7
408132,58.005333,36
408180,17.034666,24
408200,39.698006,24
408200,4.388334,5
408204,45.013332,20
408228,12.401335,24
408244,28.039999,10
408268,7.815667,17
408272,7.3703322,11
408280,43.61666,20
408292,1.2983334,5
408328,4.9603324,21
408332,4.9333334,10
408340,6.028333,15
408352,10.003666,21
408356,4.3353333,6
408360,2.895,5
408384,-0.0040000677,8
408404,35.42967,19
408412,6.1689997,7
408420,32.478333,15
408424,3.595,5
408440,45.487,21
408452,3.5166667,10
408456,5.039666,9
408468,3.932333,7
408496,26.675667,7
408524,12.229334,18
408552,-1.5676666,7
408568,35.396,18
408580,26.322996,39
408600,3.8883333,5
408616,7.374,12
408620,33.812332,17
408640,3.6683333,5
408652,29.047667,13
408668,9.781,13
408688,27.291666,5
408700,44.51366,61
408712,13.515001,15
408720,2.0949998,5
408732,32.503666,11
408748,23.515667,27
408764,29.510334,11
408764,13.3376665,13
408772,25.298666,6
408784,35.274334,13
408808,26.873001,9
408808,8.870335,11
408828,6.925334,16
408828,0.09833336,5
408832,29.380667,12
408852,0.4050001,5
408876,3.8756666,17
408904,27.969,7
408908,6.826667,20
408916,3.3553336,16
408944,6.616334,9
408972,25.648668,36
408972,2.1956668,7
408988,38.247,21
408992,2.6383333,5
408992,4.4283338,5
409008,-1.105,5
409012,3.0083332,5
409024,4.0426674,8
409048,30.233334,10
409068,25.385,5
409112,7.607,11
409116,36.97667,50
409140,12.763001,29
409156,16.022001,36
409200,40.570667,22
409208,5.147666,13
409224,36.490334,21
409236,21.69333,30
409252,1.8169998,11
409272,7.6673346,12
409276,27.653334,10
409288,2.3896668,9
409324,3.4596667,9
409324,30.010666,12
409352,27.508999,7
409360,19.107336,22
409364,7.8466687,10
409388,31.362331,47
409396,7.8993325,8
409440,36.78,20
409448,8.648334,15
409468,44.609665,29
409468,16.406,18
409488,-0.3783332,5
409504,7.301333,14
409516,12.427335,12
409516,28.012333,7
409524,27.525,5
409548,22.075668,27
409552,4.069,7
409564,32.737335,12
409588,6.7166667,10
409620,4.5023336,17
409636,12.742667,18
409640,-0.014999986,5
409660,-0.7716665,5
409664,6.8456664,7
409708,18.823332,30
409712,31.734001,12
409756,42.351334,24
409768,10.631332,14
409776,7.6723332,17
409776,44.414993,65
409804,1.7789999,7
409804,7.313,9
409808,4.1526666,8
409840,28.309334,8
409852,8.687334,12
409872,2.8283334,5
409884,-0.8763333,11
409904,26.805,5
409912,1.276667,10
409916,23.235998,28
409932,1.9289999,7
409952,26.858334,5
409972,5.5183334,15
409996,2.0703335,11
410052,53.168,34
410072,37.009666,19
410076,18.098667,26
410096,72.80832,85
410096,29.660334,11
410104,1.3489997,7
410116,4.1616664,5
410132,4.0223336,7
410140,0.12866676,6
410152,0.7516667,5
410236,14.937001,21
410244,20.932331,37
410264,28.348999,7
410280,27.918331,35
410292,3.5056667,7
410292,28.675001,55
410348,28.758,14
410372,17.856668,20
410384,5.116333,9
410420,26.953,9
410424,15.221999,36
410440,14.579,17
410464,10.410335,11
410476,29.192665,58
410488,11.6673355,12
410496,1.5916666,5
410504,16.313337,20
410544,18.353334,20
410556,9.335,15
410568,25.958666,6
410604,11.271668,25
410668,9.868335,25
410672,25.029669,29
410708,39.128662,26
410724,7.8680005,14
410732,33.42167,15
410748,49.09833,65
410776,3.7556667,7
410796,16.419334,18
410824,1.8290002,7
410836,9.555,15
410844,13.178001,34
410852,20.560005,30
410868,3.632667,8
410880,34.241333,14
410928,4.897333,12
410936,8.143666,21
410940,17.321335,24
410940,15.819337,18
410964,26.302334,7
410980,34.01433,13
410984,8.087,11
410992,26.655666,7
411024,3.4169998,11
411064,33.606667,20
411072,11.674001,12
411092,-1.3083334,5
411100,11.73567,27
411120,0.735,5
411144,8.264334,13
411156,52.348,54
411168,26.018665,6
411180,4.3329997,29
411200,0.8116667,5
411236,50.20967,29
411260,5.3320007,26
411284,4.9040003,12
411320,11.868334,15
411348,62.47168,45
411368,3.2639997,12
411388,30.375668,47
411392,8.740334,11
411404,18.646666,30
411412,-0.27966666,11
411440,0.9439998,12
411456,4.673666,11
411480,10.006332,19
411484,31.454666,24
411512,31.392666,18
411544,5.8193336,8
411552,41.288002,24
411576,-1.9113333,6
411632,52.32567,37
411660,10.513668,21
411688,24.464003,52
411692,11.955002,15
411708,25.490334,41
411724,0.2629999,9
411788,6.9886656,16
411812,20.722,26
411828,35.307335,42
411840,2.729,7
411876,28.789665,9
411880,5.121,13
411924,33.017334,12
411956,40.00534,66
411980,12.294998,25
411988,1.7626667,8
411996,37.662666,18
412008,20.841667,55
412016,1.3229998,9
412048,1.216,8
412052,38.778664,16
412060,30.861,13
412064,37.812332,17
412076,2.075667,7
412088,1.2263334,9
412104,4.007,11
412116,0.52233326,7
412116,11.484334,13
412124,7.064,12
412124,28.931667,5
412156,30.939999,10
412168,2.031,13
412184,-3.8216667,15
412208,6.6543326,13
412212,15.677336,22
412244,0.72266674,8
412252,31.507,11
412264,6.753333,20
412268,27.078667,6
412272,1.5416666,5
412276,3.6556664,27
412292,29.051666,5
412312,31.477333,12
412332,6.5733337,10
412344,0.8726667,8
412344,7.8696666,19
412352,1.1116667,5
412388,11.879334,28
412408,5.8286667,16
412428,2.605,5
412448,26.225,5
412464,20.099667,19
412484,29.593,9
412500,46.215668,37
412520,7.8646655,14
412544,34.541668,15
412544,29.163336,50
412556,7.003,9
412588,-1.6240001,8
412632,7.9073324,22
412648,14.422335,37
412692,14.115334,26
412696,22.752666,38
412716,43.523666,21
412728,6.9966664,20
412736,10.400333,11
412740,-0.13800001,6
412764,29.168999,7
412784,2.7416668,5
412824,15.241335,24
412844,26.531666,5
412888,0.7069999,11
412896,41.55633,39
412912,1.4753335,6
412916,-0.11499989,5
412972,7.4916663,15
413000,69.56533,76
413016,10.81167,25
413060,8.007333,22
413116,2.144667,14
413140,16.448336,35
413144,2.829,7
413160,31.738667,36
413168,-0.34099996,7
413172,2.3056664,7
413192,29.338333,5
413204,0.28300002,9
413236,41.83967,19
413240,7.4596667,9
413260,1.7386667,6
413288,-0.67766666,7
413304,5.6886673,16
413308,25.825,5
413332,1.7453332,6
413332,2.2623332,7
413388,9.784669,14
413420,160.03966,159
413420,0.15733361,22
413444,32.008,14
413476,70.25367,71
413480,27.829666,9
413500,10.030002,20
413520,3.477,11
413528,3.222333,7
413532,17.319334,28
413556,8.709667,9
413584,3.2843335,13
413600,11.15667,30
413604,1.7383333,5
413684,5.553666,21
413684,36.94967,39
413692,21.218002,34
413724,2.1026669,8
413740,9.291332,14
413748,39.59867,16
413760,0.83833313,5
413784,25.098337,45
413796,2.9263334,9
413800,4.064333,13
413832,0.81266665,8
413848,38.152,16
413880,7.6340003,12
413884,7.963,9
413912,2.3456664,7
413912,5.199333,8
413916,39.54,30
413932,28.064999,5
413944,27.555666,7
413952,0.9483334,5
413980,3.899,17
413980,4.805667,7
414012,4.8723335,17
414016,30.106333,9
414036,2.395,5
414056,25.938334,5
414068,53.715332,86
414076,26.665,5
414096,9.273666,21
414096,22.609665,29
414116,30.976667,10
414124,14.051334,14
414148,33.034332,13
414160,6.978666,16
414180,40.892,16
414192,5.199,17
414204,34.958,14
414208,2.722333,7
414232,14.109335,18
414244,5.1666665,10
414268,4.8653336,6
414276,32.407,21
414284,12.613001,19
414304,0.5450001,5
414324,-0.5083333,5
414336,30.071667,15
414356,1.8626671,8
414376,47.03533,36
414380,9.403667,11
414400,44.49433,33
414408,2.089,7
414412,6.5429997,9
414436,6.976333,9
414456,3.3373327,12
414460,3.7173338,12
414484,19.330667,32
414488,4.967666,13
414488,4.9456663,7
414504,27.011665,5
414516,30.322334,7
414524,38.455666,17
414552,5.7330003,9
414604,32.211,13
414628,7.105332,26
414644,47.03633,39
414652,1.9053334,6
414664,5.5916667,15
414684,26.191666,5
414704,6.891666,15
414708,33.526997,51
414736,31.381,13
414752,17.43167,25
414776,14.798998,17
414780,6.197,11
414788,5.249667,9
414808,0.12166661,5
414844,30.303,9
414856,14.149667,19
414884,4.892334,7
414888,28.217,11
414900,13.650335,31
414908,0.46500003,5
414932,28.969334,8
414964,4.2326665,8
414992,23.289001,27
415020,5.8813334,14
415040,44.91799,84
415060,30.682667,38
415064,5.4103336,11
415088,5.9253335,6
415100,34.283333,10
415136,18.505333,36
415136,42.928,24
415144,3.3536663,11
415164,3.049,7
415176,15.924001,22
415180,9.716334,9
415184,-0.9849999,5
415212,-0.18100023,7
415224,6.827334,12
415244,27.538334,5
415268,12.584001,22
415280,36.26233,17
415288,3.857,11
415304,24.084002,42
415320,1.7743337,13
415324,-0.45499992,5
415352,13.8220005,16
415360,28.156334,9
415380,28.875668,7
415380,7.938333,15
415388,4.665667,7
415404,43.406998,31
415408,28.412334,7
415408,5.9323335,7
415416,1.1956669,7
415428,-0.43499994,5
415436,26.718334,5
415452,8.107,11
415468,33.455334,16
415476,0.40533328,6
415500,7.9160004,18
415520,9.194334,13
415536,6.816334,9
415560,42.200333,31
415592,5.206,8
415592,19.982998,29
415612,41.364334,23
415628,8.016333,9
415652,0.49199998,6
415664,8.574333,13
415664,40.617332,32
415720,34.987335,32
415732,4.643334,20
415740,31.889668,19
415744,10.946669,20
415764,2.587,11
415772,-0.82433337,7
415784,7.267666,13
415792,2.8076663,13
415808,3.703,9
415812,25.311666,5
415828,10.428668,16
415832,3.7573333,12
415848,3.6999993,10
415876,5.177,11
415888,3.126667,10
415888,7.3763323,19
415908,10.173335,20
415912,2.1130004,9
415924,3.3363333,9
415944,26.898333,5
415956,33.317337,12
415964,1.3016667,5
415972,8.805,15
415984,27.848999,7
416032,29.161999,36
416040,4.805666,17
416084,11.738333,25
416088,56.023674,31
416104,4.1983333,5
416120,13.856668,20
416124,26.611668,5
416124,6.4130006,9
416136,13.822002,26
416180,39.53167,15
416196,5.6626663,18
416200,29.141998,16
416216,2.543,9
416224,28.782333,7
416260,23.224663,34
416264,6.796666,10
416284,25.910334,21
416304,1.4249998,5
416372,39.239,27
416376,21.993334,40
416376,2.542667,18
416396,3.1349998,5
416412,29.879665,9
416460,11.504002,22
416484,6.5426664,18
416504,23.985666,27
416532,48.222668,68
416548,12.768666,16
416552,33.25733,12
416552,8.264336,23
416568,27.971666,5
416568,8.349666,9
416572,3.3516665,5
416576,25.192,6
416588,-3.0816667,5
416596,27.871666,5
416616,4.0550003,5
416640,8.689001,17
416652,11.692003,16
416680,11.638667,16
416688,16.23333,30
416708,1.1783333,5
416708,1.6323332,7
416724,38.716003,18
416744,8.976334,9
416764,2.4016669,5
416808,30.693668,11
416808,10.943667,21
416840,5.9726667,8
416844,23.484665,34
416852,6.9403334,11
416860,-0.74833333,5
416900,11.177335,12
416908,11.148668,16
416924,53.926994,71
416944,34.41033,11
416964,2.4983335,5
416984,21.593668,31
416996,10.979333,18
417000,4.5963335,9
417012,-1.4676666,7
417048,-3.2403333,9
417048,36.487667,13
417068,25.023335,40
417088,16.570667,22
417096,6.079,7
417104,5.0946665,14
417136,41.204002,22
417140,28.682999,9
417144,6.2679996,14
417172,6.106,8
417176,19.836668,20
417176,6.052666,8
417192,-1.665,5
417200,7.448667,16
417204,0.1789999,7
417232,9.491337,14
417236,29.199667,9
417264,5.8123336,7
417272,5.552333,17
417288,15.461335,24
417300,25.909,7
417308,1.1116669,5
417328,27.564999,5
417332,13.865668,17
417348,5.2140007,12
417356,5.4989996,7
417360,0.09566665,7
417376,29.148664,36
417412,31.346333,9
417432,0.28033328,21
417452,0.60499996,5
417456,18.695002,25
417472,13.001667,15
417480,25.722332,7
417500,-0.1910001,7
417520,18.88667,40
417532,40.689667,19
417556,12.229664,19
417564,7.0119996,16
417584,5.7643332,13
417584,31.855333,16
417600,7.4496665,9
417628,11.282669,18
417648,0.9819995,16
417648,9.705336,16
417648,3.9439998,12
417656,29.702333,7
417668,1.1783333,5
417684,0.009666681,9
417688,4.7416663,5
417708,0.952,6
417736,17.970665,22
417756,6.830667,12
417756,39.475,25
417784,17.991337,24
417812,31.221333,14
417816,12.721666,15
417864,7.0433326,20
417884,-0.5483333,5
417892,31.393003,39
417896,39.473335,20
417924,2.4726667,8
417952,2.832333,7
417952,10.804667,14
417996,31.397,11
417996,15.3860035,28
418012,32.51,50
418016,29.118332,5
418036,15.360334,21
418040,1.1820004,6
418048,11.807667,13
418056,2.635,5
418056,29.330334,11
418072,1.9219999,6
418080,5.4086666,6
418104,32.31067,12
418116,4.3530006,9
418132,-2.8076668,7
418140,20.561666,25
418152,33.833332,20
418172,31.06,10
418192,25.404999,5
418204,6.2509995,13
418228,16.130669,22
418232,0.8723334,7
418260,2.9890003,7
418280,-2.1483335,5
418284,28.627998,14
418300,0.0716666,5
418324,-0.3213334,6
418336,5.4110003,13
418348,26.512,6
418384,9.189667,9
418396,44.523335,70
418416,26.136,8
418444,12.432336,27
418448,38.01133,64
418480,2.2696667,9
418512,28.916,8
418536,44.677334,22
418552,29.569666,39
418556,4.8236666,11
418592,30.674667,14
418600,6.997,11
418620,-2.685,5
418620,27.715668,7
418648,-0.5376667,7
418648,33.069336,58
418672,4.8286667,6
418696,31.108664,36
418716,32.494667,24
418744,9.4140005,12
418768,24.958666,6
418788,44.226334,29
418792,11.511999,36
418808,25.271667,5
418812,3.0549998,5
418824,37.439003,27
418832,-1.1116667,5
418844,-1.5016668,5
418860,5.6410003,13
418880,7.396333,9
418884,18.092999,29
418940,23.122334,27
418960,2.1183333,5
418968,20.259,27
419028,35.951668,15
419028,36.012337,17
419072,21.896006,48
419080,28.236332,49
419088,5.451667,15
419112,27.225332,6
419124,16.838003,24
419128,13.698001,14
419152,28.508999,7
419164,8.637666,13
419172,39.124336,23
419184,25.545,5
419192,5.345334,16
419212,-1.6816667,5
419228,3.8903332,11
419236,36.75367,21
419240,8.249001,17
419256,4.465667,7
419280,16.119999,10
419292,36.311333,14
419292,10.660002,20
419312,26.705,5
419316,4.6696663,9
419320,9.468667,16
419336,1.405,5
419348,-0.5643332,7
419400,10.418668,16
419408,18.896334,29
419424,35.746334,19
419436,3.9663332,9
419456,27.325,5
419456,32.085327,36
419476,1.9583334,5
419484,6.0656667,7
419512,8.117333,22
419524,13.959666,29
419540,28.769,7
419548,33.682667,18
419624,13.25367,21
419624,3.2396667,19
419632,31.632338,37
419656,17.091,33
419660,25.853,9
419664,1.2466668,10
419728,11.066002,18
419732,34.978333,25
419740,39.686333,19
419752,2.595,5
419756,4.399,7
419800,7.6940002,12
419820,17.706667,20
419824,4.725666,17
419832,14.064333,43
419848,-0.7210001,7
419852,29.928999,7
419864,3.8460002,8
419864,6.4886665,16
419884,30.346333,9
419896,29.689333,8
419908,30.857,11
419932,28.784,12
419956,32.928333,15
419988,48.40467,34
420020,30.057333,22
420028,14.819334,18
420044,9.298001,14
420052,2.2059999,8
420072,3.7189996,7
420084,8.604668,14
420096,8.740334,11
420124,1.0023332,7
420136,6.5376663,13
420152,-0.46099973,7
420156,12.317,21
420172,4.259667,9
420232,7.828334,15
420252,0.4716668,5
420340,49.188995,47
420352,41.417004,111
420388,8.900666,12
420460,38.262665,18
420468,64.67133,54
420480,3.4283335,5
420504,4.873,9
420512,58.892998,89
420516,2.5563335,9
420544,30.046005,48
420544,1.8493333,8
420560,31.797,11
420564,2.5416665,5
420588,11.020332,21
420592,1.7456664,7
420640,3.5040004,12
420644,7.5680003,14
420656,40.374664,24
420660,29.173002,29
420660,26.665,5
420680,25.745333,6
420680,31.099667,9
420696,29.526333,9
420708,1.7839999,12
420708,5.105667,7
420728,-0.4649999,5
420728,2.345,5
420748,8.114335,13
420752,2.8953333,6
420760,41.486664,20
420804,10.597668,13
420828,11.349001,17
420848,17.876669,30
420876,2.429,7
420888,3.6303334,21
420892,36.502,16
420920,31.061003,43
420924,6.792666,8
420956,26.329334,8
420980,31.605,15
421000,29.073668,11
421012,30.729332,8
421016,51.67833,35
421024,55.101334,34
421028,8.599,7
421044,28.625,5
421044,2.815667,7
421056,1.6623333,7
421096,16.770334,21
421100,11.231334,14
421116,37.149334,18
421132,9.149667,19
421140,5.1866665,10
421144,1.1056666,7
421196,9.367668,13
421204,10.158667,16
421208,13.369334,28
421236,4.846,8
421236,10.555333,26
421260,0.49199986,6
421268,26.616,8
421276,3.2633326,20
421296,4.379,7
421340,15.468666,16
421352,21.648666,36
421356,41.968002,24
421368,29.949,7
421388,-0.73500013,5
421388,41.054337,23
421444,40.25733,22
421456,5.685666,17
421476,53.937004,31
421480,31.599667,9
421484,11.068,24
421508,37.06433,13
421520,8.037,11
421524,7.9036674,11
421536,28.229,7
421552,0.7190001,7
421564,11.459999,20
421572,-3.015,5
421572,30.361,13
421600,3.8523333,7
421624,9.048333,15
421632,16.551668,15
421652,0.075666666,7
421676,7.2463326,19
421696,3.7149997,5
421700,11.385667,17
421704,12.6710005,13
421720,25.378334,5
421736,3.1133337,10
421740,31.043669,51
421748,5.683666,11
421792,31.579332,18
421800,30.648333,15
421812,9.309668,19
421820,24.931667,5
421832,-0.035000004,5
421856,5.3620005,6
421860,4.8233323,10
421872,22.637003,31
421900,30.940332,11
421908,40.193,29
421928,0.6150001,5
421928,36.321335,14
421928,4.0789995,7
421940,2.8399997,20
421956,2.1923332,7
421956,-0.40766668,7
421960,3.5216668,5
421980,33.941,13
421984,26.542334,7
421988,6.539,7
422024,1.1133333,10
422024,12.562334,17
422028,4.604,12
422048,25.371666,5
422052,3.4156668,7
422056,7.3523335,17
422060,-0.627,9
422080,1.2559997,8
422124,32.703667,11
422180,13.500669,32
422204,42.925667,37
422240,12.208335,15
422244,28.993332,10
422260,5.6749997,5
422260,43.808002,34
422272,29.630995,53
422276,2.916,8
422288,28.915667,7
422296,0.8896668,9
422312,29.599667,9
422316,0.018333316,5
422336,28.815334,16
422348,8.639667,9
422376,11.48,10
422392,33.550335,11
422412,20.030334,31
422436,-0.19466662,6
422444,8.317667,13
422472,23.446337,39
422508,11.899335,18
422516,32.41033,11
422528,24.931667,5
422556,29.48,10
422580,42.453663,51
422600,34.310333,11
422608,27.933668,41
422620,0.63166666,5
422628,0.6849997,5
422656,22.887335,32
422676,7.2240005,12
422692,27.292667,28
422696,2.1699996,10
422716,6.476666,10
422728,-0.8840002,8
422756,26.842333,7
422776,4.685,15
422784,5.2256665,7
422796,4.0683327,5
422820,5.9296665,9
422832,6.2596664,9
422856,28.183668,41
422860,2.929,7
422864,7.3569994,11
422892,2.3856664,7
422892,31.619667,9
422912,5.1216664,5
422912,4.354333,13
422920,5.425667,7
422952,-1.6966665,10
423036,73.367966,104
423044,12.42367,31
423068,26.158667,6
423068,29.036,8
423088,1.2383332,5
423116,21.207,51
423132,4.2469997,11
423132,36.258667,16
423140,25.845333,6
423188,35.657333,12
423192,11.455001,15
423208,44.988,64
423232,6.5536666,11
423236,-1.993,11
423252,-1.7183332,5
423252,7.3869996,11
423256,0.255,5
423284,4.009,7
423348,12.172001,16
423364,7.1026654,28
423404,3.4766667,10
423420,10.7993355,18
423440,3.538333,5
423440,29.092999,9
423468,0.5956669,7
423492,11.687668,13
423512,1.2616668,5
423552,30.83,10
423556,38.674004,22
423568,84.86967,79
423572,1.3383334,5
423592,0.5449996,5
423612,76.700005,120
423616,27.898335,15
423636,26.438334,5
423676,31.793333,10
423712,0.3063333,9
423712,7.8766665,30
423732,-0.88166666,5
423744,21.241001,33
423744,6.429333,8
423768,1.3319998,6
423796,28.168999,7
423804,6.9393334,18
423832,3.1289997,7
423840,20.524668,24
423852,27.838333,5
423860,4.0850005,5
423868,57.291664,75
423888,31.053001,9
423896,21.558334,25
423944,5.0236664,21
423944,34.733,19
423972,-0.32766664,7
423980,5.947001,21
424008,5.176333,9
424012,34.61567,17
424032,18.718664,36
424048,1.0866667,10
424052,-2.2183332,5
424072,13.124338,23
424096,5.967,11
424100,5.2243333,13
424104,9.931002,23
424120,3.0719995,6
424124,9.378667,6
424128,12.004668,14
424140,31.233002,9
424160,-1.3116666,5
424176,10.290667,12
424180,9.501335,14
424196,33.89633,19
424208,6.385667,7
424224,4.482001,16
424228,6.137667,13
424232,3.5696664,9
424260,26.255667,7
424280,7.921001,13
424280,26.945,5
424300,27.558332,5
424304,9.324667,24
424308,14.940336,21
424320,7.793334,10
424336,4.642667,8
424340,3.6759994,8
424372,5.7593327,8
424380,33.051666,15
424388,8.717335,22
424388,5.7543335,13
424408,6.0056663,7
424416,3.473667,11
424432,31.660334,11
424432,2.815333,6
424436,1.8016665,5
424452,5.4216666,5
424456,10.899,17
424472,25.038334,5
424480,6.0369997,11
424504,11.636001,18
424512,3.5433335,10
424532,28.015667,7
424552,30.706667,10
424572,24.904999,5
424572,13.126339,29
424576,3.1569998,11
424592,-0.40833354,5
424600,27.649,7
424628,7.764334,13
424632,4.5166674,10
424652,25.311666,5
424688,30.806332,9
424688,37.25733,22
424708,43.520004,20
424716,27.285667,7
424728,3.0283332,5
424732,35.977,11
424772,5.0099998,10
424796,35.503334,20
424800,3.6056666,7
424828,72.92567,87
424844,14.833002,29
424852,19.234669,14
424864,1.2016666,5
424872,0.35833323,5
424924,8.471001,13
424924,45.263664,31
424932,19.112001,26
424956,29.922667,8
424964,46.128334,25
424992,5.825667,7
425000,9.709668,19
425012,7.641333,14
425028,4.1679997,24
425052,36.184998,15
425064,4.3543334,13
425080,33.361,13
425088,3.4263334,9
425120,10.673333,30
425144,18.866669,20
425148,-0.4543333,7
425164,10.356334,19
425180,11.498332,25
425188,0.77366674,11
425220,35.641335,14
425248,6.835666,17
425288,42.93833,35
425292,4.2903333,11
425312,18.017666,23
425328,28.379665,9
425332,3.0803335,11
425348,25.458332,5
425376,3.6656668,7
425380,41.836006,48
425384,7.6559978,18
425384,31.097668,13
425412,1.2896665,9
425420,4.183333,10
425436,34.801,13
425440,4.248,14
425456,-2.2716665,5
425472,32.807667,13
425500,4.411667,15
425500,13.987333,22
425520,-1.195,5
425536,5.615332,16
425576,20.213331,30
425596,8.5946665,24
425612,6.656334,19
425632,8.011333,14
425648,32.371002,13
425676,3.7503333,11
425684,22.300335,41
425684,7.296001,18
425704,5.551334,14
425708,6.9520006,6
425720,2.3536668,11
425740,32.761333,14
425760,30.32,10
425768,7.3723335,7
425780,36.892998,19
425788,1.868333,5
425796,42.524002,22
425800,1.4549999,5
425800,5.6599994,10
425820,1.1183333,5
425828,13.280001,10
425852,11.567667,13
425856,0.9823333,7
425904,8.110668,12
425908,18.787334,22
425936,2.815667,7
425940,9.740665,22
425944,51.998993,37
425964,3.7049997,5
425972,35.902336,17
426000,29.875,15
426008,30.906334,9
426008,30.670334,11
426056,40.729996,30
426064,35.071335,14
426076,28.531666,5
426080,10.210001,20
426092,8.957,21
426112,8.089667,9
426120,3.2023335,7
426128,31.650665,12
426164,46.98167,25
426168,29.566666,10
426184,34.585335,16
426192,11.870001,20
426220,7.829667,9
426240,7.066,18
426256,5.949666,9
426260,-0.06166649,5
426304,7.977,11
426312,45.81667,30
426340,3.473,9
426356,-0.5896666,11
426372,30.542667,8
426388,37.121998,56
426392,27.051666,5
426396,21.358335,35
426404,5.2839994,12
426416,1.7253332,6
426440,31.297,11
426460,27.671667,5
426472,40.675667,17
426496,-0.04799986,6
426504,9.586333,29
426520,22.918665,26
426528,5.766,8
426540,26.458332,5
426540,30.319668,9
426592,7.445333,16
426596,32.668,34
426600,33.805,15
426608,39.949,17
426620,3.0716667,5
426668,34.474,12
426676,3.7656665,17
426688,9.311001,23
426700,23.595669,27
426704,1.025667,7
426744,8.346333,19
426772,14.543668,21
426772,14.622335,17
426772,1.8123333,7
426800,1.2556665,7
426808,21.832336,27
426816,33.257,11
426836,3.7416668,5
426836,28.835667,7
426868,11.148001,24
426888,37.534,22
426920,9.770333,21
426924,7.930668,22
426948,41.373333,20
426948,25.502333,7
426976,5.0656667,7
426992,34.309002,17
427008,4.2060003,8
427028,1.6496665,9
427048,24.798332,5
427052,39.795334,26
427072,1.5116668,5
427092,15.49366,51
427108,4.0163336,9
427108,6.585,25
427152,30.363667,11
427168,13.5563345,19
427200,29.722666,8
427204,25.746334,39
427232,2.015667,7
427244,4.470333,11
427260,49.785667,27
427264,3.9416661,5
427280,4.0940003,12
427300,25.431667,5
427320,13.004668,14
427340,60.92933,58
427376,20.69967,29
427392,7.3509994,13
427416,30.063334,10
427420,24.558332,25
427484,42.111,23
427516,63.32467,54
427528,2.9803333,11
427548,0.6916666,5
427552,25.757666,33
427576,32.413326,40
427596,25.458332,5
427604,4.034333,13
427620,5.382667,18
427620,18.02533,26
427624,26.885,5
427652,2.242333,7
427664,4.5369997,11
427724,11.068335,15
427744,0.365,5
427756,11.660001,40
427780,3.5086665,6
427792,34.104336,43
427808,3.2223334,7
427820,30.724,42
427820,36.049667,19
427824,3.6059997,8
427892,10.599333,18
427924,6.671667,25
427940,6.2806673,12
427972,22.533669,41
428008,14.662334,17
428040,28.196,8
428060,31.681328,34
428076,80.29133,64
428104,3.6103332,11
428104,47.62767,33
428132,6.4589996,7
428136,16.491667,15
428140,14.555002,25
428152,3.0906668,12
428160,7.1923327,7
428192,6.138,14
428208,6.2579994,14
428220,3.5216665,15
428232,-1.3446667,6
428240,6.3616667,5
428248,4.6746664,14
428256,15.456333,29
428260,29.495667,7
428268,-0.945,5
428268,28.622334,7
428320,14.111001,13
428340,-0.41166675,5
428364,16.60867,26
428392,-2.071,7
428420,19.789999,20
428428,6.6296663,9
428456,2.8956666,7
428472,66.92033,51
428484,1.6423333,7
428492,25.845,5
428496,69.45667,60
428528,27.529331,8
428536,14.869666,29
428544,8.448333,15
428564,4.352333,7
428568,2.9553332,6
428592,17.428337,25
428612,15.797002,21
428624,37.541664,15
428628,10.051668,15
428664,5.0026674,18
428668,28.237,11
428688,2.905,5
428688,32.401665,15
428712,6.1286674,6
428740,26.369,7
428756,44.988663,36
428756,21.637667,23
428764,19.416334,19
428812,6.0940003,12
428860,19.751995,26
428904,7.070334,11
428932,31.669,7
428952,-0.9549999,5
428964,13.222667,38
428972,27.338333,5
428984,0.5783334,5
429000,72.73499,65
429008,3.2363336,9
429020,2.5463333,9
429028,25.878334,5
429068,61.889328,78
429076,10.370667,12
429088,15.080668,22
429104,4.7456665,7
429132,7.867,11
429168,1.193,9
429196,1.3156667,7
429204,34.934666,34
429236,24.681332,54
429256,0.8283334,5
429260,35.165333,16
429264,33.925,15
429280,25.458332,5
429316,7.309666,9
429344,1.9156668,7
429380,16.579672,29
429432,8.910999,13
429484,6.1010003,13
429488,52.85533,36
429496,63.445995,98
429528,78.406,68
429532,34.937,11
429544,3.791667,15
429576,6.0536666,11
429576,-0.16400003,8
429592,34.048668,16
429656,36.29667,20
429660,12.107,21
429680,13.707333,22
429716,29.813,9
429720,20.398666,16
429732,13.872666,18
429736,64.113335,60
429756,2.8163333,9
429772,13.111334,14
429788,4.368,14
429796,5.022,6
429816,25.545,5
429824,3.499667,9
429876,49.831665,35
429900,7.9069996,21
429928,19.948666,26
429952,36.639668,19
429968,33.262333,17
429996,40.296658,60
430016,24.798332,5
430056,2.2699995,10
430064,18.83467,24
430072,21.332003,36
430092,1.7983333,5
430104,1.29,10
430120,-1.3843334,7
430148,-2.3443332,7
430156,13.548336,25
430168,14.4053335,16
430176,28.938334,5
430220,6.8070016,11
430224,16.243002,19
430240,25.778332,5
430244,25.431667,5
430256,21.084002,22
430324,6.5666656,20
430360,49.34,30
430376,14.663337,30
430380,0.43500018,5
430384,83.84932,108
430396,27.538334,5
430420,13.021333,24
430420,6.9300003,10
430448,28.515667,7
430456,11.413,9
430532,20.081335,34
430556,38.445,25
430576,0.031666696,5
430596,8.415333,16
430600,54.586,38
430636,-1.4236667,9
430680,16.58367,21
430700,4.635334,16
430712,2.5560002,8
430716,42.434334,83
430732,47.789665,39
430744,0.8260002,8
430752,27.159668,9
430760,5.3123336,7
430788,8.407333,22
430788,1.2590001,7
430804,4.9116664,15
430832,9.496666,20
430880,13.737666,23
430900,2.1116667,5
430924,39.721,23
430936,29.527666,33
430944,3.4536664,11
430964,0.75900006,7
430964,32.31333,10
430980,63.586006,48
431008,14.792,16
431012,4.854,12
431016,8.0910015,13
431048,5.243333,10
431092,4.406333,19
431104,39.656998,31
431116,6.272,6
431204,8.903999,22
431220,28.990667,52
431236,47.327667,33
431256,1.8783329,5
431268,4.3473334,12
431352,27.82233,37
431356,18.69167,25
431376,55.073986,82
431396,21.484003,32
431420,11.329002,17
431440,16.740334,21
431464,1.2836664,11
431492,18.643002,29
431492,2.5023332,7
431536,10.908335,35
431600,30.843334,40
431608,38.046333,29
431624,27.297665,33
431656,5.330667,12
431660,31.046333,9
431676,28.691671,35
431680,14.873335,20
431684,5.9523335,7
431704,-0.5916668,5
431720,35.383667,11
431760,15.666664,20
431780,36.871666,15
431800,1.3149999,5
431808,4.727333,12
431844,7.3129992,9
431860,29.929998,50
431884,0.7053335,6
431888,31.237,11
431900,19.676338,49
431912,26.292,6
431924,3.172,6
431932,2.9483333,5
431940,16.075005,35
431964,3.0353332,6
431984,1.2350001,5
432004,14.692667,18
432044,20.496672,30
432048,32.587,11
432064,26.505001,5
432092,14.862335,27
432100,35.014336,13
432116,28.098667,6
432116,34.362675,58
432144,30.580334,11
432208,37.54767,23
432228,3.5016665,5
432248,0.92499995,5
432248,17.298668,26
432260,64.003,49
432280,26.598333,5
432280,12.272667,8
432344,16.328669,16
432364,1.8283334,5
432380,50.53533,66
432380,18.184338,33
432384,-1.8183334,5
432404,4.141667,5
432424,27.542,36
432424,2.3016667,5
432444,37.928665,16
432464,3.115,5
432464,4.576667,10
432468,31.033667,11
432488,5.6053333,6
432508,3.1316664,5
432524,44.565334,36
432544,35.953335,20
432548,7.523333,10
432592,21.862331,17
432612,37.969,17
432620,35.159332,18
432628,8.186334,9
432644,56.217995,44
432664,8.221,13
432684,5.221667,5
432688,5.871666,15
432716,13.844668,24
432720,6.6696677,19
432760,7.7569995,11
432760,16.576336,19
432780,30.711666,15
432780,-0.60833335,5
432804,6.797,11
432816,23.780668,32
432824,-1.2883334,5
432884,8.962335,17
432896,22.27633,29
432912,2.849,7
432936,20.793001,39
432956,22.084332,33
432964,10.977667,13
432996,7.544999,15
433000,1.6996666,9
433008,29.471,13
433008,14.729336,28
433020,26.465,5
433028,26.791666,5
433032,-0.031333208,6
433052,24.485,5
433072,0.5150001,5
433080,12.920337,21
433080,37.467667,13
433108,1.313,9
433144,29.813,9
433152,6.4659996,18
433156,15.064667,34
433168,14.670667,22
433184,1.2690002,7
433188,4.2996664,9
433208,25.592,6
433208,8.568666,16
433228,2.8116665,5
433284,33.224667,14
433360,66.41266,48
433388,47.442,26
433388,27.649996,50
433392,23.118664,46
433424,7.1753325,16
433424,31.146334,9
433432,1.0936667,11
433444,2.608333,5
433444,1.9683332,5
433452,-0.8216667,5
433468,13.809668,19
433480,31.953,9
433484,27.389332,8
433488,1.8983333,5
433508,-1.4143335,7
433512,5.745667,7
433520,9.333001,19
433536,27.949,7
433540,4.972333,7
433544,30.871334,14
433564,28.562332,7
433596,8.507667,13
433604,11.056999,21
433608,8.582334,17
433644,4.986666,10
433648,34.657,21
433680,3.0996664,9
433712,3.962666,8
433732,3.0950003,5
433736,51.050667,32
433764,13.392996,29
433768,36.884335,43
433768,3.346333,9
433796,5.3656664,7
433804,13.095667,17
433828,6.9060006,8
433832,11.512335,17
433848,10.100002,20
433856,31.735668,7
433888,36.843666,21
433916,7.459,7
433924,9.555666,17
433924,40.14633,19
433928,16.167997,24
433940,-1.7713332,6
433948,24.931667,5
433952,1.6023334,7
433984,1.7636669,11
433988,3.3196669,9
434016,7.001001,23
434032,0.16400003,12
434036,10.520667,12
434060,4.597,11
434108,36.909668,19
434132,26.285334,6
434156,52.72667,30
434164,24.808668,26
434180,4.5273337,12
434184,25.038334,5
434204,0.21499991,5
434240,45.010334,21
434248,2.2590008,17
434288,11.020668,12
434312,20.899004,27
434332,1.7249999,5
434388,14.188336,25
434400,51.986,38
434420,0.06833351,5
434436,42.148666,26
434464,32.64633,19
434468,29.822666,8
434492,26.549,7
434528,36.67167,15
434548,35.794666,14
434564,24.428669,36
434576,2.1573334,12
434576,6.349,7
434592,31.795666,7
434596,27.038334,5
434644,37.155666,17
434648,133.81166,175
434664,26.325,5
434668,27.938334,5
434684,16.857666,23
434696,0.19233322,7
434732,5.6396666,9
434744,53.128998,37
434788,40.560333,31
434796,2.3909998,13
434808,11.372999,19
434828,2.6,10
434832,8.119667,9
434848,-1.1983334,5
434876,11.969002,17
434880,4.4106665,12
434908,2.0750005,15
434928,26.318333,5
434964,3.073,9
434968,8.707666,23
434980,14.845001,25
434984,26.491667,5
435012,42.647343,82
435036,2.4910004,13
435044,27.762667,8
435052,33.476,18
435060,16.154335,23
435072,6.022333,7
435080,3.775,5
435116,13.313667,11
435136,-0.13833332,5
435144,18.832335,27
435208,47.014,32
435212,8.315667,17
435232,2.715,5
435252,24.886665,50
435304,42.66133,24
435312,10.736665,20
435352,63.207993,54
435352,13.434999,25
435364,9.224334,13
435376,1.4953333,6
435384,2.7883334,5
435396,2.225,5
435404,0.37833357,5
435408,11.608666,26
435416,-0.18833339,5
435432,13.783335,20
435436,28.049334,8
435436,30.815666,7
435452,4.343001,9
435456,27.285,5
435476,3.368333,5
435480,5.653667,11
435484,6.3043327,13
435496,2.395,5
435500,5.1940002,12
435512,0.94266677,8
435528,4.8436666,11
435540,1.3356667,7
435564,3.9753332,16
435584,17.904001,22
435584,33.210335,11
435604,1.0583333,5
435612,5.7323337,7
435612,7.8703327,21
435632,26.038334,5
435648,17.860334,21
435672,9.608335,15
435680,2.2593336,8
435696,35.594334,23
435716,-1.9083333,5
435752,7.410001,20
435780,11.905335,16
435780,28.442333,7
435828,34.597336,12
435840,9.468334,15
435848,4.4616666,5
435888,31.70466,64
435932,6.0069995,11
435952,26.471666,5
435984,30.428665,36
436000,90.333336,80
436092,14.723663,61
436096,18.105331,36
436112,-0.08833337,5
436124,22.820335,31
436160,25.231337,44
436164,7.4533334,10
436168,3.7880006,14
436184,2.3316667,5
436204,0.47166657,5
436220,12.471666,15
436240,-0.16833329,5
436260,1.174667,14
436268,4.2889996,7
436272,15.858666,26
436280,24.918333,5
436288,24.985,5
436332,8.660334,11
436344,10.665333,16
436352,9.26,20
436380,6.7056665,7
436384,7.9966664,10
436404,24.851665,5
436408,51.19266,78
436448,1.7903334,11
436464,15.574336,33
436484,26.611668,5
436520,19.259335,28
436528,42.213333,20
436528,22.239,37
436540,5.5983334,5
436552,3.982333,17
436588,3.9463334,9
436592,32.125336,16
436612,9.886001,18
436616,7.349,7
436620,27.975666,7
436636,2.8886666,6
436640,11.4260025,28
436640,1.3716667,5
436652,5.1963334,9
436656,25.051666,5
436672,5.9626665,8
436684,-0.67433333,7
436684,3.4169993,11
436692,1.0216665,5
436724,8.869334,18
436732,5.81,10
436736,7.857666,13
436748,26.325333,6
436752,5.4656653,17
436756,2.8216667,5
436772,2.1900003,10
436792,25.631666,5
436812,4.281667,5
436820,34.625336,16
436848,10.434669,24
436868,1.645,5
436888,0.19166672,5
436912,12.987669,23
436920,27.151003,43
436936,5.720666,12
436940,-0.97833335,5
436960,20.418997,37
436988,34.76767,13
436992,12.446668,20
436996,8.113001,9
437020,4.676,8
437020,25.762333,7
437040,25.751667,5
437056,30.086332,9
437060,42.78,30
437076,28.165,5
437080,1.8050003,5
437120,28.943665,11
437124,4.8236666,11
437128,26.30767,33
437136,12.054666,24
437144,1.008333,5
437188,28.651001,13
437228,0.2470001,21
437248,4.355,5
437284,24.779661,39
437296,30.33133,44
437312,4.102333,7
437316,4.9483333,5
437332,30.567001,21
437392,14.115002,15
437396,31.940668,52
437432,51.80967,29
437460,1.7886668,16
437492,16.875002,25
437532,11.162667,18
437560,2.9323332,7
437584,3.5219998,6
437596,9.252001,26
437604,3.2683334,5
437616,2.4216666,5
437628,58.439655,79
437652,4.363,9
437676,28.251999,6
437684,8.478001,14
437708,70.09633,69
437716,45.952663,28
437740,1.7493339,8
437752,30.432999,9
437760,42.863667,21
437780,4.532333,7
437784,33.153667,11
437788,2.3523333,7
437808,26.978333,5
437808,4.3689995,7
437828,46.645332,36
437836,3.7923326,7
437868,29.431667,15
437900,23.613005,29
437908,40.519333,18
437924,9.404669,14
437936,42.645668,27
437960,28.126331,9
437988,6.7943335,13
437988,1.8556664,7
438008,24.431667,5
438012,15.272001,26
438024,8.109668,9
438036,23.931334,34
438060,9.737667,13
438064,5.203334,10
438112,5.327667,13
438120,30.948,14
438152,47.483,29
438156,6.6920004,36
438172,3.5016668,5
438176,2.4483333,5
438184,6.7886667,16
438212,28.648998,7
438212,4.559666,9
438212,1.6433332,10
438224,42.776,28
438240,-1.2276666,7
438240,28.162334,7
438268,3.662333,7
438300,13.707333,22
438308,35.889,17
438340,42.462997,29
438340,38.68267,18
438344,11.4903345,11
438360,2.365,5
438364,-2.2283332,5
438392,-0.1643331,7
438400,4.693333,10
438432,16.417004,31
438432,7.666667,10
438452,18.60933,28
438452,25.965,5
438472,26.278334,5
438476,7.153666,11
438484,12.106,8
438500,6.1323338,7
438532,52.207664,33
438568,40.22767,23
438596,33.145332,16
438624,14.921664,35
438628,46.644,32
438644,4.9606667,12
438656,-2.1376667,7
438680,26.825333,6
438688,8.068666,16
438700,3.5279999,14
438708,30.931667,35
438736,-2.2226667,12
438752,1.8459995,18
438756,6.6146665,14
438772,2.8316665,5
438784,29.817333,12
438788,30.335999,8
438804,-0.34833324,5
438808,47.268333,25
438828,29.848,14
438832,5.070334,11
438848,33.013336,10
438860,1.4523332,7
438872,14.179001,17
438876,10.2906685,12
438888,26.555668,7
438892,25.738333,5
438932,28.917,11
438952,7.86533,26
438960,4.7089996,7
438972,15.264669,24
438984,27.736,8
438992,17.855001,25
438992,1.6483334,5
438996,-2.817,9
439032,4.193333,10
439052,5.945666,17
439052,0.10833335,5
439080,1.1656668,7
439084,5.471,23
439120,30.439667,9
439120,46.283665,31
439124,8.217001,11
439144,10.267668,23
439144,3.0349996,5
439172,3.789,7
439188,33.197,11
439216,20.254667,24
439228,39.979004,27
439244,1.9423337,7
439248,10.496335,19
439252,41.825333,16
439272,4.0323334,7
439280,29.562332,7
439284,5.736333,9
439292,6.6319995,16
439320,0.31233335,7
439328,32.50467,14
439340,7.221334,14
439372,9.801001,13
439400,24.67666,30
439404,36.592003,16
439444,6.5899997,10
439520,22.559004,37
439532,66.87699,51
439544,1.942,6
439568,2.5686665,6
439584,18.435003,35
439604,33.119667,9
439616,54.418,54
439624,29.726665,10
439652,4.1496663,9
439672,6.134,12
439688,12.9036665,21
439716,49.092003,46
439732,10.948334,15
439740,8.381001,13
439748,4.216,8
439764,46.612663,28
439780,7.5033336,10
439784,31.906334,9
439800,29.526333,9
439804,0.7816665,5
439828,-1.5243334,7
439832,7.007666,13
439848,16.719667,29
439848,2.8069997,11
439864,31.453,9
439892,5.1270003,11
439904,16.286001,18
439908,33.303665,11
439936,0.3870002,11
439952,2.1373336,12
439956,-0.3893335,12
440016,9.218333,15
440020,3.246999,21
440036,17.71367,21
440048,2.2826664,8
440068,6.747333,12
440108,33.265,15
440120,8.547667,13
440124,18.510666,22
440144,1.3419999,6
440156,12.584002,12
440196,5.6060004,18
440212,35.869,17
440216,3.755,5
440220,35.215336,16
440236,-0.7683333,5
440264,4.9856668,7
440284,1.9083333,5
440320,63.289326,118
440340,19.630003,30
440348,5.622333,7
440360,-2.4016666,5
440368,24.271667,5
440384,22.734331,43
440412,25.360664,32
440420,5.571666,15
440432,3.1883335,5
440440,0.9583334,5
440464,1.2653332,6
440468,6.8896675,9
440472,47.715336,26
440496,4.9726663,8
440508,3.549667,9
440532,-1.7646668,6
440560,2.2623334,7
440568,12.346003,18
440584,26.449667,29
440620,4.8396664,9
440652,5.913667,21
440684,49.287003,31
440708,6.254667,14
440796,11.970668,22
440812,97.97565,107
440812,26.424,32
440852,6.9046664,14
440864,10.181002,13
440868,5.031334,14
440884,0.9583335,5
440888,0.28633332,9
440888,-0.008333206,5
440916,2.8423333,7
440928,42.84233,77
440936,2.7906666,12
440948,12.901999,16
440968,29.302666,8
440980,3.3693333,8
441000,0.5783334,5
441012,6.2003336,11
441032,-1.175,5
441036,6.4000006,30
441096,32.443996,42
441124,17.527334,22
441132,22.097664,33
441160,31.546333,9
441176,9.727001,11
441200,18.29733,42
441208,0.38066697,12
441220,30.090332,11
441244,5.6463327,9
441260,10.526667,10
441280,4.556333,9
441320,19.923332,30
441324,32.878666,16
441344,4.3950005,5
441348,26.355667,7
441380,-0.7403333,9
441396,29.158337,75
441440,5.2743335,23
441464,17.517004,21
441468,49.685665,47
441484,26.918333,5
441488,12.644332,23
441492,7.7510023,13
441496,2.769,7
441536,5.267667,13
441544,5.8513336,14
441572,3.7523332,7
441580,36.703667,21
441588,0.53766644,13
441592,14.434999,25
441608,1.625,5
441616,30.726334,9
441640,4.112,6
441692,14.121668,25
441728,13.397334,22
441732,15.2300005,40
441756,3.0686665,6
441756,31.565332,16
441760,28.662664,38
441764,-2.3769999,9
441804,5.146666,10
441812,8.827667,13
441832,7.9830008,19
441840,4.376333,9
441856,0.7853333,6
441868,45.652664,28
441896,1.4089999,7
441908,8.701,13
441916,26.018333,5
441936,20.081335,24
441968,-1.8173333,8
441988,-0.694,18
442008,2.12,10
442036,4.0373335,12
442040,7.6493335,8
442080,50.031006,43
442080,70.28567,67
442108,10.829332,18
442136,3.8213332,14
442168,22.724,32
442184,12.206332,19
442204,11.619001,17
442208,45.08067,32
442240,-2.5706668,8
442240,5.3963337,9
442252,42.64033,21
442260,7.9829984,19
442276,3.799666,9
442304,4.782333,7
442344,18.498665,26
442376,7.3960013,18
442404,1.429,7
442408,50.223,39
442420,44.573334,40
442424,-1.0649999,5
442480,10.599334,18
442488,31.632,16
442488,49.542,36
442508,12.254,22
442524,2.9096668,9
442536,28.475666,7
442560,36.662666,18
442572,43.071003,23
442596,28.826332,9
442616,15.190001,20
442644,39.316,18
442648,4.4409995,13
442668,0.4183333,5
442684,5.806667,10
442716,30.902668,8
442720,14.017667,13
442728,62.097015,51
442744,0.29233348,7
442748,27.075666,7
442752,4.188667,6
442764,26.091667,5
442772,26.411667,5
442788,4.3333335,10
442800,29.066334,9
442808,9.892668,48
442820,33.797333,12
442832,31.157001,11
442860,7.6643343,13
442888,4.392333,7
442892,16.072666,18
442900,18.755001,25
442920,6.526,8
442920,27.691666,5
442920,40.437332,22
442932,6.623334,10
442948,5.2123337,7
442980,36.598335,15
443004,3.0413332,14
443008,32.403,19
443024,25.842003,26
443024,5.258333,5
443044,4.7083335,5
443048,34.002335,17
443068,4.9883327,5
443124,6.628,14
443148,37.48167,35
443180,18.331333,14
443192,9.373667,11
443212,26.225,5
443244,4.8619995,16
443268,1.7946666,14
443280,35.25633,59
443316,1.7606667,12
443336,51.802666,78
443344,27.642334,7
443360,8.796667,20
443360,9.209666,29
443372,-1.571,7
443388,6.411,13
443392,2.9750001,5
443420,5.0883336,15
443432,5.1970005,11
443460,12.455002,25
443512,6.777666,13
443516,10.457001,21
443556,34.363667,41
443556,6.1033335,10
443568,31.287998,14
443588,30.994,42
443616,0.6556667,7
443636,10.859,17
443664,0.70233345,7
443672,47.13633,29
443692,-0.13433313,7
443712,1.625,5
443720,31.704,12
443728,50.697666,43
443748,28.659,7
443768,30.858,14
443796,1.0856668,7
443800,63.162003,46
443808,11.970001,20
443812,4.478667,16
443836,3.6753333,6
443848,31.386665,10
443852,33.594666,14
443888,30.779667,9
443892,4.8603325,11
443912,1.0383334,5
443932,26.205,5
443952,6.221999,16
443956,15.863335,30
443960,48.346672,40
443972,26.851665,5
443976,34.723667,11
444004,28.126999,11
444012,10.694668,14
444016,5.3469996,11
444036,9.815001,15
444036,2.875,5
444040,-0.1476667,7
444040,1.4663334,9
444068,29.589,7
444088,26.078333,5
444104,9.495666,17
444112,14.762669,18
444120,38.023666,21
444124,2.2963333,9
444124,4.418334,5
444132,1.5983334,5
444144,26.005,5
444156,7.039334,8
444180,2.6639998,12
444188,10.256,8
444188,5.627,11
444216,26.209,7
444216,4.7363324,9
444228,31.26,10
444236,-0.061666727,5
444248,1.5049999,5
444296,3.3406668,12
444304,38.497334,22
444340,3.5569997,11
444340,35.192,26
444348,61.51233,57
444348,30.630333,11
444360,-0.23833334,5
444372,-0.91733325,8
444376,1.889,7
444380,-1.8583333,5
444380,2.2593331,8
444412,9.636668,10
444420,1.2036667,11
444488,19.525667,27
444520,3.462667,8
444536,18.273666,31
444540,18.866667,30
444568,33.515663,47
444572,32.006332,9
444588,38.98233,17
444616,7.990667,12
444620,32.174,12
444620,15.770002,20
444636,4.1016665,5
444640,6.180999,13
444652,5.2326665,8
444664,4.2153335,6
444680,3.3589997,7
444688,0.54100037,13
444692,-1.531,7
444712,24.918667,6
444760,21.808334,35
444780,27.251667,5
444816,2.5963335,9
444824,32.986,28
444852,1.8256667,7
444852,21.993336,40
444876,1.1453333,6
444880,30.115334,16
444884,40.167004,51
444920,29.533,9
444924,9.467,11
444964,28.919998,10
444972,25.378,24
444972,45.29,30
445000,3.9856668,7
445028,-0.6576667,7
445028,37.238667,16
445032,8.948333,15
445036,17.486334,29
445056,-1.695,5
445056,2.4356666,7
445060,1.0990001,7
445108,31.644333,13
445112,9.227667,13
445120,19.957668,23
445136,6.6323338,7
445148,3.2196665,9
445160,7.216667,10
445164,17.319,27
445184,1.9583333,5
445188,4.0699997,10
445188,7.3123336,7
445220,2.7226667,8
445252,35.422337,17
445276,22.578337,35
445280,4.8449993,15
445296,27.578333,5
445316,27.480667,32
445344,5.6156664,7
445360,28.508999,27
445396,8.109667,9
445404,38.530334,31
445432,14.700666,22
445440,0.8436662,11
445464,3.9683332,15
445468,28.883,9
445484,5.177,11
445500,28.486332,9
445512,6.272333,7
445548,1.5663333,9
445548,8.474002,12
445568,1.7449999,5
445604,27.676332,9
445620,3.9059997,18
445672,5.541,13
445708,6.109666,9
445824,61.64402,132
445836,98.873985,92
445840,40.701004,33
445876,3.023,9
445892,33.612335,17
445896,5.9316664,15
445904,3.8256667,7
445924,3.2723336,7
445932,54.900658,82
445948,9.897999,14
445956,29.349335,8
445976,9.102669,18
445980,4.966,8
445984,6.942333,7
446004,25.809,7
446032,5.4656663,7
446032,2.4673338,12
446036,10.908002,14
446040,18.809,27
446092,31.441334,14
446108,37.576332,19
446120,30.495667,7
446128,43.00733,22
446152,5.7370005,11
446172,2.4103334,11
446192,0.66499996,5
446260,16.252335,27
446276,53.36367,61
446284,21.134335,23
446296,28.011333,44
446300,9.906667,10
446312,25.312332,7
446320,1.9083333,5
446336,3.7753336,6
446340,24.511665,5
446380,5.1069994,11
446384,1.4903332,11
446400,46.64367,31
446400,1.2916667,5
446424,3.782,6
446428,31.710335,11
446444,1.8883331,5
446456,26.102333,7
446472,36.646004,18
446472,51.994667,44
446492,-0.42500007,5
446508,7.0429997,9
446512,33.405666,17
446528,10.872668,18
446532,27.731998,6
446548,25.971666,5
446556,-1.713,11
446576,25.545,5
446596,25.378334,5
446596,8.558668,26
446624,30.129,7
446628,2.6066668,20
446648,-0.20833349,5
446680,3.2593331,8
446704,40.222336,27
446708,2.2556663,7
446736,1.3126667,8
446748,19.683668,31
446752,26.391663,55
446756,3.3783333,5
446776,3.6289997,7
446780,0.69233334,7
446796,2.291667,5
446832,8.656333,9
446868,10.277335,22
446876,38.69067,42
446888,21.267664,33
446896,1.2016667,5
446916,0.29500008,5
446924,1.2463334,9
446948,38.630005,20
447024,18.26167,25
447032,36.91367,21
447052,2.2256665,7
447064,35.705994,58
447076,33.243668,11
447096,8.120334,11
447116,1.7650001,5
447128,1.7786666,16
447152,25.852,6
447196,4.6403337,11
447216,51.148323,75
447220,7.2519994,6
447240,52.670334,31
447244,1.7623333,7
447260,1.185,5
447304,5.9769993,21
447304,41.34233,57
447312,7.8276663,13
447324,1.6583333,5
447344,5.881667,5
447356,9.377001,11
447376,-1.1783334,5
447396,0.22500014,5
447408,39.722,26
447412,2.0223334,17
447424,0.5556667,7
447436,66.122665,48
447452,8.0233345,10
447472,32.865334,16
447492,8.558001,14
447500,6.439,7
447508,14.060333,21
447520,10.542334,17
447524,6.932667,8
447528,1.039,7
447564,1.4029996,9
447568,9.187001,11
447604,44.860332,21
447700,7.781333,24
447720,50.903,39
447728,25.27667,40
447732,57.48867,56
447740,26.191666,5
447752,-0.95500004,5
447760,-0.32500005,5
447800,8.932667,18
447812,3.3509996,13
447872,18.737663,43
447884,40.986,18
447904,0.7393333,8
447908,21.952335,27
447932,5.339,7
447964,12.153337,20
447968,5.5183325,15
448004,11.382669,18
448004,1.2830001,9
448032,6.212333,7
448052,-2.2583334,5
448056,83.248665,76
448064,1.7249999,15
448088,20.953667,31
448100,2.4806666,12
448132,29.980331,11
448132,4.469333,8
448148,40.443665,21
448156,47.138336,25
448160,26.742332,7
448176,3.837,11
448188,-0.10766673,7
448204,1.6479998,14
448208,5.381,13
448224,-1.085,5
448244,26.425,5
448252,12.559667,19
448264,6.7913337,14
448280,31.219666,9
448284,26.876,8
448312,27.062332,7
448332,4.938333,5
448336,21.545666,37
448356,27.105,5
448372,7.4376664,23
448376,0.05699992,11
448408,33.987667,13
448428,11.491333,14
448460,26.922667,8
448480,32.854664,54
448512,3.0310001,13
448520,31.526667,10
448528,19.11,30
448536,6.0053334,6
448556,25.791666,5
448576,3.721333,14
448596,11.003334,10
448596,7.9423337,17
448596,26.505001,5
448616,25.391666,5
448660,33.656998,11
448692,13.261335,24
448712,28.286331,29
448724,5.982,16
448728,29.786333,9
448740,31.522333,7
448748,41.710995,93
448776,33.461,13
448784,30.157,11
448796,35.922333,17
448812,26.222332,7
448812,10.768666,16
448844,2.8359997,8
448856,8.881666,15
448860,43.530334,21
448872,2.092333,7
448932,5.5716662,15
448968,19.779,27
448996,28.185665,7
449004,28.718994,37
449012,10.810001,20
449024,0.9516666,5
449032,-0.28833342,5
449044,1.3416667,5
449072,5.0723333,7
449164,15.111003,23
449164,27.437336,42
449164,51.189327,88
449168,27.171331,34
449184,1.5250001,5
449184,0.9316666,5
449200,0.72300005,9
449204,26.505,5
449212,1.119,7
449220,1.1983333,5
449228,26.458666,6
449228,0.67833304,15
449232,27.365,5
449240,3.1083333,5
449248,-1.5016667,5
449256,8.899001,7
449328,35.916668,20
449328,38.891335,24
449340,7.086999,21
449352,47.536,28
449368,28.893333,10
449388,26.518333,5
449392,4.0743327,13
449396,8.313666,11
449412,26.358334,5
449416,10.067333,22
449452,11.502002,16
449460,32.523666,11
449496,8.558334,25
449504,1.1036668,11
449552,23.775003,35
449560,38.219,27
449568,34.505333,16
449584,1.4853332,6
449596,5.837,11
449604,20.085667,27
449648,35.434334,13
449660,13.269667,19
449696,10.800668,12
449708,24.235336,26
449724,28.943,39
449748,-0.96000004,10
449756,14.064667,24
449764,6.479999,10
449792,2.6903331,11
449796,2.4966664,10
449816,2.7949998,5
449828,28.845333,16
449852,49.33966,39
449852,32.266335,9
449888,27.946333,9
449904,35.067665,13
449924,6.0930004,9
449952,-3.701,7
449972,3.895,5
449988,32.969666,49
449992,27.205,5
450016,16.659336,28
450044,27.475666,7
450048,11.321668,15
450064,46.729664,59
450068,4.5283337,5
450072,1.9723332,7
450084,25.925,5
450108,8.5963335,9
450112,3.1956663,7
450144,14.013001,19
450152,19.286667,40
450188,6.153667,11
450196,41.943665,21
450208,2.4283333,5
450252,46.705338,36
450276,45.33033,31
450284,39.390667,22
450304,25.751667,5
450312,9.295001,15
450340,31.115665,7
450340,21.531,33
450360,4.9283333,5
450376,12.061667,25
450388,15.873668,21
450392,33.874336,13
450408,30.110666,12
450408,4.7460003,8
450412,26.651667,5
450444,26.806334,9
450460,10.296002,18
450480,0.8850001,5
450500,-0.77166665,5
450508,34.165333,16
450520,13.182332,27
450536,3.0589998,7
450552,10.568666,36
450556,5.051333,14
450576,2.682,6
450592,-0.06699991,9
450604,16.047003,21
450624,25.298332,5
450684,31.105663,37
450716,6.0026665,8
450732,9.479666,39
450744,3.319,7
450760,51.750664,42
450796,6.3676662,13
450816,-0.16166663,5
450828,37.486996,51
450844,0.80900013,7
450868,24.958004,34
450872,5.0323334,7
450876,33.717335,12
450928,12.148334,15
450932,18.507668,43
450940,6.4319997,16
450980,5.087666,13
450988,7.6906667,12
450992,8.25,30
451032,9.717667,13
451088,32.758,14
451108,32.817997,44
451120,15.817338,32
451140,31.830997,13
451148,27.826668,10
451160,51.14767,43
451172,31.317665,13
451208,4.816334,9
451216,33.254665,14
451224,6.0536666,21
451236,0.43499994,5
451252,4.347,11
451256,20.952335,27
451276,5.7033334,10
451276,0.07866657,6
451292,2.1196666,9
451312,3.603,9
451312,0.84166664,5
451320,15.858,24
451328,1.7843335,13
451340,-0.5416666,5
451372,-2.6596668,11
451376,10.968668,16
451396,9.717001,21
451408,7.975666,17
451420,37.870667,12
451432,5.289666,9
451444,13.079001,17
451488,4.8913336,14
451496,6.6543326,13
451524,18.719666,29
451532,2.0663335,9
451544,2.775,5
451548,28.415,15
451592,1.3336667,11
451616,39.096,18
451620,2.7856667,7
451652,1.6496665,9
451656,29.572998,9
451684,28.862333,7
451712,19.411667,45
451724,59.86199,76
451724,4.12,10
451736,2.3753338,6
451752,1.755667,7
451764,46.986,28
451764,29.122334,7
451780,26.749,7
451800,12.2230015,19
451812,30.397333,12
451840,9.691668,15
451844,5.860333,11
451848,9.573668,21
451868,-1.7676666,7
451884,13.266001,18
451892,2.0373325,12
451920,28.767666,13
451920,5.9763336,9
451924,6.772666,8
451936,8.894001,22
451948,27.895666,7
451968,3.677,11
451972,26.022999,9
451996,2.8989997,7
452008,12.198336,15
452028,5.3823333,27
452032,6.4830008,9
452080,11.812336,27
452088,5.4446664,14
452124,17.371336,24
452156,9.646334,19
452220,40.547997,24
452220,19.18433,33
452228,39.681667,55
452240,-1.0516669,5
452248,15.727667,23
452268,4.9550004,5
452280,2.9310002,13
452280,7.2000003,10
452300,27.591667,5
452304,3.2286668,6
452312,29.110332,11
452312,9.487669,23
452348,31.272999,9
452384,7.5459995,18
452384,5.276334,9
452396,10.927665,23
452472,3.1596658,19
452492,17.752337,27
452504,6.959334,8
452512,18.017662,53
452532,6.492334,7
452568,11.496335,19
452596,1.8223335,7
452608,14.573002,19
452620,40.265667,27
452632,67.104004,62
452636,3.7123332,7
452680,31.453667,21
452684,9.898666,16
452692,12.264999,15
452700,4.458333,5
452712,28.678333,5
452720,-0.22166681,5
452732,8.084,12
452740,-0.4510001,7
452760,41.467003,31
452780,3.135,5
452792,7.191001,13
452812,3.7616668,5
452820,34.578335,25
452832,-1.1416668,5
452840,1.1283333,5
452868,5.3023334,7
452876,1.397,11
452896,34.040333,41
452972,28.929333,48
453000,7.4753337,26
453020,17.505999,38
453032,38.443,39
453072,12.95167,25
453088,13.309001,17
453108,13.0823345,27
453112,8.483334,20
453116,35.077003,11
453128,3.4599996,10
453148,25.871666,5
453196,2.4706666,12
453244,19.691,33
453256,17.875002,35
453288,18.104332,23
453308,7.971,13
453348,4.716667,10
453348,33.638332,15
453352,48.87233,27
453368,4.6150002,5
453388,3.159667,9
453396,3.7439997,12
453408,31.073334,10
453416,0.749,7
453428,2.5549998,5
453436,-0.51166654,5
453476,63.933994,92
453476,5.49,20
453484,28.714668,14
453500,38.742,16
453504,4.9816666,5
453524,26.770666,12
453528,11.897667,13
453540,-0.24699998,9
453552,25.789,7
453632,18.978668,26
453652,19.156002,28
453652,25.211666,5
453672,3.2150002,5
453696,1.6253333,6
453716,35.787994,54
453724,6.779333,18
453728,29.391335,44
453732,32.953,9
453744,4.845667,7
453748,2.6486664,6
453756,28.219,7
453776,7.140332,11
453792,0.94966674,9
453792,8.877336,12
453828,34.127666,13
453836,10.153999,22
453884,36.854332,23
453900,35.439003,27
453908,8.003334,20
453912,6.1723337,7
453928,0.12166667,5
453952,35.22767,13
453964,27.459667,9
453980,26.622334,7
454000,25.765,5
454000,46.410667,22
454084,17.343668,21
454096,15.611334,24
454128,5.1259995,8
454136,36.387665,13
454136,47.38433,43
454160,52.220345,81
454164,-3.8243332,7
454184,0.6883334,5
454188,31.302334,7
454204,12.303,19
454208,-0.32166672,5
454212,12.506333,19
454232,26.571667,5
454252,28.224998,5
454260,12.249666,19
454296,19.017334,22
454316,19.106,28
454324,13.072001,16
454352,40.405,25
454352,3.409,7
454360,6.735333,16
454380,0.865,5
454396,33.710335,11
454400,1.9169998,21
454404,2.3286662,6
454428,3.0423331,7
454448,-0.46833324,5
454472,28.196667,30
454476,4.099,7
454496,40.291,23
454512,22.979668,29
454528,-0.48066664,8
454536,2.198667,16
454544,5.0060005,8
454548,9.672667,18
454568,1.315,5
454572,9.867001,11
454576,4.2066665,10
454580,6.8996663,9
454608,5.199666,9
454620,4.633333,10
454628,7.8316655,15
454644,14.772336,17
454664,6.478,14
454672,7.754333,13
454712,14.003668,21
454716,10.780333,11
454728,34.335335,16
454728,12.557002,21
454744,2.529,7
454768,7.528001,14
454800,26.889332,8
454816,29.589333,18
454868,10.267666,13
454884,36.809666,39
454896,62.64734,42
454908,41.979004,27
454912,27.402332,7
454932,33.998665,16
454932,29.899666,9
454952,8.707002,11
454968,31.513,9
454992,0.6450001,15
455000,8.367332,22
455016,32.277336,12
455060,-0.553,11
455108,24.613,39
455148,2.5633337,10
455148,23.483002,39
455184,33.219666,9
455200,18.611664,35
455208,-0.35500002,15
455208,36.230667,52
455240,6.6759996,8
455260,4.1610003,13
455260,32.475,15
455260,26.845,5
455280,0.53499997,5
455300,26.318333,5
455308,42.54033,31
455316,6.2746663,14
455340,13.270002,20
455348,1.2559998,8
455356,1.7113335,14
455368,-0.46500015,5
455384,2.8556666,7
455436,6.9143333,13
455444,48.467995,34
455492,43.93933,38
455504,6.541667,15
455512,1.9749999,5
455548,22.999332,28
455548,5.1096663,9
455560,7.5213327,14
455560,57.829323,48
455588,1.5523332,7
455612,12.425333,16
455620,3.0726666,8
455660,35.979336,28
455660,14.338336,25
455680,0.0016667843,5
455720,11.849001,27
455724,4.630333,11
455740,20.313334,30
455768,18.105669,27
455780,9.266666,10
455804,2.1463332,9
455820,2.833333,10
455836,43.25267,28
455836,17.476332,29
455844,7.0366664,10
455872,2.3763332,9
455900,30.988998,7
455908,33.854,22
455944,7.416333,9
455964,0.0016665459,5
455984,31.981672,35
455992,58.772995,39
456004,24.752003,26
456012,24.904999,5
456012,27.148998,7
456044,30.942667,8
456064,2.6583328,15
456068,34.335335,26
456080,7.429,17
456116,8.874,12
456160,13.026335,29
456164,36.785,25
456180,1.0783334,5
456200,25.853333,30
456252,47.851334,34
456268,30.675667,17
456284,47.758667,26
456312,28.002333,7
456336,31.114336,43
456348,14.934668,24
456356,33.28367,11
456388,2.0333335,10
456416,35.00833,15
456444,1.2256668,7
456444,27.621338,44
456448,2.995,15
456492,33.930668,12
456492,26.562996,39
456496,4.1439996,12
456532,39.814,22
456564,11.472667,18
456564,35.46267,18
456568,1.1963336,9
456576,12.950001,20
456584,25.311666,5
456612,0.59566665,7
456636,14.535001,15
456676,50.706,28
456684,5.0926666,18
456712,0.52966666,9
456724,53.462997,39
456728,1.6169999,11
456744,26.198334,5
456808,12.77,20
456808,32.565334,16
456820,43.192337,27
456824,20.15233,47
456828,-1.075,5
456828,2.4516664,5
456840,-0.72833335,5
456864,0.85533345,6
456892,1.599,7
456896,2.8889995,17
456904,11.626668,20
456924,1.1090001,7
456960,27.564337,33
456960,32.719666,9
456972,16.699001,17
456988,31.502335,7
456992,3.4483333,5
457000,16.112335,27
457024,19.838667,16
457040,3.9540002,12
457076,32.826332,9
457136,26.046,28
457172,5.4763336,9
457176,45.25899,47
457180,53.451668,45
457208,6.306334,9
457208,5.742333,7
457228,3.0843334,13
457252,26.418667,6
457256,56.488335,45
457264,6.888,14
457288,5.069333,8
457324,2.199667,9
457368,2.0836668,11
457380,14.284,32
457392,19.584003,32
457408,22.096663,50
457416,31.279667,9
457452,0.8436663,11
457488,14.108003,24
457512,9.138334,15
457516,28.508999,7
457516,11.455001,25
457536,4.3553333,6
457544,0.80566657,7
457548,8.916,8
457552,15.661999,46
457604,1.6846671,14
457644,13.131668,25
457664,11.555,15
457672,-0.17100006,7
457688,2.6486666,6
457700,17.14567,37
457704,42.17067,42
457708,0.8083334,5
457728,27.695667,7
457764,41.114334,23
457772,4.4836664,11
457800,16.494667,24
457820,4.7539997,12
457820,42.432667,28
457828,0.20233333,7
457840,3.085,5
457876,29.179667,9
457888,36.428333,15
457916,23.13133,24
458004,21.336332,29
458024,1.6283333,5
458032,20.726334,29
458044,0.3083334,5
458052,73.313995,72
458076,4.817,11
458080,4.119667,9
458080,33.983673,51
458120,34.730335,11
458124,3.2236667,11
458128,6.4663343,19
458148,34.809,17
458168,2.9403334,11
458192,5.0059996,18
458196,-0.40433335,7
458224,11.199665,19
458240,0.036999464,11
458240,4.6406665,12
458260,0.17833352,5
458264,43.154667,34
458280,0.74333334,10
458284,33.985,15
458284,26.398333,5
458296,32.899666,9
458304,25.818333,5
458316,28.803,9
458324,25.698334,5
458412,21.258,24
458436,23.368332,35
458436,32.17933,38
458440,3.9056668,7
458444,44.543327,30
458456,-1.5283333,5
458472,26.862333,7
458476,5.719667,9
458512,10.486335,19
458516,2.2366662,10
458532,1.3916669,5
458536,2.895,5
458580,16.573666,31
458600,0.91833335,5
458604,13.099335,18
458644,25.611002,43
458648,5.0039997,12
458704,33.148003,14
458712,50.675667,27
458732,2.5816667,5
458756,32.611,13
458788,45.567665,63
458792,7.0883327,15
458804,31.967335,12
458808,22.757008,41
458828,0.35866666,6
458832,5.9920006,6
458836,6.2203336,11
458856,25.945,5
458868,40.33,20
458868,29.826332,9
458888,30.045,5
458912,10.518002,14
458940,4.194334,13
458944,-0.350667,8
458948,20.416666,30
458964,2.955,5
458980,6.8793335,28
458984,28.693,9
459000,7.229666,9
459000,5.5583334,15
459020,2.2883334,5
459064,6.157,11
459080,9.401331,24
459080,42.373333,20
459100,3.5516663,5
459140,16.295002,15
459164,20.54167,25
459164,31.532,16
459172,19.862669,48
459180,4.6966667,10
459216,2.1976666,13
459220,4.5279994,14
459256,5.049667,9
459276,34.655,15
459296,20.196335,29
459304,31.210667,12
459304,0.9489999,7
459316,-1.8316665,5
459324,0.021666646,5
459352,25.195667,7
459376,17.172668,18
459392,36.868336,55
459400,32.397335,12
459404,16.207336,22
459412,26.578333,5
459440,3.4196668,9
459460,34.550667,12
459476,34.013,9
459480,13.522003,26
459488,12.527334,22
459488,1.0656668,7
459504,0.91233325,7
459512,5.2959995,8
459540,36.914333,13
459540,4.2790003,7
459560,1.3116667,5
459592,34.117332,22
459640,4.723333,20
459640,17.29267,38
459668,12.896336,19
459696,3.2923331,7
459708,18.734,42
459800,27.789999,40
459828,15.614334,33
459828,22.612335,47
459840,11.750999,33
459852,1.4986668,6
459856,4.698,14
459860,25.958332,5
459872,25.425,5
459884,4.8389993,7
459896,6.912333,17
459912,2.8623328,7
459932,3.1063333,9
459932,0.725,5
459952,-1.3216666,5
459988,5.039667,9
459996,49.59133,34
460016,-0.09500003,5
460064,18.334332,33
460068,35.127666,13
460088,3.6750004,5
460124,30.769667,9
460140,36.359005,67
460160,31.586334,9
460184,41.233006,49
460184,27.978666,6
460192,43.197334,32
460204,-1.1449999,5
460232,18.187668,23
460236,25.703667,11
460252,24.338333,5
460264,1.7290001,7
460268,3.637,21
460328,5.198666,16
460332,14.942002,16
460348,3.7649999,5
460376,26.195667,7
460388,11.497999,34
460416,28.209,7
460428,14.068001,24
460432,72.56234,57
460456,11.640001,20
460468,7.0709996,13
460480,5.117667,13
460500,4.0750003,5
460520,5.7786665,16
460520,27.525,5
460528,26.938,24
460544,45.30967,19
460548,0.41566658,7
460548,29.482334,7
460564,1.5896667,9
460580,1.6626667,8
460608,0.3486669,16
460612,12.712002,16
460680,24.011667,25
460684,19.413332,30
460720,2.0396664,9
460724,41.263,29
460740,26.371666,5
460744,25.325,5
460744,31.710999,33
460776,1.0263335,9
460800,27.538666,6
460816,38.896,18
460820,54.065002,35
460852,4.599666,9
460888,31.382332,17
460892,41.967667,23
460896,27.733665,11
460904,34.04333,40
460916,-0.3243333,7
460948,2.2410002,13
460952,7.949667,9
460972,5.2356668,17
460972,40.986668,20
460996,29.610332,11
461000,3.9290001,7
461020,0.8086667,6
461020,24.825,5
461028,3.2146664,14
461032,14.867,21
461056,32.74633,9
461072,28.06,10
461080,4.1919994,6
461100,5.4700003,20
461104,29.636,8
461108,27.935665,7
461128,3.1349998,5
461144,7.623667,11
461192,14.134003,22
461196,8.581001,13
461204,11.473001,19
461212,-0.30500007,5
461224,4.6683335,5
461252,1.2590001,7
461272,1.7850001,5
461292,16.294668,24
461308,14.584667,24
461320,8.927334,12
461364,15.159336,18
461372,101.43534,86
461380,33.449333,18
461384,26.231667,5
461388,7.2823324,17
461404,-0.83733356,8
461408,-0.22500002,5
461412,-0.4543332,7
461420,1.9966661,10
461440,4.8429995,9
461440,2.1850004,5
461468,30.594666,14
461480,4.35,10
461508,29.992332,7
461516,8.114,12
461536,7.8013325,24
461540,20.860998,33
461544,4.6590004,7
461580,6.0729995,9
461588,4.963334,20
461640,16.61167,25
461640,12.171668,15
461668,1.5090003,7
461668,28.102333,7
461676,30.610668,22
461704,10.483,9
461756,1.921,13
461768,25.569336,58
461776,0.37833333,5
461800,2.3193333,8
461804,24.15067,32
461836,-1.8873333,8
461840,-0.16666675,10
461848,14.732668,18
461852,29.665337,46
461860,-0.16833329,5
461864,3.1889997,7
461884,2.8116665,5
461888,3.8463335,9
461916,3.1156669,7
461924,1.98,10
461940,37.923332,20
461944,26.884998,5
461996,7.894333,13
462008,27.999998,40
462016,9.786332,19
462020,4.088667,6
462040,0.98266673,8
462044,25.847334,32
462048,7.7923326,7
462084,10.4470005,11
462084,30.899666,9
462112,5.229,7
462112,12.868002,24
462120,30.606335,19
462132,1.2083334,5
462180,6.7323327,17
462200,28.725,5
462208,11.737335,22
462248,46.577003,41
462252,14.576667,30
462264,33.128002,14
462268,1.9916668,5
462304,6.919667,9
462332,52.29767,33
462352,7.2606664,12
462368,50.236336,29
462404,14.665,35
462420,37.597332,22
462424,0.3649999,5
462456,18.542,26
462468,3.0836668,11
462512,18.741003,23
462528,7.3183336,15
462560,19.182005,26
462572,42.476994,51
462604,-0.05733335,8
462612,6.5936656,21
462632,4.465999,18
462636,5.0593333,8
462680,5.2006674,12
462700,2.2549999,5
462712,33.523,19
462720,5.688333,5
462748,26.255667,7
462772,19.776663,40
462776,72.718666,66
462792,5.407,11
462804,-1.3443334,7
462816,4.1870003,11
462856,32.008667,16
462880,1.2653332,6
462924,43.739002,27
462936,0.501333,14
462944,50.42933,58
462956,0.07833338,5
462988,32.767002,11
463012,27.552,6
463032,19.768997,27
463032,39.432335,57
463036,14.21,20
463060,1.4989996,7
463064,31.267666,13
463076,-0.20666671,10
463104,33.36667,10
463108,11.283002,19
463128,5.571,13
463144,5.183,9
463156,1.4156666,7
463200,14.831335,24
463220,2.5149999,5
463224,6.838999,17
463236,15.591002,23
463280,7.2869997,11
463280,30.525002,55
463288,34.195667,17
463308,27.409,7
463336,34.041332,14
463364,0.38899994,7
463384,27.165,5
463396,27.11767,43
463416,2.525,5
463416,47.960663,32
463456,10.959334,18
463460,29.742664,38
463480,35.31867,16
463492,36.629665,19
463528,13.102335,17
463544,13.278668,16
463564,4.0996666,9
463564,40.122665,18
463580,15.130333,31
463584,27.006666,10
463600,4.6416674,5
463628,32.053665,11
463644,3.1903336,11
463656,20.264334,23
463664,26.884998,5
463720,30.203001,39
463724,12.084667,24
463748,3.2789998,7
463752,41.517998,24
463764,1.3433332,10
463788,4.0263333,9
463792,2.869,7
463792,28.533667,11
463828,5.5730004,9
463828,2.17,10
463836,3.2970002,11
463852,20.272335,47
463892,37.618668,16
463908,12.059334,18
463916,39.472,16
463920,37.397667,23
463976,8.642334,17
463980,18.562,16
464020,5.0066667,10
464032,3.0413334,14
464032,13.612669,28
464048,11.662999,39
464052,26.718334,5
464060,4.942333,7
464060,6.37,10
464076,2.6623335,7
464080,1.0116669,5
464088,1.6223335,7
464116,32.766666,10
464136,11.020332,21
464152,9.601999,16
464156,32.076668,10
464184,0.5726664,8
464220,13.250334,21
464228,44.222336,37
464232,32.464,12
464240,0.57166684,5
464260,0.24933314,8
464288,30.950665,12
464308,26.672665,38
464316,2.7423327,7
464324,7.8253336,16
464352,8.376334,9
464384,13.103002,19
464384,26.395994,38
464384,3.1593332,8
464416,42.484333,23
464420,33.326332,9
464472,10.077666,13
464504,18.914001,22
464536,28.882668,38
464552,13.437336,42
464568,9.225333,16
464608,12.894668,34
464612,0.8069999,11
464632,2.6220002,6
464636,5.220333,21
464668,32.30633,9
464668,50.197662,33
464672,5.119666,9
464704,13.564335,23
464720,9.384001,12
464740,3.0549998,5
464752,39.19033,21
464760,0.045000017,5
464768,6.721998,16
464780,1.6316667,5
464804,1.6076666,13
464820,7.6133337,10
464824,0.14833319,5
464844,25.778332,5
464860,1.8743336,23
464868,9.127335,12
464904,9.351667,15
464920,13.037668,13
464932,-0.9610001,7
464956,6.158667,6
464960,6.6566663,10
464972,49.089333,28
464980,2.742,6
464996,41.200672,82
465016,25.871666,5
465028,29.469,17
465044,35.696003,18
465072,11.524336,23
465080,1.0576667,13
465088,30.833668,11
465108,1.0423334,7
465128,27.378334,5
465136,20.526665,30
465148,33.251667,15
465160,26.622665,8
465164,14.097668,23
465188,-0.96133316,6
465200,6.6333337,10
465208,12.876,18
465212,25.365334,6
465240,30.235668,7
465268,29.146666,30
465300,17.735,25
465308,32.233334,10
465320,34.913334,20
465340,26.251667,5
465356,57.80899,37
465360,5.8243327,13
465372,39.746002,18
465376,34.553,9
465380,27.605,5
465416,-0.3496667,11
465432,4.5813336,14
465436,25.951666,5
465448,33.909,17
465476,31.182335,7
465480,9.654001,12
465492,6.811333,14
465524,28.136,8
465528,3.5939999,12
465560,33.44367,51
465572,6.1270003,11
465604,31.657,11
465612,29.506666,10
465632,21.219002,27
465640,25.702333,7
465664,4.9393334,8
465668,40.292667,48
465704,28.406334,9
465724,11.693666,21
465728,10.025335,16
465748,48.02533,36
465764,12.545001,15
465856,16.915668,27
465920,15.029665,49
465920,12.876331,39
465924,34.61567,17
465928,21.84,50
465948,25.271667,5
465972,32.007668,13
465976,35.061,13
465984,15.355331,16
466004,1.8583332,5
466012,-0.46033335,9
466020,33.102665,18
466056,30.450333,11
466064,5.1536665,11
466084,-1.1916665,5
466092,19.357334,22
466120,26.302334,7
466136,16.623335,20
466140,64.16733,42
466176,38.427666,23
466184,36.842003,16
466200,6.945,15
466220,2.8563333,9
466232,6.485999,8
466240,1.0983334,5
466248,43.636,28
466256,4.4300003,20
466268,2.5263333,9
466276,2.715,5
466296,1.595,5
466384,25.135336,36
466416,4.426,8
466436,-2.5549998,5
466456,-0.79833317,5
466472,41.091328,44
466476,0.645,5
466556,35.66,20
466584,81.17467,84
466584,-1.3943334,7
466612,0.32900012,7
466628,29.623667,11
466644,55.158012,94
466652,6.555334,6
466688,40.627995,54
466688,28.106333,9
466688,11.169668,19
466708,3.1449995,5
466720,3.319667,19
466756,32.944,12
466772,32.401,13
466796,2.7666667,10
466796,20.185669,27
466800,5.785667,7
466828,1.829,7
466844,29.059666,39
466844,27.524,12
466864,38.759003,17
466864,-0.29499996,5
466892,27.455666,7
466908,11.8220005,16
466916,9.227335,22
466920,26.812332,7
466940,13.456332,19
466972,4.9893336,8
466980,3.6359994,18
466992,26.305,5
467000,0.6650001,5
467012,40.824333,23
467020,4.765667,7
467048,1.9463336,9
467080,13.890001,20
467112,9.351998,16
467116,13.371333,24
467136,4.0683336,5
467136,44.664993,55
467144,6.532667,8
467164,4.812333,7
467164,-0.9276668,7
467200,2.053,9
467228,0.55900025,7
467240,37.043003,19
467256,24.061335,44
467256,12.792666,28
467272,0.42366672,11
467308,30.030998,13
467316,9.010334,11
467324,36.569,17
467380,11.599333,18
467384,32.70233,17
467396,29.383001,39
467408,12.010333,21
467416,3.249333,8
467436,27.862331,7
467464,28.129,7
467472,7.7046666,14
467492,11.277999,24
467516,31.024334,13
467520,32.804,12
467588,14.119334,18
467608,-1.3950001,5
467628,27.058334,5
467652,21.791,33
467656,6.5156665,7
467660,46.839996,70
467688,-0.45733333,8
467696,31.180332,11
467724,1.3056667,7
467728,32.372993,59
467748,2.371667,5
467760,0.8063333,9
467764,16.362,26
467784,0.7329998,9
467816,31.641335,14
467864,15.793336,20
467868,37.934334,13
467904,30.699667,9
467924,0.51166666,5
467944,3.655,5
467948,34.53367,21
467948,37.804996,65
467972,0.98566663,7
467984,31.133,9
468000,2.2256665,7
468004,32.493336,60
468012,8.965333,16
468096,37.317,21
468116,14.602997,29
468116,25.481,33
468120,7.3120003,6
468128,21.507,31
468168,6.860999,13
468176,35.881668,15
468188,26.611668,5
468200,0.472,6
468216,21.271334,24
468236,2.3083332,5
468288,9.7506695,22
468304,29.021336,44
468316,28.082333,7
468328,11.667667,23
468352,32.19967,9
468356,15.754003,42
468372,3.1503336,11
468388,13.643667,21
468424,7.6789994,17
468428,5.393,19
468436,36.211998,16
468444,4.601667,5
468476,6.7499995,10
468484,7.8299994,10
468488,14.945004,25
468500,2.595333,6
468528,5.337,11
468532,33.740334,11
468548,27.011665,5
468556,2.8013337,14
468584,11.886334,39
468592,3.4403334,11
468600,34.05033,11
468620,-0.64100003,7
468628,3.8236666,11
468652,8.149334,8
468656,46.787003,31
468672,3.241667,5
468676,-0.14833331,5
468688,13.577336,22
468688,2.865,15
468692,-0.27499998,5
468704,1.309,7
468740,6.754333,13
468744,16.404669,14
468756,7.3543344,13
468776,3.9726663,8
468776,20.260332,21
468792,0.61633337,9
468804,6.7320004,16
468824,5.900667,12
468836,29.400333,11
468856,37.660004,20
468872,1.9589999,17
468884,8.314,12
468888,36.012,16
468924,33.022335,17
468928,31.177,11
468936,4.1886663,16
468944,2.2916665,5
468972,2.332333,7
469004,10.933001,19
469032,35.441666,15
469048,7.900333,11
469060,63.51767,43
469064,4.7326665,8
469068,26.251667,5
469100,4.87,10
469120,3.1913333,14
469136,29.709993,50
469148,2.382333,7
469180,20.373335,20
469200,10.335335,16
469220,-1.9083333,5
469228,5.1206665,12
469256,2.949,7
469272,54.513664,31
469300,10.543335,20
469300,0.7356665,7
469320,1.5383334,5
469336,18.38,20
469344,83.67299,69
469368,38.109,17
469380,5.2283335,15
469420,0.3103335,21
469432,16.040667,22
469436,27.421333,14
469472,2.7296667,9
469476,3.7836664,11
469504,27.275667,7
469584,45.04267,28
469588,39.314,42
469616,1.3523337,7
469636,71.688995,67
469636,-3.105,5
469656,20.172668,38
469668,29.835999,8
469676,6.3643312,23
469688,2.5526667,8
469696,0.47166657,5
469708,1.9650003,5
469752,3.9769998,11
469768,9.492667,18
469784,12.182335,37
469788,3.1283333,5
469808,4.6653333,6
469812,16.045336,36
469816,26.482334,7
469824,9.149333,18
469856,10.997333,12
469876,-1.3683333,5
469888,9.662667,18
469920,9.663668,11
469940,1.2749999,5
469948,11.078333,15
469960,-1.6083333,5
469968,26.665,5
469984,3.1486669,6
469988,46.150337,41
469988,27.671665,5
470008,-1.675,5
470012,27.409,7
470012,67.93001,50
470048,5.018334,15
470060,28.410667,12
470068,6.7016664,15
470080,3.1483333,5
470080,1.6260002,8
470108,24.191332,24
470108,2.1323335,7
470112,31.603666,11
470128,25.904999,5
470140,6.069334,8
470160,-1.4716666,5
470184,13.985333,26
470220,12.858999,27
470220,42.321,23
470236,8.7109995,13
470260,0.62,10
470272,4.8496666,9
470280,20.11,30
470308,27.815666,7
470320,37.785004,15
470324,34.54767,13
470340,5.8683333,5
470360,6.704333,13
470376,2.7030003,9
470388,1.8556666,7
470396,0.22500014,5
470408,15.107002,21
470412,12.289333,48
470416,28.949,7
470440,2.8203335,11
470496,12.041333,14
470496,7.583667,21
470516,26.438334,5
470536,27.411667,5
470556,21.652332,37
470564,28.789,37
470580,4.7403326,11
470584,1.5956669,7
470604,26.571667,5
470624,18.297335,32
470628,11.382,16
470640,8.743,9
470648,7.8856664,17
470652,-1.6076666,7
470660,-1.355,5
470672,5.0903335,11
470692,28.265,5
470712,5.664333,13
470720,32.792336,17
470732,17.233667,21
470736,7.950333,11
470740,24.931667,5
470760,26.525,5
470760,28.709,7
470760,2.6906664,12
470780,-0.83833337,5
470780,2.6316667,5
470788,3.0489993,7
470828,6.954334,23
470844,42.045334,16
470848,1.8883334,5
470852,2.9486666,16
470896,53.249664,29
470920,8.422667,18
470928,9.287001,21
470948,2.1816669,5
470956,3.791667,15
470960,2.6566668,10
470968,19.963,29
470980,30.949333,8
470996,30.806667,10
471004,4.0403333,11
471012,4.337,11
471020,-0.7980001,6
471024,8.560334,11
471036,3.7120001,6
471040,9.523001,9
471060,29.766333,9
471076,36.468,14
471080,2.4550004,5
471108,6.159333,18
471116,4.693333,10
471132,42.281,23
471132,32.187668,13
471136,4.9556665,7
471164,6.339333,8
471164,12.434002,12
471180,9.360667,12
471184,27.865,5
471196,35.075,15
471212,1.1160002,8
471216,10.047668,13
471220,6.0163336,9
471224,-0.46099997,7
471240,29.749,7
471272,8.081001,13
471272,7.980667,12
471280,7.6386657,16
471300,26.718334,5
471300,9.611669,15
471316,4.307,11
471320,0.5483333,5
471320,0.12833345,5
471340,-2.7716665,5
471356,4.9430003,9
471380,23.732332,27
471404,10.018668,16
471420,5.1919994,16
471452,52.554672,34
471472,27.218334,5
471476,41.948006,24
471496,34.433,19
471516,32.717003,11
471536,2.0416667,5
471548,6.461,13
471548,42.015335,36
471552,38.426334,19
471564,27.462334,7
471584,0.52166677,5
471584,5.7796664,9
471592,31.657001,11
471632,6.067333,12
471668,2.6963334,9
471676,24.310331,31
471688,5.4416666,5
471688,6.4686666,26
471708,52.056328,29
471712,0.9996668,9
471712,3.942,6
471740,5.192333,7
471764,10.706335,19
471776,11.015667,17
471784,7.633667,11
471792,5.549,7
471816,24.718666,6
471828,4.523667,11
471840,32.222,16
471852,1.0796666,9
471868,3.315667,7
471896,26.188667,46
471904,2.4263334,9
471912,14.107001,21
471916,4.0216665,5
471920,31.442333,17
471932,2.4250002,5
471940,25.898333,5
471956,2.1399999,10
471960,3.7556667,7
471992,30.586332,9
472000,4.411666,15
472060,17.455002,25
472108,32.457333,12
472112,18.809336,28
472128,18.76467,34
472128,4.3483334,5
472148,17.093668,61
472168,27.605,5
472172,3.6669996,11
472188,12.496332,19
472208,-1.3516667,5
472212,10.627001,11
472280,11.53567,27
472288,35.78,20
472316,1.3163335,9
472352,30.859665,9
472364,27.645996,38
472368,17.083336,20
472376,-1.5046667,6
472388,1.6683334,5
472392,5.1323333,7
472412,28.244999,5
472440,68.88267,78
472456,4.0536666,11
472480,1.5500001,10
472492,38.039665,29
472504,2.9639997,12
472524,48.488,34
472544,2.4916666,5
472552,40.836,18
472556,34.44767,13
472564,1.065,5
472576,3.2616668,5
472592,7.102333,7
472596,30.827,11
472604,27.869,7
472620,29.822332,7
472632,0.7290001,7
472640,3.0016665,5
472656,5.0586667,6
472664,5.499001,17
472668,52.30134,44
472716,1.6983335,15
472724,4.5146666,14
472724,34.528336,15
472760,11.980333,11
472772,27.304,12
472772,7.570667,12
472792,25.932667,8
472792,2.695,5
472848,2.538,14
472852,31.774334,53
472876,30.375668,7
472892,7.1166663,10
472924,19.347668,33
472924,19.492664,38
472944,31.734333,13
472960,8.197,21
472972,4.950667,12
473012,8.704334,13
473032,12.417334,22
473060,19.657333,22
473104,36.29767,23
473124,37.573334,50
473136,21.862003,26
473140,6.5196657,9
473144,11.590335,21
473196,32.114666,14
473200,2.914667,14
473212,40.134,22
473220,26.152,6
473240,-1.155,5
473240,2.035667,7
473304,7.8053346,16
473364,37.705,15
473372,27.316334,59
473392,-0.69833326,5
473404,28.207005,41
473440,48.730007,60
473448,5.198,14
473464,12.095001,25
473468,1.4616667,5
473484,-0.8763334,11
473508,7.497,11
473508,30.453333,10
473528,2.8936663,11
473540,2.399333,8
473548,2.6616669,5
473552,45.628998,37
473560,5.0076666,13
473568,1.2189999,7
473568,6.1349998,5
473620,6.1809993,13
473632,7.035334,16
473660,19.675,25
473664,8.653667,11
473688,34.048,14
473700,30.056335,9
473720,-1.7983334,5
473732,36.829334,18
473748,14.025001,15
473768,4.249666,9
473804,31.850998,63
473836,42.469666,29
473848,23.141666,25
473856,5.2883334,5
473888,29.126,8
473912,16.052336,27
473916,50.029,37
473932,-1.9916667,5
473936,1.7650001,5
473976,41.680668,22
473976,30.48,10
473984,35.488,34
473996,0.031666636,5
474016,31.173332,10
474016,-0.06166649,5
474036,-0.41500002,5
474096,11.956668,20
474104,19.791,43
474128,3.6659997,8
474164,5.2429996,9
474172,27.501331,34
474192,27.422333,7
474196,45.274334,23
474212,4.4483333,5
474216,3.7003336,11
474232,67.99066,62
474260,9.937,11
474296,9.442,16
474308,6.747333,12
474324,40.927334,32
474344,51.071,33
474344,34.166336,9
474368,-0.48133326,6
474380,18.070332,21
474400,3.0160003,8
474436,9.019668,9
474472,24.398998,37
474472,10.064333,23
474492,36.57467,14
474496,1.4820004,6
474500,30.082333,7
474508,35.230335,41
474536,5.959,7
474540,-4.7296667,11
474548,1.3540003,12
474560,12.182335,17
474564,2.2823334,7
474592,4.631,13
474608,7.257,11
474612,24.744999,5
474616,37.555668,17
474636,36.92967,19
474648,-0.22033334,9
474684,9.072333,17
474688,2.9133334,10
474704,-1.7116666,5
474732,5.552333,7
474752,17.605335,16
474752,21.428667,36
474768,0.36633348,9
474780,27.992,36
474788,3.7663338,9
474800,2.0849996,5
474840,14.7960005,18
474844,11.291002,23
474864,2.042,6
474868,13.163333,20
474876,38.286335,19
474900,28.123001,9
474904,29.175667,7
474916,6.226,18
474920,32.814335,13
474936,33.499664,9
474940,2.0483332,5
474968,6.7809997,13
474980,2.8136663,11
474984,12.156668,20
475024,2.9266663,10
475032,15.875334,16
475044,36.645332,16
475072,-0.55766666,7
475100,33.552334,17
475120,48.941666,45
475164,15.698333,35
475200,49.044,32
475208,6.8406663,22
475212,15.152666,28
475236,2.5556667,7
475244,26.717,11
475264,11.188335,25
475272,33.201668,15
475300,6.4186673,16
475332,9.352335,17
475336,31.956333,9
475348,48.718666,26
475356,11.18367,21
475368,28.593,9
475392,0.32866657,6
475396,34.970665,12
475444,17.339003,27
475496,6.8509994,13
475532,6.0163326,9
475532,14.614998,35
475536,29.545002,35
475552,26.884998,5
475556,24.825,5
475560,26.295666,7
475580,1.8683331,5
475584,5.039,7
475636,3.8743339,13
475652,7.1226664,18
475660,46.655663,27
475680,26.638332,5
475736,12.424668,14
475740,11.080668,22
475764,27.489,7
475804,43.493996,112
475816,34.849667,19
475832,0.76233333,7
475860,4.430333,11
475892,4.936,8
475892,68.607994,64
475908,7.0420003,36
475936,31.570333,11
475944,9.637667,13
475952,5.4136667,11
475964,0.34899998,7
475984,2.991667,5
475996,33.621002,13
476020,27.886333,9
476032,25.52333,20
476068,6.7096667,9
476100,29.369333,8
476124,13.290667,32
476148,53.30633,79
476176,31.814333,13
476192,45.197666,23
476208,4.179333,8
476216,31.37967,49
476228,28.598331,5
476264,11.579334,18
476276,18.550669,32
476284,-2.3383334,5
476288,8.298334,15
476304,26.162333,7
476316,12.108332,25
476316,8.816,8
476332,1.6056669,7
476348,1.3083332,15
476360,5.3756666,7
476396,13.263336,20
476412,16.168001,24
476416,6.615,5
476436,0.63166666,5
476436,16.439667,19
476480,3.0836668,11
476488,10.296333,19
476500,7.052,16
476500,27.778332,5
476520,5.1216664,5
476532,8.823668,11
476544,19.259674,49
476552,25.564999,5
476620,36.649666,19
476624,23.810335,31
476716,15.847666,23
476728,17.472332,27
476736,42.038666,46
476764,1.5823333,7
476772,47.08767,63
476772,10.404667,14
476808,5.353,9
476816,37.930664,22
476816,30.601,13
476844,1.8823333,7
476844,29.646334,9
476884,46.565666,17
476892,6.737333,12
476892,7.0873337,12
476912,2.879,7
476940,27.129,7
476952,10.008334,15
476960,25.938334,5
476964,10.892667,18
476988,60.30134,54
476992,1.449,7
477012,0.85500026,15
477044,2.5043335,13
477048,11.3983345,15
477048,5.859667,9
477088,5.2866664,10
477088,0.5870001,11
477124,5.8329997,9
477132,3.977,11
477136,33.34467,44
477152,-0.9983332,5
477160,2.0896664,9
477164,39.996338,29
477196,0.116333246,9
477260,36.058666,16
477308,52.842995,39
477328,32.46267,48
477344,32.392998,9
477352,29.882338,47
477356,2.992333,7
477384,4.8989997,7
477400,9.041333,14
477404,12.451001,13
477412,7.952333,7
477432,4.789333,8
477468,-1.1103337,9
477480,6.5230002,19
477504,77.967,61
477504,3.9763334,9
477528,35.064,12
477532,2.8456666,7
477560,28.002335,7
477564,5.6463327,9
477580,26.858334,5
477584,41.093338,20
477608,2.6586666,6
477636,11.654667,14
477640,11.146335,19
477660,26.445,5
477660,7.067666,13
477680,50.85233,67
477688,30.769001,7
477716,7.4896665,9
477724,11.557335,22
477740,5.6876664,13
477752,6.2196665,9
477780,18.026667,30
477784,10.055,15
477812,10.3983345,15
477812,4.6526666,8
477824,7.8699994,10
477848,25.985332,6
477856,29.140335,11
477876,6.0886664,16
477876,42.154667,34
477904,30.970667,12
477912,5.976335,9
477944,11.089002,17
477948,5.1629996,9
477960,8.544666,14
477984,2.0253334,6
478016,63.38066,42
478016,35.235664,17
478028,6.4870005,11
478032,19.447336,22
478044,1.809,7
478088,-0.9649997,15
478096,21.026669,20
478116,9.910335,21
478116,28.695667,7
478120,11.769668,19
478148,27.015667,7
478152,6.478,14
478156,7.1600003,10
478164,5.8939996,12
478172,3.2183332,5
478184,2.6950002,5
478200,0.48566663,7
478252,8.121333,24
478264,18.91967,29
478308,10.004667,14
478312,14.476002,28
478328,22.688667,36
478364,18.245003,25
478376,6.3623333,17
478380,5.1876664,13
478400,1.5296669,9
478420,33.750336,11
478424,20.995998,28
478448,26.835667,7
478468,8.535666,17
478484,4.1363335,9
478512,3.4523335,7
478536,26.782999,39
478536,19.502668,28
478544,1.4893334,8
478564,2.2283332,5
478564,2.309,7
478572,20.105335,26
478592,0.30900002,7
478608,38.07267,18
478628,7.0153327,16
478644,14.036,18
478648,28.111668,5
478672,11.228668,16
478676,19.993668,21
478692,24.404999,5
478716,-1.9913332,6
478744,17.611668,25
478768,30.684334,13
478772,27.889,7
478776,50.927334,32
478804,2.476,8
478808,14.691002,33
478828,6.2909994,13
478844,16.426334,19
478848,1.4566668,10
478848,2.2270002,11
478848,25.831665,5
478876,-0.22433323,7
478892,7.6103334,11
478924,5.877334,12
478928,32.889668,9
478952,47.452003,26
478956,40.782665,28
478980,2.5476663,13
479004,42.066666,20
479028,12.0563345,19
479104,3.700332,31
479108,45.619335,38
479128,34.066998,31
479128,20.758335,25
479184,2.7546668,14
479212,14.002003,26
479216,13.819334,28
479240,27.675667,7
479244,3.379,7
479280,9.989332,38
479292,30.637665,13
479300,14.013002,29
479340,31.631668,15
479360,13.379668,29
479380,35.590004,20
479400,3.145,5
479436,5.913,9
479452,19.224333,23
479488,43.369667,49
479492,30.533333,10
479500,49.509995,40
479508,25.458332,5
479524,-0.34133327,6
479536,10.018334,25
479568,-0.34366632,19
479604,3.3030002,9
479628,12.903334,30
479628,3.9986663,6
479640,19.565334,26
479664,3.843,9
479664,3.8596668,9
479684,0.56366646,11
479720,31.994667,14
479752,11.349002,17
479756,9.221001,23
479764,3.3936665,11
479772,25.878334,5
479784,30.429,7
479812,39.26733,72
479824,6.0816665,15
479832,3.9116669,15
479856,0.48700023,11
479856,1.566,18
479868,2.1203332,11
479892,32.599667,9
479896,0.12233353,7
479924,4.7389994,7
479972,33.444,12
479992,17.64667,40
480032,2.023333,10
480040,22.962,46
480044,20.836,38
480072,27.095665,7
480088,12.926335,29
480120,19.914003,22
480128,33.481335,14
480128,11.890667,22
480136,36.03733,12
480148,27.629,7
480156,-0.30766678,7
480164,1.0829998,9
480184,25.778332,5
480228,6.046,18
480240,36.205338,26
480260,27.878334,5
480264,5.4063334,9
480264,12.330001,20
480276,20.517334,32
480284,-1.8983334,5
480288,26.702333,7
480308,3.955,5
480348,7.4566665,10
480352,10.485668,17
480368,27.405,5
480416,29.285997,38
480436,27.711666,5
480460,13.644334,23
480496,65.265,55
480504,-2.6963334,11
480516,28.260336,41
480532,25.629,7
480540,3.0919998,6
480548,11.957667,13
480560,45.380333,31
480568,0.8956666,7
480588,26.889,7
480588,18.644669,14
480600,36.144333,13
480620,3.1526666,8
480624,4.2530003,9
480632,25.859333,8
480640,-1.8383332,5
480644,1.365,5
480664,2.3660002,8
480676,1.0163331,9
480704,4.529,7
480724,25.458332,5
480736,15.776003,18
480740,34.764336,43
480764,28.142334,7
480772,4.697333,12
480776,9.997665,33
480792,1.3749998,5
480792,6.0523334,7
480800,33.601665,15
480808,2.8726668,8
480820,5.972334,7
480828,26.829666,9
480840,5.2266665,10
480860,5.5410004,13
480872,3.9293332,8
480884,31.725334,16
480888,17.221666,15
480932,34.293667,11
480944,1.5216663,15
480964,37.87767,23
480976,0.6993332,8
480984,-0.9716667,5
481032,16.755003,25
481036,30.597668,13
481052,38.249336,48
481072,2.6750002,5
481072,0.36000013,10
481076,10.151668,25
481104,27.282665,8
481116,40.58,20
481136,3.7516668,5
481140,35.172333,17
481152,2.9830008,19
481156,5.7043333,13
481160,2.075,5
481184,2.5056665,7
481192,10.591333,14
481204,32.483665,11
481224,1.1416667,5
481236,29.693666,11
481236,4.321,13
481264,29.348999,7
481292,32.532333,17
481316,5.4610004,13
481316,38.33,20
481344,41.045998,48
481352,3.8263335,9
481356,-2.43,10
481364,12.519333,18
481384,-1.5483332,5
481388,-1.047,9
481404,0.7283335,5
481416,35.56167,15
481484,4.8723335,17
481504,31.643002,29
481520,54.788002,44
481524,26.138332,5
481532,2.850667,12
481548,47.665337,36
481560,30.982334,7
481592,-0.9406667,8
481592,8.039,17
481592,29.403667,11
481628,5.213,9
481652,4.798667,6
481664,15.33267,18
481700,16.829004,27
481740,37.701656,55
481780,8.150001,10
481784,48.793327,30
481800,2.2716665,5
481872,18.504,22
481900,21.188332,25
481908,72.048,64
481944,1.5996666,9
481948,3.0206668,12
481956,48.104664,64
481968,43.278,24
481984,3.0290005,7
482004,7.259666,9
482004,24.945,5
482008,9.668667,16
482028,7.7400017,20
482044,2.243,9
482076,11.434001,12
482092,6.857334,12
482108,5.876,8
482148,36.811333,14
482212,63.41066,52
482228,17.426668,30
482232,26.709,57
482232,11.753668,21
482240,27.069,7
482260,0.39833334,5
482264,1.8529996,9
482308,14.863001,19
482320,14.041668,15
482324,-5.645,15
482380,11.131666,15
482384,17.679667,19
482404,11.296668,20
482416,28.919666,9
482420,15.975665,47
482440,2.9496672,9
482444,4.4523335,7
482464,27.885,5
482476,3.9329996,9
482492,12.495668,27
482496,2.8996663,19
482532,1.7289996,17
482536,-3.003,11
482540,32.943665,11
482556,27.744999,5
482564,0.76533335,6
482572,5.6366663,10
482576,28.325,5
482584,33.705666,27
482592,3.5483334,5
482604,0.6223333,7
482604,26.878334,5
482628,5.742999,9
482632,13.419002,17
482688,9.5269985,21
482716,3.9423332,7
482740,11.305666,27
482768,29.141668,35
482780,6.2299995,10
482804,27.873001,9
482816,36.68433,53
482836,25.598333,5
482840,8.8550005,15
482860,19.908667,36
482864,26.202333,7
482884,32.360332,11
482884,-1.0283333,5
482936,24.317667,33
482936,6.344333,13
482940,36.996666,20
482992,5.0646667,14
483004,46.979996,30
483024,-0.6183332,5
483040,10.227333,12
483052,3.229,7
483072,20.574665,34
483080,28.982334,7
483088,27.402332,37
483092,25.818333,5
483156,45.393,29
483172,5.300333,21
483188,19.422333,27
483188,8.018002,24
483220,2.976,8
483248,9.075666,7
483256,7.382334,17
483272,40.048332,25
483292,28.773666,11
483308,10.001001,13
483312,1.565,5
483324,5.2643337,13
483360,33.26767,13
483364,34.661,13
483396,1.3829999,9
483440,31.583668,11
483452,17.327335,32
483480,49.236996,81
483488,49.553665,31
483496,10.524668,14
483508,7.2989993,7
483520,6.645667,17
483528,27.126667,10
483552,29.229332,8
483568,13.418335,15
483576,2.3139997,12
483580,10.547001,21
483592,2.1753333,6
483612,33.858334,15
483620,35.10367,11
483620,0.25666666,10
483680,3.290666,22
483680,10.598334,15
483680,14.492335,17
483708,4.6839986,22
483716,29.446333,9
483732,28.224333,13
483736,12.961334,14
483736,24.838333,5
483796,34.758667,16
483812,45.415333,26
483824,12.054001,22
483880,52.90867,36
483912,19.501669,25
483916,4.6029997,9
483924,24.740662,32
483932,0.6783333,5
483944,17.563334,30
483944,3.875,5
483956,6.8053336,6
483980,29.916332,9
483984,3.095667,7
483996,14.443332,20
484004,33.931667,15
484024,25.511665,5
484052,2.7046669,14
484056,13.896002,18
484076,1.3116667,5
484116,9.281002,23
484120,15.718333,35
484136,24.825,5
484152,40.413002,19
484164,32.547,11
484172,20.576668,30
484172,31.833,9
484204,27.842667,8
484216,32.520332,11
484264,12.632666,28
484284,26.505001,5
484296,14.894333,33
484312,11.075668,27
484344,8.854999,15
484364,0.41166663,5
484388,23.064333,23
484404,29.378996,47
484440,39.669666,19
484452,11.205,35
484500,13.040667,12
484524,47.479996,30
484536,6.536333,9
484572,39.592,46
484580,59.595,35
484620,9.757333,12
484652,3.8860002,8
484680,12.838335,25
484708,-0.45433354,7
484744,31.03166,55
484744,16.254335,23
484748,28.54,10
484772,4.2286663,6
484792,5.8740005,12
484792,29.857334,12
484808,62.642662,68
484812,25.471666,5
484816,4.8703327,11
484828,0.27499986,5
484848,2.222667,8
484856,11.125335,16
484876,2.1956663,7
484944,35.352333,17
484952,10.865001,35
484956,44.847336,32
484976,25.925,5
484988,7.120333,11
485000,57.795334,36
485012,34.785,15
485060,5.5826664,18
485076,35.05967,19
485096,22.06,30
485128,29.142666,8
485140,10.790003,20
485160,26.850334,21
485164,32.386333,9
485180,30.273998,42
485180,1.5816667,5
485208,7.7756667,17
485212,5.8993325,8
485216,5.783,9
485244,27.332333,7
485280,39.565666,17
485304,9.354666,24
485324,4.303667,11
485340,52.12133,44
485352,4.679,7
485356,43.569336,28
485360,26.318333,5
485388,7.410333,21
485408,32.484337,13
485420,3.4223328,17
485452,3.9303331,11
485492,1.3766665,10
485508,12.310668,22
485536,26.675667,7
485552,49.863667,41
485568,15.923003,19
485572,7.509667,9
485600,48.32666,60
485608,8.658,14
485628,30.198334,15
485636,3.2896662,9
485668,-0.56333303,10
485688,29.894333,13
485708,1.165,5
485712,16.611666,35
485716,11.717334,12
485720,43.586002,28
485740,0.12566674,7
485748,5.785667,7
485796,36.564,22
485816,10.642333,17
485864,16.775663,37
485872,14.309669,19
485892,1.2050002,5
485908,5.594333,23
485932,9.822332,17
485936,33.482998,49
485944,6.5263333,9
485972,26.875668,7
485980,16.75067,22
485996,2.5450003,15
486040,16.842335,27
486048,12.593,19
486056,7.241667,15
486076,4.1083336,5
486080,39.925,25
486116,27.639668,9
486116,16.376335,19
486156,3.5966663,10
486204,13.357334,22
486208,25.393332,40
486232,12.086336,19
486244,1.1463332,9
486264,31.852325,47
486296,33.245335,16
486300,18.11467,24
486324,29.949001,7
486336,14.614334,23
486356,12.927668,23
486360,4.2149997,15
486376,7.921,13
486380,25.931667,5
486384,27.309,7
486384,9.4973345,12
486404,1.2783333,5
486432,5.2976665,13
486432,34.948,14
486480,10.494,12
486488,36.625336,26
486500,1.2316668,5
486516,24.129328,28
486552,7.5496674,9
486552,8.704332,13
486576,1.9620001,6
486584,-0.25066662,8
486596,47.032337,27
486616,30.412003,46
486640,2.5686667,6
486652,9.505667,17
486688,6.054,12
486716,11.522001,16
486740,26.097002,41
486772,12.714667,14
486792,26.751667,5
486812,25.858334,5
486860,9.989999,30
486876,54.605675,47
486884,4.298667,6
486888,38.166336,19
486920,5.1569996,11
486924,33.773003,9
486932,5.100666,12
486944,96.54565,87
486944,0.10499978,5
486964,-2.2716668,5
486964,26.278332,5
486988,4.6313334,14
486992,-0.5073335,18
487000,0.2863338,9
487028,33.69967,9
487036,3.8796666,9
487048,26.938334,5
487052,9.082001,16
487056,15.691001,23
487084,3.789,7
487096,6.1903334,11
487124,-0.22433352,7
487168,24.890997,33
487188,21.538666,26
487192,4.9190006,17
487212,2.1483333,5
487232,36.055336,46
487276,35.150665,22
487284,42.58267,18
487308,49.385002,35
487312,36.003334,20
487332,3.3606672,12
487396,5.2286663,16
487416,16.975668,27
487416,25.325,5
487420,22.965336,36
487444,41.141,33
487496,31.596333,19
487516,36.849335,18
487536,8.883333,10
487540,17.923666,31
487544,21.777332,32
487552,6.3030005,9
487572,3.898333,5
487576,3.5333335,10
487608,31.049667,9
487612,13.342668,18
487620,12.700335,11
487644,4.1063333,9
487660,7.424,12
487664,27.005,5
487688,23.705332,36
487696,-0.21366668,9
487720,13.811668,25
487736,11.216001,18
487764,9.923001,19
487780,33.538334,15
487784,-1.7550001,5
487800,7.465333,16
487812,8.936,8
487828,25.409,7
487832,4.0673327,12
487844,3.039333,8
487880,7.7410016,13
487884,12.397669,13
487896,33.326664,50
487920,5.4263334,9
487928,10.350336,21
487952,7.6493335,18
487956,14.515002,15
487968,31.077333,12
487980,8.819001,7
487984,5.605666,7
487992,11.088667,16
488012,33.803665,11
488012,0.051666737,5
488012,28.668999,7
488028,3.5839996,12
488040,3.582333,7
488056,5.310333,11
488068,26.535667,7
488084,10.948001,14
488088,10.422999,19
488096,6.883333,10
488144,32.297333,12
488152,7.5920005,16
488156,35.856,18
488164,3.8516665,5
488188,5.359667,9
488200,14.771001,33
488208,4.8103333,11
488248,29.779999,10
488252,10.118668,16
488284,46.820663,32
488292,3.5570002,11
488292,30.96,10
488328,4.0530005,9
488356,18.522999,39
488356,36.235336,16
488376,4.2006664,12
488384,2.6656668,7
488392,4.983,9
488400,3.9219997,6
488412,19.490664,32
488432,26.425,5
488440,7.8233337,10
488460,1.0656667,7
488472,38.386665,20
488492,4.7060003,8
488500,4.012334,7
488620,51.819668,59
488620,28.946665,30
488652,28.009335,8
488672,27.295002,45
488688,1.2363334,9
488696,41.453003,19
488724,6.636333,9
488732,10.798335,15
488732,28.406334,9
488756,8.479334,8
488760,3.4256666,7
488776,3.0249996,5
488788,46.455658,87
488800,30.446667,10
488872,16.901335,24
488888,15.031667,25
488908,5.215,5
488912,22.232668,28
488920,50.62233,47
488988,6.8263345,19
489004,13.674667,24
489016,27.20867,36
489056,10.245667,17
489056,31.36,10
489068,20.038998,37
489112,23.742334,27
489112,10.923667,11
489144,17.940668,22
489156,7.333667,11
489156,11.201669,25
489164,5.837667,13
489200,28.773666,11
489200,9.226999,11
489200,5.279667,9
489204,4.4750004,15
489252,0.010999918,13
489256,8.704667,14
489296,11.693334,10
489296,45.647667,23
489304,8.867666,13
489332,2.5730002,9
489332,10.323001,9
489340,4.0196667,9
489348,25.719,37
489388,2.9666667,10
489400,12.445002,15
489428,2.9889998,7
489448,18.282997,29
489476,12.090669,22
489492,49.926666,40
489508,10.243334,20
489512,36.332,16
489520,5.007,11
489528,2.9183335,5
489540,2.2623334,7
489548,6.678,14
489548,3.9990003,7
489588,6.517333,12
489608,4.2016664,15
489608,3.0216668,5
489624,15.114668,24
489644,-1.0616667,5
489644,29.063,9
489668,10.151668,15
489684,3.2833333,10
489704,4.298333,15
489704,5.1196656,9
489736,54.745667,47
489740,7.728,14
489740,-0.1503334,9
489760,1.865,5
489772,-0.7570001,9
489788,1.0056666,7
489808,29.093,9
489828,19.830336,31
489836,12.581334,24
489836,10.514,12
489864,27.848999,7
489876,34.224,12
489884,4.0783334,5
489892,0.82133317,14
489912,19.192001,26
489916,26.411999,6
489920,0.39033365,11
489932,31.327335,12
489932,0.4816668,5
489952,0.6049999,5
489956,4.5733333,10
489976,29.617,11
489988,1.5663334,9
489996,27.818333,5
490008,0.79833317,5
490032,38.363003,19
490064,30.809334,8
490092,10.424668,24
490100,3.5996668,9
490100,32.071663,45
490136,5.443,9
490140,9.877334,12
490156,1.5316665,5
490160,2.7083333,5
490216,32.665,15
490244,34.30634,59
490256,35.56633,39
490264,3.157334,12
490276,3.315,5
490284,-2.5616667,5
490300,22.928335,35
490312,-1.0643333,7
490316,35.999332,18
490320,1.4083333,5
490324,30.844,12
490340,4.2616663,5
490340,3.6856666,7
490360,0.38166666,5
490440,12.306668,20
490452,19.790668,32
490492,54.764656,44
490512,-0.56499994,5
490516,11.165334,16
490516,4.849667,19
490536,1.1516669,5
490556,29.966667,10
490568,7.351332,14
490580,61.36,60
490592,3.4096663,9
490600,26.605,5
490616,9.096665,20
490620,-0.21833336,5
490628,9.313001,9
490664,5.3073335,12
490664,1.2963332,9
490668,0.5406668,12
490684,26.231667,5
490708,3.610333,11
490712,7.6736665,11
490756,9.306001,18
490760,36.080666,12
490772,23.943668,51
490776,25.585,5
490800,42.271004,23
490804,0.92366624,11
490824,2.8349998,5
490828,31.895666,7
490848,10.973,19
490848,0.21499991,5
490860,14.887002,21
490884,0.082999945,9
490896,6.580666,12
490928,1.5569999,11
490944,31.810665,12
490976,5.462666,8
491008,20.292332,37
491012,29.906334,9
491016,25.556004,48
491024,39.261337,24
491048,6.1633334,10
491052,3.9900002,10
491076,14.954336,13
491080,5.355666,7
491080,7.926,8
491108,11.617666,23
491116,29.719666,9
491132,5.8143334,13
491140,0.9586668,6
491200,7.484998,15
491232,45.645,25
491232,17.046999,31
491260,0.8656666,7
491296,9.202,16
491320,7.380001,30
491324,8.525333,16
491376,2.261,13
491392,33.99267,18
491420,54.49533,86
491436,34.71833,15
491484,35.309002,47
491540,18.955671,37
491584,47.518997,37
491588,38.69867,26
491600,45.388332,45
491604,38.902,16
491628,2.9289994,7
491652,27.418667,6
491668,14.413668,21
491676,25.845333,6
491712,29.709667,9
491716,4.954,12
491732,0.925,5
491748,24.103333,40
491768,0.10500002,5
491776,2.0503333,11
491824,34.008335,55
491832,35.575333,16
491832,22.323,29
491844,34.299,17
491852,-1.485,5
491852,1.2883332,5
491856,2.0159998,8
491872,3.3416667,5
491880,4.148667,6
491940,5.942333,17
491940,7.7483335,15
491984,3.3769999,11
491992,53.319,37
492016,5.909333,8
492048,2.0226665,8
492064,46.413666,31
492084,38.992672,58
492096,21.868666,26
492112,3.1120002,16
492132,5.1306663,12
492140,3.8903334,11
492140,2.242333,7
492188,7.164667,14
492256,11.423002,29
492292,40.432003,26
492312,1.3916667,5
492312,34.32067,62
492344,39.184,22
492348,6.269666,9
492364,5.434333,13
492404,9.398,14
492404,8.483334,10
492416,11.082667,18
492420,62.05667,70
492436,0.8726666,8
492448,2.1089997,7
492464,5.708334,15
492472,27.653,9
492496,14.940002,20
492496,7.2093334,8
492548,5.291,13
492552,41.998665,26
492584,17.689331,28
492604,41.665672,27
492612,1.0623335,7
492632,0.44500017,5
492640,37.39733,22
492664,3.3753335,6
492668,34.833336,30
492672,8.535669,17
492700,10.595665,17
492716,31.577333,12
492728,27.635666,7
492732,8.098333,15
492760,32.697,11
492764,3.1663334,9
492780,10.580668,12
492800,1.1216667,5
492820,23.943005,39
492840,30.779999,10
492892,48.334,32
492912,8.864332,23
492912,17.182667,38
492920,27.115665,7
492964,4.460334,11
492976,30.795334,16
493000,25.839998,40
493008,7.7159996,8
493020,33.461334,14
493040,6.43,10
493044,7.296333,9
493072,4.0756664,7
493076,26.373667,41
493084,26.313667,11
493096,-0.0016667843,5
493108,30.826332,9
493112,5.5523334,7
493120,8.764999,25
493172,1.6576668,13
493228,13.011333,14
493252,49.745003,35
493276,4.484,12
493300,68.91033,51
493344,15.092337,17
493352,4.2076664,13
493356,14.412002,26
493364,26.165,5
493384,-1.1816667,5
493404,35.347668,13
493408,42.15499,75
493412,7.1656666,7
493420,10.238668,16
493428,-1.2216668,5
493456,28.219666,9
493464,34.268333,15
493476,-1.0150001,5
493488,8.356335,19
493532,3.0769997,11
493536,41.239,27
493600,17.947998,34
493604,23.65067,32
493608,8.429333,18
493612,16.183334,20
493628,0.67900014,7
493648,29.506332,9
493664,10.504667,14
493664,12.048333,15
493688,28.573334,10
493692,3.2523334,7
493712,25.598667,6
493712,-0.021666884,5
493728,37.048668,16
493756,6.8870006,11
493760,15.941001,33
493776,9.394,12
493812,36.017998,14
493816,6.924667,14
493820,33.457,11
493824,18.172668,28
493840,1.1556668,7
493840,1.9683336,5
493848,25.905333,6
493896,9.306667,20
493920,39.4,20
493940,6.3069997,11
493944,27.265333,6
493956,12.456336,29
493988,51.31833,35
494008,8.764334,13
494016,5.162666,18
494072,7.105333,16
494088,29.272667,18
494096,0.6253333,6
494116,12.591336,44
494128,8.323334,10
494132,29.912,36
494148,34.374332,13
494168,3.9896665,9
494188,-0.62166655,5
494200,13.29367,21
494208,8.656666,20
494212,7.442,16
494216,28.955666,7
494240,1.7656666,7
494244,29.326334,9
494252,7.223,9
494256,7.9280005,14
494260,1.3416667,5
494276,26.945,5
494292,3.373333,10
494296,4.277666,13
494304,-0.14766645,7
494328,0.14866674,6
494332,4.289666,9
494348,1.4583333,5
494360,8.469002,17
494380,46.36,30
494384,26.309666,9
494388,4.725667,7
494408,1.0783335,5
494424,26.400333,11
494436,27.935665,7
494440,9.451335,14
494448,20.84633,29
494468,6.239,7
494476,-0.8876667,7
494488,42.398666,16
494532,11.667,11
494544,35.722336,17
494560,-0.43433332,7
494580,30.112999,9
494596,6.209666,9
494600,1.0583334,5
494604,54.664,42
494620,22.44933,38
494624,2.819,7
494644,24.931667,5
494656,32.881,13
494664,7.6870003,11
494700,0.12299991,9
494700,47.958336,25
494720,2.558333,5
494728,-0.421,7
494772,6.067,11
494804,43.099,37
494816,53.791,43
494824,10.568668,26
494840,7.249666,9
494844,5.7556663,7
494852,0.57566667,7
494916,33.223,19
494920,5.5856657,17
494944,-0.22099996,7
494988,60.97133,54
495032,7.2070007,11
495044,46.86,50
495068,8.296333,9
495076,27.479668,39
495096,5.927666,13
495108,25.787,41
495116,1.3149999,5
495116,4.08,10
495124,33.57467,14
495128,0.5716667,5
495144,-0.87499994,5
495164,26.904999,5
495180,36.375336,16
495192,29.962,16
495208,2.4690003,7
495208,6.417,11
495228,3.9696667,9
495248,4.0000005,10
495264,43.979004,37
495264,0.36966658,9
495268,3.2549999,5
495288,2.4416666,5
495296,35.007336,22
495324,29.459667,9
495328,3.2959995,8
495376,9.457334,12
495384,49.406666,30
495392,7.965667,17
495412,23.965666,37
495452,7.1323333,17
495468,5.9930005,19
495488,26.918333,5
495560,11.659335,18
495568,44.973,39
495580,5.9016666,5
495584,52.23733,52
495604,6.1663337,9
495608,3.4790003,7
495644,29.013,9
495648,12.178667,16
495664,53.321,53
495692,-3.0643332,7
495704,3.271334,14
495712,11.685668,17
495724,28.491667,5
495736,0.24033308,11
495752,0.40899992,7
495768,18.800333,41
495772,4.6363335,9
495792,3.636667,10
495800,30.376,8
495812,2.6483333,5
495856,22.152002,36
495864,33.344334,23
495876,8.928667,16
495892,-0.07099986,7
495896,26.585,5
495908,1.8810004,13
495916,25.725,5
495940,3.5193334,8
495944,40.882004,36
495956,4.9866657,10
495968,38.126335,19
495972,3.3859997,8
495972,28.042334,7
495984,1.2123333,7
495992,0.024999857,5
496000,27.249,7
496004,26.651667,5
496012,0.5283334,5
496020,6.504333,13
496028,5.1386666,6
496040,3.6290002,7
496056,3.5463336,9
496056,34.928,14
496072,30.102665,8
496084,27.975666,7
496092,27.811666,5
496120,10.264332,23
496120,2.5156665,7
496164,30.480333,11
496172,50.229668,29
496184,33.652,16
496200,5.9096665,9
496204,4.4149995,5
496228,5.578667,36
496236,29.306332,9
496256,26.915667,7
496324,14.966671,30
496368,21.792667,28
496388,24.404999,5
496400,10.073001,19
496404,49.694,42
496412,35.88666,60
496432,3.4926665,8
496452,1.0949998,5
496468,35.902,16
496500,45.596,28
496504,8.643001,9
496524,11.409333,28
496552,34.734,12
496560,5.6263337,9
496596,9.574666,24
496612,35.221,13
496644,10.981003,23
496672,61.12166,55
496692,14.353333,20
496700,-0.047666788,7
496720,2.2856667,7
496752,31.647667,13
496768,2.4306664,12
496812,30.470333,11
496820,3.6756666,17
496832,27.205,5
496852,3.4816668,5
496856,22.627666,53
496900,86.51199,76
496940,20.160002,30
496948,39.287666,23
496948,13.754665,24
496976,-1.111,7
497004,3.2756662,7
497032,16.531,23
497044,11.664668,24
497048,30.018997,37
497076,31.982666,18
497088,29.750332,11
497104,10.797999,14
497112,45.27,20
497120,6.379333,8
497160,6.6579995,14
497168,47.324333,23
497176,2.1113334,14
497180,26.345,5
497208,40.07467,24
497228,13.891668,15
497256,4.3223333,7
497280,37.808666,26
497288,26.962666,8
497296,6.7639995,22
497308,-0.60833323,5
497348,9.519001,17
497360,9.135334,16
497376,0.6723335,7
497400,43.934334,23
497408,32.184002,12
497420,27.185,5
497444,11.455668,17
497452,2.0893335,8
497464,40.02033,71
497468,33.035,15
497488,8.943666,11
497504,3.6630003,9
497512,4.118333,15
497532,-0.39166653,5
497532,5.172333,7
497544,3.6646674,14
497552,-1.4183333,5
497584,10.9400015,10
497588,7.3246675,14
497604,1.785,5
497624,7.672667,18
497636,51.107666,43
497664,39.626335,19
497668,9.735334,16
497684,26.251667,5
497688,24.325,5
497700,13.8463335,19
497704,34.085667,17
497728,6.789001,7
497732,4.690666,12
497748,3.8216665,5
497772,28.573334,10
497812,39.961998,16
497812,7.6669984,31
497816,47.556,28
497836,35.47867,16
497848,4.3196664,9
497860,3.4169998,11
497880,2.6336668,11
497888,3.6233335,10
497892,7.1226673,8
497900,38.647335,22
497924,-0.4536667,9
497924,0.6070001,11
497928,27.848999,7
497936,30.977,11
497956,0.7183333,5
497976,3.231,13
497992,6.679,17
497996,1.2883333,5
498008,14.903334,20
498016,6.528333,15
498020,5.785667,7
498060,3.76,10
498084,16.114,22
498088,30.375668,7
498112,29.895666,7
498132,12.159667,29
498176,6.8903337,11
498208,52.333336,50
498228,25.431667,5
498264,2.4006662,22
498284,26.478333,5
498308,35.673,49
498312,34.635338,56
498332,28.052,6
498344,5.315,15
498368,30.588335,35
498368,6.8079996,14
498404,30.066334,9
498408,9.83,10
498428,19.794666,24
498436,1.7689999,7
498444,7.631668,25
498456,28.258333,5
498472,26.162334,7
498492,13.244,22
498500,0.4289999,7
498520,5.1689997,7
498524,37.494667,24
498544,4.797,11
498548,14.0443325,23
498552,25.605667,7
498576,24.985332,6
498584,7.1719995,16
498588,4.6203337,11
498596,-0.825,5
498616,0.40266633,8
498636,-0.37833333,5
498644,9.124667,24
498696,14.295,25
498748,8.224333,13
498756,16.092669,28
498768,28.425,5
498784,5.9190006,7
498812,29.402332,7
498836,24.926664,50
498848,2.0933332,20
498876,45.29067,72
498880,39.489,17
498892,11.508,14
498900,36.58767,13
498912,7.063,9
498936,7.4646683,14
498940,5.6839995,12
498964,32.058666,16
498980,6.2599998,10
498996,4.158333,15
499004,28.326668,10
499024,13.109335,28
499024,2.3656666,7
499024,28.883667,11
499024,26.505001,5
499044,27.418333,5
499052,3.1956668,7
499092,33.407333,12
499096,33.690334,11
499108,40.693665,21
499128,35.322,26
499140,28.563667,11
499140,1.2626668,8
499156,3.0586665,16
499160,27.702665,8
499168,1.2223334,7
499176,0.36833334,5
499192,26.296,8
499208,7.995667,17
499256,10.58,20
499284,1.1723332,7
499304,25.491667,5
499312,51.073334,30
499328,21.690002,30
499368,12.131334,14
499376,29.237333,12
499400,46.047997,24
499412,31.600348,61
499420,6.881,13
499444,2.5593333,8
499464,9.415333,16
499488,10.602335,17
499508,3.7119992,16
499532,6.789,17
499552,15.085335,16
499576,31.637001,11
499604,2.3523335,7
499616,36.346664,60
499616,40.998665,16
499624,15.489664,29
499640,4.8496666,9
499672,7.328001,14
499672,9.100666,12
499676,33.701668,15
499692,1.0250001,5
499704,-1.154,8
499720,15.066667,20
499748,31.330332,11
499788,4.065667,17
499800,9.950333,31
499820,25.951668,5
499824,31.099667,9
499880,30.548332,15
499928,52.09967,59
499944,11.382,16
500020,38.40633,49
500032,16.935333,26
500032,59.697006,71
500060,-0.1609999,7
500092,13.425664,37
500104,29.710333,11
500124,0.6783333,5
500132,22.555,25
500140,8.860668,12
500168,3.119,7
500180,9.128,14
500208,25.039003,47
500208,25.855667,7
500216,11.227333,12
500224,4.801001,23
500252,1.0870001,11
500288,12.09,20
500296,29.903667,11
500324,3.2496665,9
500328,1.3726666,8
500348,-0.52166677,5
500360,60.288666,36
500380,26.253002,39
500396,13.632669,18
500400,4.87,10
500424,5.7370005,11
500440,29.663666,11
500440,2.4466667,10
500460,37.109333,28
500492,0.4693333,8
500492,35.975666,17
500496,10.334668,14
500528,32.072998,9
500528,1.7860004,8
500556,28.055666,7
500576,-0.25499988,5
500584,9.041334,14
500624,55.075333,46
500628,3.257667,13
500652,-2.8543334,7
500656,26.87033,41
500704,11.641002,13
500720,2.472,16
500724,-0.008333683,5
500724,38.291336,24
500732,61.002342,37
500760,9.003,9
500780,4.021667,15
500804,9.059336,18
500852,18.857336,32
500852,9.626002,18
500852,37.844,12
500864,20.758667,26
500872,1.2316668,5
500900,7.367333,12
500928,1.9020002,16
500948,16.541336,24
500972,10.296001,18
501012,33.53533,16
501016,19.620665,22
501040,49.224003,42
501088,41.506332,19
501088,42.763,29
501104,42.490665,22
501132,31.723667,11
501152,37.868668,16
501156,3.6643333,13
501168,-0.056999803,9
501180,-0.35766655,7
501196,29.473333,10
501216,30.526333,9
501252,16.103668,21
501312,42.306015,68
501316,31.845333,16
501324,15.760668,32
501328,47.029335,28
501336,3.1216664,5
501340,28.162333,7
501360,1.112,6
501380,34.22767,13
501416,9.5130005,19
501428,6.5186663,26
501448,11.364,22
501504,9.800667,22
501572,15.439002,17
501592,50.013668,41
501612,27.78367,41
501620,25.153337,60
501624,7.727668,13
501632,0.47833323,5
501640,1.1216666,5
501676,38.010334,21
501676,7.5429997,9
501684,30.461,13
501696,-2.3073335,18
501696,1.8449998,5
501732,30.799667,9
501732,31.637333,12
501752,-0.445,5
501776,8.086999,11
501796,25.271667,5
501800,49.187004,31
501804,23.808998,27
501824,33.556,18
501868,6.672335,17
501876,6.1976666,13
501888,-0.3316667,5
501888,12.777001,21
501904,20.012331,27
501908,3.8016667,5
501924,7.9083323,5
501924,27.356333,9
501940,4.689333,8
501960,29.799667,9
501992,6.047667,13
501996,2.779667,9
502020,0.8556665,7
502052,6.6106668,32
502052,2.9980001,14
502080,13.468334,15
502084,0.8426666,8
502104,41.112328,57
502108,3.5989997,7
502128,8.880334,11
502140,7.1130004,9
502148,13.121335,24
502180,27.593334,10
502208,46.948334,25
502228,2.3883333,5
502232,5.2843337,13
502256,19.355667,27
502268,6.8399997,10
502292,4.3650007,15
502312,-0.09499997,5
502320,24.405996,48
502344,10.953001,19
502372,50.79633,29
502400,7.3800006,20
502420,1.3806666,12
502424,7.4893327,28
502428,14.7803335,21
502436,4.803,9
502440,26.891666,5
502456,29.375668,7
502460,2.8720002,6
502464,-0.8313333,6
502480,33.988,14
502484,25.378334,5
502500,6.5599995,10
502548,2.367333,12
502568,25.998333,5
502596,22.322668,28
502600,7.0826664,8
502640,38.390335,11
502664,44.427334,52
502688,34.464,12
502704,20.735334,26
502720,33.081333,14
502728,38.690666,62
502744,33.13333,10
502748,2.3483334,5
502760,31.373335,10
502772,3.7990003,7
502776,28.209,7
502804,3.9826665,8
502844,7.903665,21
502860,8.687,21
502884,6.0166674,10
502896,1.0463333,9
502916,-0.12166667,5
502928,9.760333,31
502968,9.434335,13
503012,36.320335,21
503080,101.91266,98
503100,39.821342,54
503112,17.205,25
503116,6.876334,9
503120,19.419333,38
503132,4.8016667,5
503148,1.079,7
503152,5.7130003,9
503168,0.11833334,5
503192,6.3233333,10
503200,35.70233,17
503200,2.5126662,8
503228,7.3063335,9
503248,1.948333,5
503268,13.599,17
503296,21.868002,24
503332,45.196,58
503336,3.7933338,10
503368,9.368333,25
503388,2.0076666,13
503396,36.248665,16
503404,24.439665,39
503412,0.6503334,11
503428,28.926666,10
503440,0.67233336,7
503464,30.353,9
503472,6.192999,19
503568,14.052001,26
503580,31.851337,44
503596,24.060333,31
503600,29.522667,8
503612,4.6660004,8
503624,28.689,7
503640,1.2523336,7
503644,31.610332,11
503660,0.29833317,5
503664,2.7433333,10
503668,60.135666,57
503684,4.4066668,10
503688,2.2216666,5
503696,27.866333,9
503724,6.365667,7
503744,8.148333,15
503744,6.9146667,14
503760,14.211336,24
503768,2.2836664,11
503780,4.833,9
503812,3.9660006,8
503812,8.607668,13
503820,5.177666,13
503836,3.3153334,6
503848,0.8323334,7
503852,42.559,27
503872,8.0250025,15
503900,1.7756668,7
503900,11.877666,13
503920,18.660334,21
503968,18.579668,29
503988,8.995669,17
503988,13.827333,22
504012,20.276001,28
504036,8.867332,12
504044,18.834667,14
504064,1.1290002,7
504088,2.653667,11
504108,5.423666,11
504140,27.574333,43
504176,25.717001,41
504196,28.791332,14
504196,2.3483334,5
504264,32.355667,17
504276,34.270664,42
504320,31.84266,58
504352,11.453999,22
504360,26.16033,41
504368,5.997333,12
504368,19.491001,23
504388,27.022333,7
504408,-1.0,10
504424,10.386001,18
504432,1.6070001,11
504444,5.8663335,9
504456,40.580666,22
504460,5.6563334,9
504476,26.718334,5
504508,15.856335,19
504520,32.443665,11
504524,33.026665,20
504548,11.679999,10
504556,12.641333,24
504560,26.376333,9
504588,1.8490002,7
504600,8.534334,13
504620,5.6883335,5
504632,8.699666,19
504632,4.407,11
504648,28.369,7
504652,29.224998,5
504660,30.705002,35
504660,4.649,7
504672,1.6053333,6
504684,-2.3313334,6
504688,26.652332,7
504708,26.744999,5
504716,4.550333,11
504720,29.413,9
504728,-1.7616668,5
504736,2.645,5
504748,2.949,7
504756,43.202,26
504768,10.323336,10
504768,2.8449998,5
504796,31.616665,10
504808,6.4799995,10
504840,7.997,11
504868,6.771666,15
504888,19.50267,38
504932,11.784334,23
504936,31.924,12
504972,4.2563334,9
504996,11.135334,16
505040,35.060993,43
505052,30.951332,14
505060,2.3683333,5
505080,27.811666,5
505096,4.550333,11
505108,31.569,7
505148,24.481333,44
505176,9.042333,17
505200,10.820999,13
505208,46.11934,28
505216,62.687336,112
505220,27.098333,5
505228,35.36767,13
505228,-0.4849999,5
505240,4.592,6
505248,-0.74166673,5
505248,3.6290002,7
505260,24.798332,5
505264,5.223,9
505272,25.978666,6
505296,27.839666,9
505300,-0.9676666,7
505352,41.544,22
505364,15.872334,17
505376,14.572999,19
505384,46.811333,34
505400,31.459667,9
505404,1.815,5
505428,2.0023332,7
505444,5.690999,23
505444,34.41567,17
505448,26.345,5
505464,3.9016669,5
505480,31.439667,9
505516,8.626001,28
505528,8.345334,16
505568,34.73,30
505584,5.7456665,17
505592,49.882668,28
505604,26.218334,5
505620,6.6289997,7
505624,1.4083334,5
505624,6.4280014,24
505644,3.155,5
505672,9.165335,26
505672,27.149,7
505680,7.6916656,15
505700,0.029000044,7
505720,31.433334,10
505736,47.249332,28
505740,26.691666,5
505760,25.871666,5
505768,33.639,17
505768,27.942665,8
505780,25.858334,5
505792,10.036668,30
505824,38.084667,14
505828,2.9840002,12
505836,13.100334,11
505852,3.8956666,7
505872,24.298332,5
505896,4.7149997,15
505924,12.8046665,24
505924,21.532997,39
505924,5.7510004,13
505940,4.5569997,11
505952,31.255665,7
505972,3.895,5
506020,5.8066664,20
506032,19.302332,27
506052,12.856667,20
506088,36.278,14
506100,17.674665,44
506108,-1.3883332,5
506124,14.05267,18
506124,3.4486666,6
506128,0.16499996,5
506152,0.6223333,7
506156,27.062332,7
506176,-0.35833347,5
506184,4.5526667,8
506208,29.39234,47
506212,6.5796666,9
506220,5.0396667,9
506236,26.875668,7
506268,0.4693333,8
506288,6.782334,17
506308,40.598663,46
506308,26.358334,5
506340,48.790665,32
506352,3.9570003,11
506368,10.348333,25
506396,16.484,22
506412,9.078335,15
506416,9.194001,12
506420,15.696668,20
506440,4.282333,7
506460,9.565333,16
506464,8.550667,12
506468,6.265667,7
506492,17.206001,18
506496,30.973,9
506504,2.6863337,9
506504,7.153333,10
506516,1.6816665,5
506532,5.919,7
506532,5.6366673,10
506540,2.4029999,9
506572,30.779999,10
506580,36.192,16
506640,21.902332,27
506644,8.895334,16
506644,22.965338,26
506660,1.7349999,5
506680,31.293,9
506684,4.7286663,6
506692,22.109999,30
506696,9.044333,13
506700,4.548333,5
506724,28.922333,7
506736,1.4263334,9
506744,9.581667,15
506756,4.0216665,5
506780,9.937334,22
506796,14.465999,18
506808,27.362333,7
506808,8.8653345,16
506828,1.1716666,5
506848,25.378334,5
506908,18.006004,28
506908,40.668335,25
506936,43.097336,22
506944,3.493,9
506948,6.7866664,10
506956,-1.5950001,5
506960,63.81034,51
506968,27.911667,5
506984,4.179,7
506996,5.112334,7
507016,3.2393336,8
507044,27.982334,7
507044,4.7803335,21
507072,4.319,7
507084,6.1673326,22
507092,20.512335,37
507092,6.8673325,12
507100,-2.8776667,7
507128,9.342999,9
507136,7.6243334,13
507228,20.200998,23
507236,30.015337,36
507252,20.173668,31
507260,24.852,6
507308,32.448,14
507324,9.252001,16
507324,62.561996,56
507348,5.4953337,6
507364,20.288,34
507372,3.4606667,12
507384,10.546335,19
507396,-0.83266664,12
507400,30.932999,9
507400,-2.4676666,7
507404,0.6950002,5
507420,0.3216666,5
507424,-0.25766653,7
507424,-2.215,5
507428,1.4956667,7
507444,2.3683333,5
507472,0.4156667,7
507508,6.179667,9
507524,36.655,25
507532,26.758667,6
507540,45.582664,28
507552,2.6049998,5
507560,2.4896665,9
507560,51.611664,35
507580,2.8883333,5
507596,1.5929998,9
507600,4.1116667,15
507620,3.0886667,6
507648,8.344668,24
507668,4.848333,5
507668,12.777335,22
507668,29.924,12
507688,1.4983332,5
507720,36.940002,30
507764,20.181334,24
507772,35.613667,21
507836,10.086,18
507852,33.86667,20
507868,61.750008,50
507872,29.039665,9
